Machine model: Mac14,9
OS version: 26A5425a
Boot arguments: 
Boot time: Sun Sep  6 08:32:22 2026



*** Sampled system activity (Fri Sep 18 19:08:19 2026 -0700) (507.26ms elapsed) ***


**** Processor usage ****

E-Cluster Online: 100%
E-Cluster HW active frequency: 2271 MHz
E-Cluster HW active residency:  96.50% (912 MHz: 6.3% 1284 MHz: 1.5% 1752 MHz: 3.1% 2004 MHz: 3.4% 2256 MHz: .03% 2424 MHz:  82%)
E-Cluster idle residency:   3.50%
E-Cluster down residency:   0.00%
CPU 0 frequency: 2250 MHz
CPU 0 active residency:  55.74% (912 MHz: 3.8% 1284 MHz: 1.2% 1752 MHz: 2.6% 2004 MHz: 2.0% 2256 MHz: .01% 2424 MHz:  46%)
CPU 0 idle residency:  44.26%
CPU 0 down residency:   0.00%
CPU 1 frequency: 2250 MHz
CPU 1 active residency:  46.95% (912 MHz: 3.6% 1284 MHz: .52% 1752 MHz: 2.2% 2004 MHz: 1.5% 2256 MHz: .01% 2424 MHz:  39%)
CPU 1 idle residency:  53.05%
CPU 1 down residency:   0.00%
CPU 2 frequency: 2275 MHz
CPU 2 active residency:  43.71% (912 MHz: 2.8% 1284 MHz: .34% 1752 MHz: 1.9% 2004 MHz: 1.5% 2256 MHz: .01% 2424 MHz:  37%)
CPU 2 idle residency:  56.29%
CPU 2 down residency:   0.00%
CPU 3 frequency: 2168 MHz
CPU 3 active residency:  32.13% (912 MHz: 3.9% 1284 MHz: .67% 1752 MHz: 1.8% 2004 MHz: .74% 2256 MHz:   0% 2424 MHz:  25%)
CPU 3 idle residency:  67.87%
CPU 3 down residency:   0.00%

P0-Cluster Online: 100%
P0-Cluster HW active frequency: 3142 MHz
P0-Cluster HW active residency:  53.01% (702 MHz: .04% 948 MHz: .62% 1188 MHz: .64% 1452 MHz: 1.5% 1704 MHz: 1.7% 1968 MHz: 1.2% 2208 MHz: 1.2% 2400 MHz: .63% 2568 MHz: 1.3% 2724 MHz:   0% 2868 MHz: .62% 3000 MHz:   0% 3132 MHz:   0% 3264 MHz: .75% 3360 MHz:  13% 3408 MHz:  20% 3504 MHz:  10%)
P0-Cluster idle residency:  46.99%
P0-Cluster down residency:   0.00%
CPU 4 frequency: 3435 MHz
CPU 4 active residency:  29.64% (702 MHz: .03% 948 MHz:   0% 1188 MHz:   0% 1452 MHz: .46% 1704 MHz: .56% 1968 MHz:   0% 2208 MHz:   0% 2400 MHz:   0% 2568 MHz:   0% 2724 MHz:   0% 2868 MHz:   0% 3000 MHz:   0% 3132 MHz:   0% 3264 MHz:   0% 3360 MHz:   0% 3408 MHz:   0% 3504 MHz:  29%)
CPU 4 idle residency:  70.36%
CPU 4 down residency:   0.00%
CPU 5 frequency: 3502 MHz
CPU 5 active residency:  18.25% (702 MHz: .01% 948 MHz:   0% 1188 MHz:   0% 1452 MHz: .00% 1704 MHz:   0% 1968 MHz:   0% 2208 MHz:   0% 2400 MHz:   0% 2568 MHz:   0% 2724 MHz:   0% 2868 MHz:   0% 3000 MHz:   0% 3132 MHz:   0% 3264 MHz:   0% 3360 MHz:   0% 3408 MHz:   0% 3504 MHz:  18%)
CPU 5 idle residency:  81.75%
CPU 5 down residency:   0.00%
CPU 6 frequency: 3502 MHz
CPU 6 active residency:  11.63% (702 MHz: .01% 948 MHz:   0% 1188 MHz:   0% 1452 MHz:   0% 1704 MHz:   0% 1968 MHz:   0% 2208 MHz:   0% 2400 MHz:   0% 2568 MHz:   0% 2724 MHz:   0% 2868 MHz:   0% 3000 MHz:   0% 3132 MHz:   0% 3264 MHz:   0% 3360 MHz:   0% 3408 MHz:   0% 3504 MHz:  12%)
CPU 6 idle residency:  88.37%
CPU 6 down residency:   0.00%

P1-Cluster Online: 100%
P1-Cluster HW active frequency: 3366 MHz
P1-Cluster HW active residency:  92.23% (702 MHz: .02% 948 MHz:   0% 1188 MHz:   0% 1452 MHz:   0% 1704 MHz: .44% 1968 MHz:   0% 2208 MHz:   0% 2400 MHz:   0% 2568 MHz:   0% 2724 MHz:   0% 2868 MHz:   0% 3000 MHz:   0% 3132 MHz:   0% 3264 MHz: 6.5% 3360 MHz:  58% 3408 MHz:  20% 3504 MHz: 7.1%)
P1-Cluster idle residency:   7.77%
P1-Cluster down residency:   0.00%
CPU 7 frequency: 3503 MHz
CPU 7 active residency:  77.53% (702 MHz: .03% 948 MHz:   0% 1188 MHz:   0% 1452 MHz:   0% 1704 MHz: .02% 1968 MHz:   0% 2208 MHz:   0% 2400 MHz:   0% 2568 MHz:   0% 2724 MHz:   0% 2868 MHz:   0% 3000 MHz:   0% 3132 MHz:   0% 3264 MHz:   0% 3360 MHz:   0% 3408 MHz:   0% 3504 MHz:  77%)
CPU 7 idle residency:  22.47%
CPU 7 down residency:   0.00%
CPU 8 frequency: 3504 MHz
CPU 8 active residency:  76.47% (702 MHz:   0% 948 MHz:   0% 1188 MHz:   0% 1452 MHz:   0% 1704 MHz: .00% 1968 MHz:   0% 2208 MHz:   0% 2400 MHz:   0% 2568 MHz:   0% 2724 MHz:   0% 2868 MHz:   0% 3000 MHz:   0% 3132 MHz:   0% 3264 MHz:   0% 3360 MHz:   0% 3408 MHz:   0% 3504 MHz:  76%)
CPU 8 idle residency:  23.53%
CPU 8 down residency:   0.00%
CPU 9 frequency: 3504 MHz
CPU 9 active residency:  14.00% (702 MHz:   0% 948 MHz:   0% 1188 MHz:   0% 1452 MHz:   0% 1704 MHz:   0% 1968 MHz:   0% 2208 MHz:   0% 2400 MHz:   0% 2568 MHz:   0% 2724 MHz:   0% 2868 MHz:   0% 3000 MHz:   0% 3132 MHz:   0% 3264 MHz:   0% 3360 MHz:   0% 3408 MHz:   0% 3504 MHz:  14%)
CPU 9 idle residency:  86.00%
CPU 9 down residency:   0.00%

CPU Power: 10673 mW
GPU Power: 0 mW
ANE Power: 0 mW
Combined Power (CPU + GPU + ANE): 10673 mW

**** GPU usage ****

GPU HW active frequency: 0 MHz
GPU HW active residency:   0.00% (444 MHz:   0% 612 MHz:   0% 808 MHz:   0% 968 MHz:   0% 1110 MHz:   0% 1236 MHz:   0% 1338 MHz:   0% 1398 MHz:   0%)
GPU SW requested state: (P1 :   0% P2 :   0% P3 :   0% P4 :   0% P5 :   0% P6 :   0% P7 :   0% P8 :   0%)
GPU idle residency: 100.00%
GPU Power: 0 mW



*** Sampled system activity (Fri Sep 18 19:08:20 2026 -0700) (514.00ms elapsed) ***


**** Processor usage ****

E-Cluster Online: 100%
E-Cluster HW active frequency: 2322 MHz
E-Cluster HW active residency:  97.51% (912 MHz: 3.0% 1284 MHz: 3.0% 1752 MHz: 1.9% 2004 MHz: 2.0% 2256 MHz: .00% 2424 MHz:  88%)
E-Cluster idle residency:   2.49%
E-Cluster down residency:   0.00%
CPU 0 frequency: 2299 MHz
CPU 0 active residency:  57.76% (912 MHz: 2.2% 1284 MHz: 2.4% 1752 MHz: .95% 2004 MHz: 1.4% 2256 MHz: .01% 2424 MHz:  51%)
CPU 0 idle residency:  42.24%
CPU 0 down residency:   0.00%
CPU 1 frequency: 2311 MHz
CPU 1 active residency:  53.97% (912 MHz: 1.5% 1284 MHz: 1.9% 1752 MHz: 1.6% 2004 MHz: 1.6% 2256 MHz: .00% 2424 MHz:  47%)
CPU 1 idle residency:  46.03%
CPU 1 down residency:   0.00%
CPU 2 frequency: 2298 MHz
CPU 2 active residency:  42.00% (912 MHz: 1.1% 1284 MHz: 1.9% 1752 MHz: 1.4% 2004 MHz: 1.3% 2256 MHz: .00% 2424 MHz:  36%)
CPU 2 idle residency:  58.00%
CPU 2 down residency:   0.00%
CPU 3 frequency: 2261 MHz
CPU 3 active residency:  44.43% (912 MHz: 1.8% 1284 MHz: 2.6% 1752 MHz: 1.4% 2004 MHz: 1.2% 2256 MHz:   0% 2424 MHz:  37%)
CPU 3 idle residency:  55.57%
CPU 3 down residency:   0.00%

P0-Cluster Online: 100%
P0-Cluster HW active frequency: 3142 MHz
P0-Cluster HW active residency:  46.75% (702 MHz: .06% 948 MHz: 1.7% 1188 MHz: .01% 1452 MHz: .02% 1704 MHz: 1.7% 1968 MHz:   0% 2208 MHz: 2.3% 2400 MHz:   0% 2568 MHz: 1.1% 2724 MHz: 1.1% 2868 MHz: 3.4% 3000 MHz:   0% 3132 MHz:   0% 3264 MHz: 2.5% 3360 MHz: 8.0% 3408 MHz: 6.7% 3504 MHz:  18%)
P0-Cluster idle residency:  53.25%
P0-Cluster down residency:   0.00%
CPU 4 frequency: 3492 MHz
CPU 4 active residency:  23.62% (702 MHz: .08% 948 MHz:   0% 1188 MHz: .01% 1452 MHz: .01% 1704 MHz: .01% 1968 MHz:   0% 2208 MHz:   0% 2400 MHz:   0% 2568 MHz:   0% 2724 MHz: .00% 2868 MHz:   0% 3000 MHz:   0% 3132 MHz:   0% 3264 MHz:   0% 3360 MHz:   0% 3408 MHz:   0% 3504 MHz:  24%)
CPU 4 idle residency:  76.38%
CPU 4 down residency:   0.00%
CPU 5 frequency: 3501 MHz
CPU 5 active residency:  16.35% (702 MHz: .01% 948 MHz:   0% 1188 MHz: .01% 1452 MHz: .00% 1704 MHz: .00% 1968 MHz:   0% 2208 MHz:   0% 2400 MHz:   0% 2568 MHz:   0% 2724 MHz:   0% 2868 MHz:   0% 3000 MHz:   0% 3132 MHz:   0% 3264 MHz:   0% 3360 MHz:   0% 3408 MHz:   0% 3504 MHz:  16%)
CPU 5 idle residency:  83.65%
CPU 5 down residency:   0.00%
CPU 6 frequency: 3502 MHz
CPU 6 active residency:   5.28% (702 MHz: .00% 948 MHz:   0% 1188 MHz:   0% 1452 MHz:   0% 1704 MHz: .00% 1968 MHz:   0% 2208 MHz:   0% 2400 MHz:   0% 2568 MHz:   0% 2724 MHz:   0% 2868 MHz:   0% 3000 MHz:   0% 3132 MHz:   0% 3264 MHz:   0% 3360 MHz:   0% 3408 MHz:   0% 3504 MHz: 5.3%)
CPU 6 idle residency:  94.72%
CPU 6 down residency:   0.00%

P1-Cluster Online: 100%
P1-Cluster HW active frequency: 3363 MHz
P1-Cluster HW active residency:  93.49% (702 MHz: .02% 948 MHz:   0% 1188 MHz: .11% 1452 MHz:   0% 1704 MHz:   0% 1968 MHz:   0% 2208 MHz:   0% 2400 MHz:   0% 2568 MHz:   0% 2724 MHz:   0% 2868 MHz:   0% 3000 MHz:   0% 3132 MHz:   0% 3264 MHz: 5.9% 3360 MHz:  69% 3408 MHz:  16% 3504 MHz: 2.3%)
P1-Cluster idle residency:   6.51%
P1-Cluster down residency:   0.00%
CPU 7 frequency: 3503 MHz
CPU 7 active residency:  89.16% (702 MHz: .02% 948 MHz:   0% 1188 MHz: .01% 1452 MHz:   0% 1704 MHz:   0% 1968 MHz:   0% 2208 MHz:   0% 2400 MHz:   0% 2568 MHz:   0% 2724 MHz:   0% 2868 MHz:   0% 3000 MHz:   0% 3132 MHz:   0% 3264 MHz:   0% 3360 MHz:   0% 3408 MHz:   0% 3504 MHz:  89%)
CPU 7 idle residency:  10.84%
CPU 7 down residency:   0.00%
CPU 8 frequency: 3504 MHz
CPU 8 active residency:  82.33% (702 MHz:   0% 948 MHz:   0% 1188 MHz:   0% 1452 MHz:   0% 1704 MHz:   0% 1968 MHz:   0% 2208 MHz:   0% 2400 MHz:   0% 2568 MHz:   0% 2724 MHz:   0% 2868 MHz:   0% 3000 MHz:   0% 3132 MHz:   0% 3264 MHz:   0% 3360 MHz:   0% 3408 MHz:   0% 3504 MHz:  82%)
CPU 8 idle residency:  17.67%
CPU 8 down residency:   0.00%
CPU 9 frequency: 3504 MHz
CPU 9 active residency:   7.23% (702 MHz:   0% 948 MHz:   0% 1188 MHz:   0% 1452 MHz:   0% 1704 MHz:   0% 1968 MHz:   0% 2208 MHz:   0% 2400 MHz:   0% 2568 MHz:   0% 2724 MHz:   0% 2868 MHz:   0% 3000 MHz:   0% 3132 MHz:   0% 3264 MHz:   0% 3360 MHz:   0% 3408 MHz:   0% 3504 MHz: 7.2%)
CPU 9 idle residency:  92.77%
CPU 9 down residency:   0.00%

CPU Power: 10385 mW
GPU Power: 8 mW
ANE Power: 0 mW
Combined Power (CPU + GPU + ANE): 10393 mW

**** GPU usage ****

GPU HW active frequency: 444 MHz
GPU HW active residency:   3.40% (444 MHz: 3.4% 612 MHz:   0% 808 MHz:   0% 968 MHz:   0% 1110 MHz:   0% 1236 MHz:   0% 1338 MHz:   0% 1398 MHz:   0%)
GPU SW requested state: (P1 : 100% P2 :   0% P3 :   0% P4 :   0% P5 :   0% P6 :   0% P7 :   0% P8 :   0%)
GPU idle residency:  96.60%
GPU Power: 8 mW



*** Sampled system activity (Fri Sep 18 19:08:20 2026 -0700) (513.51ms elapsed) ***


**** Processor usage ****

E-Cluster Online: 100%
E-Cluster HW active frequency: 2385 MHz
E-Cluster HW active residency:  98.62% (912 MHz: 1.2% 1284 MHz: 1.1% 1752 MHz: .76% 2004 MHz: .42% 2256 MHz: .37% 2424 MHz:  95%)
E-Cluster idle residency:   1.38%
E-Cluster down residency:   0.00%
CPU 0 frequency: 2400 MHz
CPU 0 active residency:  54.40% (912 MHz: .69% 1284 MHz: .14% 1752 MHz: .07% 2004 MHz: .03% 2256 MHz: .38% 2424 MHz:  53%)
CPU 0 idle residency:  45.60%
CPU 0 down residency:   0.00%
CPU 1 frequency: 2388 MHz
CPU 1 active residency:  48.54% (912 MHz: .18% 1284 MHz: .87% 1752 MHz: .59% 2004 MHz: .01% 2256 MHz: .38% 2424 MHz:  47%)
CPU 1 idle residency:  51.46%
CPU 1 down residency:   0.00%
CPU 2 frequency: 2378 MHz
CPU 2 active residency:  38.77% (912 MHz: .61% 1284 MHz: .39% 1752 MHz: .27% 2004 MHz: .43% 2256 MHz: .38% 2424 MHz:  37%)
CPU 2 idle residency:  61.23%
CPU 2 down residency:   0.00%
CPU 3 frequency: 2409 MHz
CPU 3 active residency:  30.65% (912 MHz: .14% 1284 MHz: .11% 1752 MHz: .07% 2004 MHz: .02% 2256 MHz: .38% 2424 MHz:  30%)
CPU 3 idle residency:  69.35%
CPU 3 down residency:   0.00%

P0-Cluster Online: 100%
P0-Cluster HW active frequency: 3393 MHz
P0-Cluster HW active residency:  58.89% (702 MHz: .04% 948 MHz:   0% 1188 MHz: .05% 1452 MHz:   0% 1704 MHz:   0% 1968 MHz:   0% 2208 MHz:   0% 2400 MHz:   0% 2568 MHz:   0% 2724 MHz:   0% 2868 MHz:   0% 3000 MHz:   0% 3132 MHz:   0% 3264 MHz: 2.8% 3360 MHz:  22% 3408 MHz:  26% 3504 MHz: 8.0%)
P0-Cluster idle residency:  41.11%
P0-Cluster down residency:   0.00%
CPU 4 frequency: 3501 MHz
CPU 4 active residency:  41.29% (702 MHz: .04% 948 MHz:   0% 1188 MHz: .01% 1452 MHz:   0% 1704 MHz:   0% 1968 MHz:   0% 2208 MHz:   0% 2400 MHz:   0% 2568 MHz:   0% 2724 MHz:   0% 2868 MHz:   0% 3000 MHz:   0% 3132 MHz:   0% 3264 MHz:   0% 3360 MHz:   0% 3408 MHz:   0% 3504 MHz:  41%)
CPU 4 idle residency:  58.71%
CPU 4 down residency:   0.00%
CPU 5 frequency: 3503 MHz
CPU 5 active residency:  23.94% (702 MHz: .01% 948 MHz:   0% 1188 MHz:   0% 1452 MHz:   0% 1704 MHz:   0% 1968 MHz:   0% 2208 MHz:   0% 2400 MHz:   0% 2568 MHz:   0% 2724 MHz:   0% 2868 MHz:   0% 3000 MHz:   0% 3132 MHz:   0% 3264 MHz:   0% 3360 MHz:   0% 3408 MHz:   0% 3504 MHz:  24%)
CPU 5 idle residency:  76.06%
CPU 5 down residency:   0.00%
CPU 6 frequency: 3504 MHz
CPU 6 active residency:  20.23% (702 MHz:   0% 948 MHz:   0% 1188 MHz:   0% 1452 MHz:   0% 1704 MHz:   0% 1968 MHz:   0% 2208 MHz:   0% 2400 MHz:   0% 2568 MHz:   0% 2724 MHz:   0% 2868 MHz:   0% 3000 MHz:   0% 3132 MHz:   0% 3264 MHz:   0% 3360 MHz:   0% 3408 MHz:   0% 3504 MHz:  20%)
CPU 6 idle residency:  79.77%
CPU 6 down residency:   0.00%

P1-Cluster Online: 100%
P1-Cluster HW active frequency: 3383 MHz
P1-Cluster HW active residency:  90.04% (702 MHz: .02% 948 MHz:   0% 1188 MHz:   0% 1452 MHz:   0% 1704 MHz:   0% 1968 MHz:   0% 2208 MHz:   0% 2400 MHz:   0% 2568 MHz:   0% 2724 MHz:   0% 2868 MHz:   0% 3000 MHz:   0% 3132 MHz:   0% 3264 MHz: 6.4% 3360 MHz:  51% 3408 MHz:  20% 3504 MHz:  13%)
P1-Cluster idle residency:   9.96%
P1-Cluster down residency:   0.00%
CPU 7 frequency: 3503 MHz
CPU 7 active residency:  73.64% (702 MHz: .03% 948 MHz:   0% 1188 MHz:   0% 1452 MHz:   0% 1704 MHz:   0% 1968 MHz:   0% 2208 MHz:   0% 2400 MHz:   0% 2568 MHz:   0% 2724 MHz:   0% 2868 MHz:   0% 3000 MHz:   0% 3132 MHz:   0% 3264 MHz:   0% 3360 MHz:   0% 3408 MHz:   0% 3504 MHz:  74%)
CPU 7 idle residency:  26.36%
CPU 7 down residency:   0.00%
CPU 8 frequency: 3503 MHz
CPU 8 active residency:  67.45% (702 MHz: .02% 948 MHz:   0% 1188 MHz:   0% 1452 MHz:   0% 1704 MHz:   0% 1968 MHz:   0% 2208 MHz:   0% 2400 MHz:   0% 2568 MHz:   0% 2724 MHz:   0% 2868 MHz:   0% 3000 MHz:   0% 3132 MHz:   0% 3264 MHz:   0% 3360 MHz:   0% 3408 MHz:   0% 3504 MHz:  67%)
CPU 8 idle residency:  32.55%
CPU 8 down residency:   0.00%
CPU 9 frequency: 3504 MHz
CPU 9 active residency:  17.37% (702 MHz:   0% 948 MHz:   0% 1188 MHz:   0% 1452 MHz:   0% 1704 MHz:   0% 1968 MHz:   0% 2208 MHz:   0% 2400 MHz:   0% 2568 MHz:   0% 2724 MHz:   0% 2868 MHz:   0% 3000 MHz:   0% 3132 MHz:   0% 3264 MHz:   0% 3360 MHz:   0% 3408 MHz:   0% 3504 MHz:  17%)
CPU 9 idle residency:  82.63%
CPU 9 down residency:   0.00%

CPU Power: 10977 mW
GPU Power: 12 mW
ANE Power: 0 mW
Combined Power (CPU + GPU + ANE): 10989 mW

**** GPU usage ****

GPU HW active frequency: 444 MHz
GPU HW active residency:   2.66% (444 MHz: 2.7% 612 MHz:   0% 808 MHz:   0% 968 MHz:   0% 1110 MHz:   0% 1236 MHz:   0% 1338 MHz:   0% 1398 MHz:   0%)
GPU SW requested state: (P1 : 100% P2 :   0% P3 :   0% P4 :   0% P5 :   0% P6 :   0% P7 :   0% P8 :   0%)
GPU idle residency:  97.34%
GPU Power: 12 mW



*** Sampled system activity (Fri Sep 18 19:08:21 2026 -0700) (507.76ms elapsed) ***


**** Processor usage ****

E-Cluster Online: 100%
E-Cluster HW active frequency: 2424 MHz
E-Cluster HW active residency:  99.16% (912 MHz: .01% 1284 MHz:   0% 1752 MHz: .01% 2004 MHz:   0% 2256 MHz:   0% 2424 MHz:  99%)
E-Cluster idle residency:   0.84%
E-Cluster down residency:   0.00%
CPU 0 frequency: 2423 MHz
CPU 0 active residency:  44.77% (912 MHz: .01% 1284 MHz:   0% 1752 MHz: .02% 2004 MHz:   0% 2256 MHz:   0% 2424 MHz:  45%)
CPU 0 idle residency:  55.23%
CPU 0 down residency:   0.00%
CPU 1 frequency: 2424 MHz
CPU 1 active residency:  54.06% (912 MHz: .01% 1284 MHz:   0% 1752 MHz: .02% 2004 MHz:   0% 2256 MHz:   0% 2424 MHz:  54%)
CPU 1 idle residency:  45.94%
CPU 1 down residency:   0.00%
CPU 2 frequency: 2423 MHz
CPU 2 active residency:  40.46% (912 MHz: .01% 1284 MHz:   0% 1752 MHz: .02% 2004 MHz:   0% 2256 MHz:   0% 2424 MHz:  40%)
CPU 2 idle residency:  59.54%
CPU 2 down residency:   0.00%
CPU 3 frequency: 2423 MHz
CPU 3 active residency:  31.94% (912 MHz: .01% 1284 MHz:   0% 1752 MHz: .02% 2004 MHz:   0% 2256 MHz:   0% 2424 MHz:  32%)
CPU 3 idle residency:  68.06%
CPU 3 down residency:   0.00%

P0-Cluster Online: 100%
P0-Cluster HW active frequency: 3190 MHz
P0-Cluster HW active residency:  33.92% (702 MHz: .03% 948 MHz:   0% 1188 MHz: .20% 1452 MHz: .67% 1704 MHz: 2.0% 1968 MHz: 1.3% 2208 MHz:   0% 2400 MHz: .65% 2568 MHz:   0% 2724 MHz:   0% 2868 MHz:   0% 3000 MHz: .65% 3132 MHz:   0% 3264 MHz: .06% 3360 MHz: 6.9% 3408 MHz:  12% 3504 MHz: 9.7%)
P0-Cluster idle residency:  66.08%
P0-Cluster down residency:   0.00%
CPU 4 frequency: 3498 MHz
CPU 4 active residency:  18.44% (702 MHz: .03% 948 MHz:   0% 1188 MHz: .01% 1452 MHz:   0% 1704 MHz: .00% 1968 MHz:   0% 2208 MHz:   0% 2400 MHz:   0% 2568 MHz:   0% 2724 MHz:   0% 2868 MHz:   0% 3000 MHz: .02% 3132 MHz:   0% 3264 MHz:   0% 3360 MHz:   0% 3408 MHz:   0% 3504 MHz:  18%)
CPU 4 idle residency:  81.56%
CPU 4 down residency:   0.00%
CPU 5 frequency: 3504 MHz
CPU 5 active residency:  12.20% (702 MHz:   0% 948 MHz:   0% 1188 MHz:   0% 1452 MHz:   0% 1704 MHz:   0% 1968 MHz:   0% 2208 MHz:   0% 2400 MHz:   0% 2568 MHz:   0% 2724 MHz:   0% 2868 MHz:   0% 3000 MHz:   0% 3132 MHz:   0% 3264 MHz:   0% 3360 MHz:   0% 3408 MHz:   0% 3504 MHz:  12%)
CPU 5 idle residency:  87.80%
CPU 5 down residency:   0.00%
CPU 6 frequency: 3504 MHz
CPU 6 active residency:   0.05% (702 MHz:   0% 948 MHz:   0% 1188 MHz:   0% 1452 MHz:   0% 1704 MHz:   0% 1968 MHz:   0% 2208 MHz:   0% 2400 MHz:   0% 2568 MHz:   0% 2724 MHz:   0% 2868 MHz:   0% 3000 MHz:   0% 3132 MHz:   0% 3264 MHz:   0% 3360 MHz:   0% 3408 MHz:   0% 3504 MHz: .05%)
CPU 6 idle residency:  99.95%
CPU 6 down residency:   0.00%

P1-Cluster Online: 100%
P1-Cluster HW active frequency: 3371 MHz
P1-Cluster HW active residency:  94.93% (702 MHz: .01% 948 MHz:   0% 1188 MHz:   0% 1452 MHz:   0% 1704 MHz:   0% 1968 MHz:   0% 2208 MHz:   0% 2400 MHz:   0% 2568 MHz:   0% 2724 MHz:   0% 2868 MHz:   0% 3000 MHz:   0% 3132 MHz:   0% 3264 MHz: 2.1% 3360 MHz:  75% 3408 MHz:  14% 3504 MHz: 4.2%)
P1-Cluster idle residency:   5.07%
P1-Cluster down residency:   0.00%
CPU 7 frequency: 3504 MHz
CPU 7 active residency:  88.69% (702 MHz: .01% 948 MHz:   0% 1188 MHz:   0% 1452 MHz:   0% 1704 MHz:   0% 1968 MHz:   0% 2208 MHz:   0% 2400 MHz:   0% 2568 MHz:   0% 2724 MHz:   0% 2868 MHz:   0% 3000 MHz:   0% 3132 MHz:   0% 3264 MHz:   0% 3360 MHz:   0% 3408 MHz:   0% 3504 MHz:  89%)
CPU 7 idle residency:  11.31%
CPU 7 down residency:   0.00%
CPU 8 frequency: 3504 MHz
CPU 8 active residency:  84.32% (702 MHz:   0% 948 MHz:   0% 1188 MHz:   0% 1452 MHz:   0% 1704 MHz:   0% 1968 MHz:   0% 2208 MHz:   0% 2400 MHz:   0% 2568 MHz:   0% 2724 MHz:   0% 2868 MHz:   0% 3000 MHz:   0% 3132 MHz:   0% 3264 MHz:   0% 3360 MHz:   0% 3408 MHz:   0% 3504 MHz:  84%)
CPU 8 idle residency:  15.68%
CPU 8 down residency:   0.00%
CPU 9 frequency: 3504 MHz
CPU 9 active residency:   4.06% (702 MHz:   0% 948 MHz:   0% 1188 MHz:   0% 1452 MHz:   0% 1704 MHz:   0% 1968 MHz:   0% 2208 MHz:   0% 2400 MHz:   0% 2568 MHz:   0% 2724 MHz:   0% 2868 MHz:   0% 3000 MHz:   0% 3132 MHz:   0% 3264 MHz:   0% 3360 MHz:   0% 3408 MHz:   0% 3504 MHz: 4.1%)
CPU 9 idle residency:  95.94%
CPU 9 down residency:   0.00%

CPU Power: 10466 mW
GPU Power: 0 mW
ANE Power: 0 mW
Combined Power (CPU + GPU + ANE): 10466 mW

**** GPU usage ****

GPU HW active frequency: 0 MHz
GPU HW active residency:   0.00% (444 MHz:   0% 612 MHz:   0% 808 MHz:   0% 968 MHz:   0% 1110 MHz:   0% 1236 MHz:   0% 1338 MHz:   0% 1398 MHz:   0%)
GPU SW requested state: (P1 :   0% P2 :   0% P3 :   0% P4 :   0% P5 :   0% P6 :   0% P7 :   0% P8 :   0%)
GPU idle residency: 100.00%
GPU Power: 0 mW



*** Sampled system activity (Fri Sep 18 19:08:21 2026 -0700) (513.28ms elapsed) ***


**** Processor usage ****

E-Cluster Online: 100%
E-Cluster HW active frequency: 2413 MHz
E-Cluster HW active residency:  99.19% (912 MHz: .13% 1284 MHz:   0% 1752 MHz: .06% 2004 MHz: 2.0% 2256 MHz:   0% 2424 MHz:  97%)
E-Cluster idle residency:   0.81%
E-Cluster down residency:   0.00%
CPU 0 frequency: 2414 MHz
CPU 0 active residency:  48.25% (912 MHz: .09% 1284 MHz:   0% 1752 MHz: .06% 2004 MHz: .67% 2256 MHz:   0% 2424 MHz:  47%)
CPU 0 idle residency:  51.75%
CPU 0 down residency:   0.00%
CPU 1 frequency: 2417 MHz
CPU 1 active residency:  51.00% (912 MHz: .01% 1284 MHz:   0% 1752 MHz: .06% 2004 MHz: .76% 2256 MHz:   0% 2424 MHz:  50%)
CPU 1 idle residency:  49.00%
CPU 1 down residency:   0.00%
CPU 2 frequency: 2410 MHz
CPU 2 active residency:  30.68% (912 MHz: .01% 1284 MHz:   0% 1752 MHz: .06% 2004 MHz: .86% 2256 MHz:   0% 2424 MHz:  30%)
CPU 2 idle residency:  69.32%
CPU 2 down residency:   0.00%
CPU 3 frequency: 2417 MHz
CPU 3 active residency:  44.06% (912 MHz: .01% 1284 MHz:   0% 1752 MHz: .06% 2004 MHz: .59% 2256 MHz:   0% 2424 MHz:  43%)
CPU 3 idle residency:  55.94%
CPU 3 down residency:   0.00%

P0-Cluster Online: 100%
P0-Cluster HW active frequency: 3334 MHz
P0-Cluster HW active residency:  90.33% (702 MHz: .02% 948 MHz:   0% 1188 MHz: .08% 1452 MHz:   0% 1704 MHz:   0% 1968 MHz: .21% 2208 MHz:   0% 2400 MHz:   0% 2568 MHz:   0% 2724 MHz:   0% 2868 MHz:   0% 3000 MHz: .76% 3132 MHz: .46% 3264 MHz:  32% 3360 MHz:  33% 3408 MHz:  20% 3504 MHz: 3.8%)
P0-Cluster idle residency:   9.67%
P0-Cluster down residency:   0.00%
CPU 4 frequency: 3493 MHz
CPU 4 active residency:  71.23% (702 MHz: .02% 948 MHz:   0% 1188 MHz: .05% 1452 MHz:   0% 1704 MHz:   0% 1968 MHz: .03% 2208 MHz:   0% 2400 MHz:   0% 2568 MHz:   0% 2724 MHz:   0% 2868 MHz:   0% 3000 MHz: .78% 3132 MHz: .46% 3264 MHz:   0% 3360 MHz:   0% 3408 MHz:   0% 3504 MHz:  70%)
CPU 4 idle residency:  28.77%
CPU 4 down residency:   0.00%
CPU 5 frequency: 3497 MHz
CPU 5 active residency:  64.85% (702 MHz:   0% 948 MHz:   0% 1188 MHz: .01% 1452 MHz:   0% 1704 MHz:   0% 1968 MHz: .00% 2208 MHz:   0% 2400 MHz:   0% 2568 MHz:   0% 2724 MHz:   0% 2868 MHz:   0% 3000 MHz: .64% 3132 MHz: .35% 3264 MHz:   0% 3360 MHz:   0% 3408 MHz:   0% 3504 MHz:  64%)
CPU 5 idle residency:  35.15%
CPU 5 down residency:   0.00%
CPU 6 frequency: 3503 MHz
CPU 6 active residency:  53.17% (702 MHz:   0% 948 MHz:   0% 1188 MHz:   0% 1452 MHz:   0% 1704 MHz:   0% 1968 MHz:   0% 2208 MHz:   0% 2400 MHz:   0% 2568 MHz:   0% 2724 MHz:   0% 2868 MHz:   0% 3000 MHz: .08% 3132 MHz: .06% 3264 MHz:   0% 3360 MHz:   0% 3408 MHz:   0% 3504 MHz:  53%)
CPU 6 idle residency:  46.83%
CPU 6 down residency:   0.00%

P1-Cluster Online: 100%
P1-Cluster HW active frequency: 3318 MHz
P1-Cluster HW active residency:  99.23% (702 MHz:   0% 948 MHz:   0% 1188 MHz:   0% 1452 MHz:   0% 1704 MHz:   0% 1968 MHz:   0% 2208 MHz:   0% 2400 MHz:   0% 2568 MHz:   0% 2724 MHz:   0% 2868 MHz:   0% 3000 MHz:   0% 3132 MHz:   0% 3264 MHz:  50% 3360 MHz:  35% 3408 MHz:  14% 3504 MHz: .20%)
P1-Cluster idle residency:   0.77%
P1-Cluster down residency:   0.00%
CPU 7 frequency: 3504 MHz
CPU 7 active residency:  83.57% (702 MHz:   0% 948 MHz:   0% 1188 MHz:   0% 1452 MHz:   0% 1704 MHz:   0% 1968 MHz:   0% 2208 MHz:   0% 2400 MHz:   0% 2568 MHz:   0% 2724 MHz:   0% 2868 MHz:   0% 3000 MHz:   0% 3132 MHz:   0% 3264 MHz:   0% 3360 MHz: .00% 3408 MHz:   0% 3504 MHz:  84%)
CPU 7 idle residency:  16.43%
CPU 7 down residency:   0.00%
CPU 8 frequency: 3504 MHz
CPU 8 active residency:  88.07% (702 MHz:   0% 948 MHz:   0% 1188 MHz:   0% 1452 MHz:   0% 1704 MHz:   0% 1968 MHz:   0% 2208 MHz:   0% 2400 MHz:   0% 2568 MHz:   0% 2724 MHz:   0% 2868 MHz:   0% 3000 MHz:   0% 3132 MHz:   0% 3264 MHz:   0% 3360 MHz:   0% 3408 MHz:   0% 3504 MHz:  88%)
CPU 8 idle residency:  11.93%
CPU 8 down residency:   0.00%
CPU 9 frequency: 3504 MHz
CPU 9 active residency:  63.28% (702 MHz:   0% 948 MHz:   0% 1188 MHz:   0% 1452 MHz:   0% 1704 MHz:   0% 1968 MHz:   0% 2208 MHz:   0% 2400 MHz:   0% 2568 MHz:   0% 2724 MHz:   0% 2868 MHz:   0% 3000 MHz:   0% 3132 MHz:   0% 3264 MHz:   0% 3360 MHz:   0% 3408 MHz:   0% 3504 MHz:  63%)
CPU 9 idle residency:  36.72%
CPU 9 down residency:   0.00%

CPU Power: 15568 mW
GPU Power: 4 mW
ANE Power: 0 mW
Combined Power (CPU + GPU + ANE): 15572 mW

**** GPU usage ****

GPU HW active frequency: 444 MHz
GPU HW active residency:   1.01% (444 MHz: 1.0% 612 MHz:   0% 808 MHz:   0% 968 MHz:   0% 1110 MHz:   0% 1236 MHz:   0% 1338 MHz:   0% 1398 MHz:   0%)
GPU SW requested state: (P1 : 100% P2 :   0% P3 :   0% P4 :   0% P5 :   0% P6 :   0% P7 :   0% P8 :   0%)
GPU idle residency:  98.99%
GPU Power: 4 mW



*** Sampled system activity (Fri Sep 18 19:08:22 2026 -0700) (511.62ms elapsed) ***


**** Processor usage ****

E-Cluster Online: 100%
E-Cluster HW active frequency: 2216 MHz
E-Cluster HW active residency:  99.73% (912 MHz: 6.8% 1284 MHz: 7.0% 1752 MHz: 2.6% 2004 MHz: 1.7% 2256 MHz: 1.0% 2424 MHz:  81%)
E-Cluster idle residency:   0.27%
E-Cluster down residency:   0.00%
CPU 0 frequency: 2151 MHz
CPU 0 active residency:  58.38% (912 MHz: 5.8% 1284 MHz: 4.9% 1752 MHz: 1.4% 2004 MHz: 1.1% 2256 MHz: 1.1% 2424 MHz:  44%)
CPU 0 idle residency:  41.62%
CPU 0 down residency:   0.00%
CPU 1 frequency: 2172 MHz
CPU 1 active residency:  58.87% (912 MHz: 4.6% 1284 MHz: 5.2% 1752 MHz: 1.7% 2004 MHz: 1.3% 2256 MHz: 1.1% 2424 MHz:  45%)
CPU 1 idle residency:  41.13%
CPU 1 down residency:   0.00%
CPU 2 frequency: 2165 MHz
CPU 2 active residency:  45.24% (912 MHz: 3.2% 1284 MHz: 4.6% 1752 MHz: 1.8% 2004 MHz: .63% 2256 MHz: 1.1% 2424 MHz:  34%)
CPU 2 idle residency:  54.76%
CPU 2 down residency:   0.00%
CPU 3 frequency: 2255 MHz
CPU 3 active residency:  56.74% (912 MHz: 3.0% 1284 MHz: 3.4% 1752 MHz: 1.1% 2004 MHz: .70% 2256 MHz: 1.1% 2424 MHz:  47%)
CPU 3 idle residency:  43.26%
CPU 3 down residency:   0.00%

P0-Cluster Online: 100%
P0-Cluster HW active frequency: 3364 MHz
P0-Cluster HW active residency: 100.00% (702 MHz:   0% 948 MHz:   0% 1188 MHz:   0% 1452 MHz:   0% 1704 MHz:   0% 1968 MHz:   0% 2208 MHz:   0% 2400 MHz:   0% 2568 MHz:   0% 2724 MHz:   0% 2868 MHz:   0% 3000 MHz:   0% 3132 MHz:   0% 3264 MHz: 3.5% 3360 MHz:  82% 3408 MHz:  15% 3504 MHz:   0%)
P0-Cluster idle residency:   0.00%
P0-Cluster down residency:   0.00%
CPU 4 frequency: 3504 MHz
CPU 4 active residency:  84.78% (702 MHz:   0% 948 MHz:   0% 1188 MHz:   0% 1452 MHz:   0% 1704 MHz:   0% 1968 MHz:   0% 2208 MHz:   0% 2400 MHz:   0% 2568 MHz:   0% 2724 MHz:   0% 2868 MHz:   0% 3000 MHz:   0% 3132 MHz:   0% 3264 MHz:   0% 3360 MHz:   0% 3408 MHz:   0% 3504 MHz:  85%)
CPU 4 idle residency:  15.22%
CPU 4 down residency:   0.00%
CPU 5 frequency: 3504 MHz
CPU 5 active residency:  99.62% (702 MHz:   0% 948 MHz:   0% 1188 MHz:   0% 1452 MHz:   0% 1704 MHz:   0% 1968 MHz:   0% 2208 MHz:   0% 2400 MHz:   0% 2568 MHz:   0% 2724 MHz:   0% 2868 MHz:   0% 3000 MHz:   0% 3132 MHz:   0% 3264 MHz:   0% 3360 MHz:   0% 3408 MHz:   0% 3504 MHz: 100%)
CPU 5 idle residency:   0.38%
CPU 5 down residency:   0.00%
CPU 6 frequency: 3504 MHz
CPU 6 active residency:   4.06% (702 MHz:   0% 948 MHz:   0% 1188 MHz:   0% 1452 MHz:   0% 1704 MHz:   0% 1968 MHz:   0% 2208 MHz:   0% 2400 MHz:   0% 2568 MHz:   0% 2724 MHz:   0% 2868 MHz:   0% 3000 MHz:   0% 3132 MHz:   0% 3264 MHz:   0% 3360 MHz:   0% 3408 MHz:   0% 3504 MHz: 4.1%)
CPU 6 idle residency:  95.94%
CPU 6 down residency:   0.00%

P1-Cluster Online: 100%
P1-Cluster HW active frequency: 3236 MHz
P1-Cluster HW active residency:  36.49% (702 MHz: .03% 948 MHz:   0% 1188 MHz: 2.4% 1452 MHz: .10% 1704 MHz:   0% 1968 MHz: .59% 2208 MHz: .28% 2400 MHz:   0% 2568 MHz: .58% 2724 MHz:   0% 2868 MHz: .60% 3000 MHz: .59% 3132 MHz: 1.2% 3264 MHz: .04% 3360 MHz: .16% 3408 MHz:  10% 3504 MHz:  19%)
P1-Cluster idle residency:  63.51%
P1-Cluster down residency:   0.00%
CPU 7 frequency: 3491 MHz
CPU 7 active residency:  15.61% (702 MHz: .03% 948 MHz:   0% 1188 MHz: .00% 1452 MHz: .00% 1704 MHz:   0% 1968 MHz:   0% 2208 MHz: .08% 2400 MHz:   0% 2568 MHz:   0% 2724 MHz:   0% 2868 MHz:   0% 3000 MHz:   0% 3132 MHz: .01% 3264 MHz:   0% 3360 MHz:   0% 3408 MHz:   0% 3504 MHz:  15%)
CPU 7 idle residency:  84.39%
CPU 7 down residency:   0.00%
CPU 8 frequency: 3504 MHz
CPU 8 active residency:   2.05% (702 MHz:   0% 948 MHz:   0% 1188 MHz:   0% 1452 MHz:   0% 1704 MHz:   0% 1968 MHz:   0% 2208 MHz:   0% 2400 MHz:   0% 2568 MHz:   0% 2724 MHz:   0% 2868 MHz:   0% 3000 MHz:   0% 3132 MHz:   0% 3264 MHz:   0% 3360 MHz:   0% 3408 MHz:   0% 3504 MHz: 2.1%)
CPU 8 idle residency:  97.95%
CPU 8 down residency:   0.00%
CPU 9 frequency: 3231 MHz
CPU 9 active residency:   0.11% (702 MHz: .01% 948 MHz:   0% 1188 MHz:   0% 1452 MHz:   0% 1704 MHz:   0% 1968 MHz:   0% 2208 MHz:   0% 2400 MHz:   0% 2568 MHz:   0% 2724 MHz:   0% 2868 MHz:   0% 3000 MHz:   0% 3132 MHz: .01% 3264 MHz:   0% 3360 MHz:   0% 3408 MHz:   0% 3504 MHz: .09%)
CPU 9 idle residency:  99.89%
CPU 9 down residency:   0.00%

CPU Power: 10326 mW
GPU Power: 0 mW
ANE Power: 0 mW
Combined Power (CPU + GPU + ANE): 10326 mW

**** GPU usage ****

GPU HW active frequency: 0 MHz
GPU HW active residency:   0.00% (444 MHz:   0% 612 MHz:   0% 808 MHz:   0% 968 MHz:   0% 1110 MHz:   0% 1236 MHz:   0% 1338 MHz:   0% 1398 MHz:   0%)
GPU SW requested state: (P1 :   0% P2 :   0% P3 :   0% P4 :   0% P5 :   0% P6 :   0% P7 :   0% P8 :   0%)
GPU idle residency: 100.00%
GPU Power: 0 mW



*** Sampled system activity (Fri Sep 18 19:08:22 2026 -0700) (513.87ms elapsed) ***


**** Processor usage ****

E-Cluster Online: 100%
E-Cluster HW active frequency: 2400 MHz
E-Cluster HW active residency:  95.80% (912 MHz: 1.5% 1284 MHz: .02% 1752 MHz: .01% 2004 MHz: .01% 2256 MHz:   0% 2424 MHz:  94%)
E-Cluster idle residency:   4.20%
E-Cluster down residency:   0.00%
CPU 0 frequency: 2387 MHz
CPU 0 active residency:  64.08% (912 MHz: 1.5% 1284 MHz: .03% 1752 MHz: .02% 2004 MHz: .01% 2256 MHz:   0% 2424 MHz:  63%)
CPU 0 idle residency:  35.92%
CPU 0 down residency:   0.00%
CPU 1 frequency: 2383 MHz
CPU 1 active residency:  55.85% (912 MHz: 1.5% 1284 MHz: .03% 1752 MHz: .02% 2004 MHz: .01% 2256 MHz:   0% 2424 MHz:  54%)
CPU 1 idle residency:  44.15%
CPU 1 down residency:   0.00%
CPU 2 frequency: 2382 MHz
CPU 2 active residency:  53.27% (912 MHz: 1.5% 1284 MHz: .03% 1752 MHz: .02% 2004 MHz: .01% 2256 MHz:   0% 2424 MHz:  52%)
CPU 2 idle residency:  46.73%
CPU 2 down residency:   0.00%
CPU 3 frequency: 2380 MHz
CPU 3 active residency:  51.07% (912 MHz: 1.5% 1284 MHz: .03% 1752 MHz: .02% 2004 MHz: .01% 2256 MHz:   0% 2424 MHz:  50%)
CPU 3 idle residency:  48.93%
CPU 3 down residency:   0.00%

P0-Cluster Online: 100%
P0-Cluster HW active frequency: 3350 MHz
P0-Cluster HW active residency: 100.00% (702 MHz:   0% 948 MHz:   0% 1188 MHz:   0% 1452 MHz:   0% 1704 MHz:   0% 1968 MHz:   0% 2208 MHz:   0% 2400 MHz:   0% 2568 MHz:   0% 2724 MHz:   0% 2868 MHz:   0% 3000 MHz:   0% 3132 MHz:   0% 3264 MHz:  18% 3360 MHz:  68% 3408 MHz:  14% 3504 MHz:   0%)
P0-Cluster idle residency:   0.00%
P0-Cluster down residency:   0.00%
CPU 4 frequency: 3504 MHz
CPU 4 active residency:  98.42% (702 MHz:   0% 948 MHz:   0% 1188 MHz:   0% 1452 MHz:   0% 1704 MHz:   0% 1968 MHz:   0% 2208 MHz:   0% 2400 MHz:   0% 2568 MHz:   0% 2724 MHz:   0% 2868 MHz:   0% 3000 MHz:   0% 3132 MHz:   0% 3264 MHz:   0% 3360 MHz:   0% 3408 MHz:   0% 3504 MHz:  98%)
CPU 4 idle residency:   1.58%
CPU 4 down residency:   0.00%
CPU 5 frequency: 3504 MHz
CPU 5 active residency:  82.35% (702 MHz:   0% 948 MHz:   0% 1188 MHz:   0% 1452 MHz:   0% 1704 MHz:   0% 1968 MHz:   0% 2208 MHz:   0% 2400 MHz:   0% 2568 MHz:   0% 2724 MHz:   0% 2868 MHz:   0% 3000 MHz:   0% 3132 MHz:   0% 3264 MHz:   0% 3360 MHz:   0% 3408 MHz:   0% 3504 MHz:  82%)
CPU 5 idle residency:  17.65%
CPU 5 down residency:   0.00%
CPU 6 frequency: 3504 MHz
CPU 6 active residency:  22.35% (702 MHz:   0% 948 MHz:   0% 1188 MHz:   0% 1452 MHz:   0% 1704 MHz:   0% 1968 MHz:   0% 2208 MHz:   0% 2400 MHz:   0% 2568 MHz:   0% 2724 MHz:   0% 2868 MHz:   0% 3000 MHz:   0% 3132 MHz:   0% 3264 MHz:   0% 3360 MHz:   0% 3408 MHz:   0% 3504 MHz:  22%)
CPU 6 idle residency:  77.65%
CPU 6 down residency:   0.00%

P1-Cluster Online: 100%
P1-Cluster HW active frequency: 3381 MHz
P1-Cluster HW active residency:  43.28% (702 MHz: .02% 948 MHz:   0% 1188 MHz:   0% 1452 MHz:   0% 1704 MHz: .31% 1968 MHz: 1.1% 2208 MHz: .61% 2400 MHz: .17% 2568 MHz:   0% 2724 MHz:   0% 2868 MHz: .79% 3000 MHz:   0% 3132 MHz:   0% 3264 MHz: .85% 3360 MHz: 3.6% 3408 MHz: 8.4% 3504 MHz:  27%)
P1-Cluster idle residency:  56.72%
P1-Cluster down residency:   0.00%
CPU 7 frequency: 3500 MHz
CPU 7 active residency:  24.43% (702 MHz: .02% 948 MHz:   0% 1188 MHz:   0% 1452 MHz:   0% 1704 MHz: .01% 1968 MHz: .00% 2208 MHz:   0% 2400 MHz: .02% 2568 MHz:   0% 2724 MHz:   0% 2868 MHz: .00% 3000 MHz:   0% 3132 MHz:   0% 3264 MHz: .01% 3360 MHz:   0% 3408 MHz:   0% 3504 MHz:  24%)
CPU 7 idle residency:  75.57%
CPU 7 down residency:   0.00%
CPU 8 frequency: 3503 MHz
CPU 8 active residency:   7.43% (702 MHz:   0% 948 MHz:   0% 1188 MHz:   0% 1452 MHz:   0% 1704 MHz: .00% 1968 MHz:   0% 2208 MHz:   0% 2400 MHz:   0% 2568 MHz:   0% 2724 MHz:   0% 2868 MHz:   0% 3000 MHz:   0% 3132 MHz:   0% 3264 MHz:   0% 3360 MHz:   0% 3408 MHz:   0% 3504 MHz: 7.4%)
CPU 8 idle residency:  92.57%
CPU 8 down residency:   0.00%
CPU 9 frequency: 3504 MHz
CPU 9 active residency:   2.91% (702 MHz:   0% 948 MHz:   0% 1188 MHz:   0% 1452 MHz:   0% 1704 MHz:   0% 1968 MHz:   0% 2208 MHz:   0% 2400 MHz:   0% 2568 MHz:   0% 2724 MHz:   0% 2868 MHz:   0% 3000 MHz:   0% 3132 MHz:   0% 3264 MHz:   0% 3360 MHz:   0% 3408 MHz:   0% 3504 MHz: 2.9%)
CPU 9 idle residency:  97.09%
CPU 9 down residency:   0.00%

CPU Power: 10830 mW
GPU Power: 0 mW
ANE Power: 0 mW
Combined Power (CPU + GPU + ANE): 10830 mW

**** GPU usage ****

GPU HW active frequency: 0 MHz
GPU HW active residency:   0.00% (444 MHz:   0% 612 MHz:   0% 808 MHz:   0% 968 MHz:   0% 1110 MHz:   0% 1236 MHz:   0% 1338 MHz:   0% 1398 MHz:   0%)
GPU SW requested state: (P1 :   0% P2 :   0% P3 :   0% P4 :   0% P5 :   0% P6 :   0% P7 :   0% P8 :   0%)
GPU idle residency: 100.00%
GPU Power: 0 mW



*** Sampled system activity (Fri Sep 18 19:08:23 2026 -0700) (511.81ms elapsed) ***


**** Processor usage ****

E-Cluster Online: 100%
E-Cluster HW active frequency: 2384 MHz
E-Cluster HW active residency:  99.71% (912 MHz: 1.8% 1284 MHz: 1.0% 1752 MHz: .22% 2004 MHz:   0% 2256 MHz: .01% 2424 MHz:  97%)
E-Cluster idle residency:   0.29%
E-Cluster down residency:   0.00%
CPU 0 frequency: 2377 MHz
CPU 0 active residency:  85.05% (912 MHz: 1.8% 1284 MHz: .97% 1752 MHz: .22% 2004 MHz:   0% 2256 MHz: .01% 2424 MHz:  82%)
CPU 0 idle residency:  14.95%
CPU 0 down residency:   0.00%
CPU 1 frequency: 2398 MHz
CPU 1 active residency:  81.37% (912 MHz: .62% 1284 MHz: .91% 1752 MHz: .22% 2004 MHz:   0% 2256 MHz: .01% 2424 MHz:  80%)
CPU 1 idle residency:  18.63%
CPU 1 down residency:   0.00%
CPU 2 frequency: 2402 MHz
CPU 2 active residency:  82.76% (912 MHz: .40% 1284 MHz: .90% 1752 MHz: .22% 2004 MHz:   0% 2256 MHz: .01% 2424 MHz:  81%)
CPU 2 idle residency:  17.24%
CPU 2 down residency:   0.00%
CPU 3 frequency: 2403 MHz
CPU 3 active residency:  80.40% (912 MHz: .28% 1284 MHz: .94% 1752 MHz: .22% 2004 MHz:   0% 2256 MHz: .01% 2424 MHz:  79%)
CPU 3 idle residency:  19.60%
CPU 3 down residency:   0.00%

P0-Cluster Online: 100%
P0-Cluster HW active frequency: 3323 MHz
P0-Cluster HW active residency:  98.03% (702 MHz:   0% 948 MHz:   0% 1188 MHz:   0% 1452 MHz:   0% 1704 MHz:   0% 1968 MHz:   0% 2208 MHz:   0% 2400 MHz:   0% 2568 MHz:   0% 2724 MHz:   0% 2868 MHz:   0% 3000 MHz:   0% 3132 MHz:   0% 3264 MHz:  51% 3360 MHz:  28% 3408 MHz:  16% 3504 MHz: 3.3%)
P0-Cluster idle residency:   1.97%
P0-Cluster down residency:   0.00%
CPU 4 frequency: 3504 MHz
CPU 4 active residency:  82.03% (702 MHz:   0% 948 MHz:   0% 1188 MHz:   0% 1452 MHz:   0% 1704 MHz:   0% 1968 MHz:   0% 2208 MHz:   0% 2400 MHz:   0% 2568 MHz:   0% 2724 MHz:   0% 2868 MHz:   0% 3000 MHz:   0% 3132 MHz:   0% 3264 MHz:   0% 3360 MHz:   0% 3408 MHz:   0% 3504 MHz:  82%)
CPU 4 idle residency:  17.97%
CPU 4 down residency:   0.00%
CPU 5 frequency: 3504 MHz
CPU 5 active residency:  84.85% (702 MHz:   0% 948 MHz:   0% 1188 MHz:   0% 1452 MHz:   0% 1704 MHz:   0% 1968 MHz:   0% 2208 MHz:   0% 2400 MHz:   0% 2568 MHz:   0% 2724 MHz:   0% 2868 MHz:   0% 3000 MHz:   0% 3132 MHz:   0% 3264 MHz:   0% 3360 MHz:   0% 3408 MHz:   0% 3504 MHz:  85%)
CPU 5 idle residency:  15.15%
CPU 5 down residency:   0.00%
CPU 6 frequency: 3504 MHz
CPU 6 active residency:  62.01% (702 MHz:   0% 948 MHz:   0% 1188 MHz:   0% 1452 MHz:   0% 1704 MHz:   0% 1968 MHz:   0% 2208 MHz:   0% 2400 MHz:   0% 2568 MHz:   0% 2724 MHz:   0% 2868 MHz:   0% 3000 MHz:   0% 3132 MHz:   0% 3264 MHz:   0% 3360 MHz:   0% 3408 MHz:   0% 3504 MHz:  62%)
CPU 6 idle residency:  37.99%
CPU 6 down residency:   0.00%

P1-Cluster Online: 100%
P1-Cluster HW active frequency: 3328 MHz
P1-Cluster HW active residency:  90.02% (702 MHz:   0% 948 MHz:   0% 1188 MHz:   0% 1452 MHz:   0% 1704 MHz:   0% 1968 MHz:   0% 2208 MHz: .30% 2400 MHz:   0% 2568 MHz:   0% 2724 MHz:   0% 2868 MHz: .73% 3000 MHz:   0% 3132 MHz:   0% 3264 MHz:  44% 3360 MHz:  18% 3408 MHz:  18% 3504 MHz: 8.4%)
P1-Cluster idle residency:   9.98%
P1-Cluster down residency:   0.00%
CPU 7 frequency: 3500 MHz
CPU 7 active residency:  80.22% (702 MHz:   0% 948 MHz:   0% 1188 MHz:   0% 1452 MHz:   0% 1704 MHz:   0% 1968 MHz:   0% 2208 MHz: .26% 2400 MHz:   0% 2568 MHz:   0% 2724 MHz:   0% 2868 MHz: .01% 3000 MHz:   0% 3132 MHz:   0% 3264 MHz:   0% 3360 MHz:   0% 3408 MHz:   0% 3504 MHz:  80%)
CPU 7 idle residency:  19.78%
CPU 7 down residency:   0.00%
CPU 8 frequency: 3504 MHz
CPU 8 active residency:  67.51% (702 MHz:   0% 948 MHz:   0% 1188 MHz:   0% 1452 MHz:   0% 1704 MHz:   0% 1968 MHz:   0% 2208 MHz: .01% 2400 MHz:   0% 2568 MHz:   0% 2724 MHz:   0% 2868 MHz:   0% 3000 MHz:   0% 3132 MHz:   0% 3264 MHz:   0% 3360 MHz:   0% 3408 MHz:   0% 3504 MHz:  67%)
CPU 8 idle residency:  32.49%
CPU 8 down residency:   0.00%
CPU 9 frequency: 3504 MHz
CPU 9 active residency:  60.01% (702 MHz:   0% 948 MHz:   0% 1188 MHz:   0% 1452 MHz:   0% 1704 MHz:   0% 1968 MHz:   0% 2208 MHz: .00% 2400 MHz:   0% 2568 MHz:   0% 2724 MHz:   0% 2868 MHz:   0% 3000 MHz:   0% 3132 MHz:   0% 3264 MHz:   0% 3360 MHz:   0% 3408 MHz:   0% 3504 MHz:  60%)
CPU 9 idle residency:  39.99%
CPU 9 down residency:   0.00%

CPU Power: 15646 mW
GPU Power: 225 mW
ANE Power: 0 mW
Combined Power (CPU + GPU + ANE): 15871 mW

**** GPU usage ****

GPU HW active frequency: 572 MHz
GPU HW active residency:  23.83% (444 MHz:  16% 612 MHz: 1.4% 808 MHz: 2.7% 968 MHz: 3.5% 1110 MHz:   0% 1236 MHz:   0% 1338 MHz:   0% 1398 MHz:   0%)
GPU SW requested state: (P1 :  67% P2 : 8.9% P3 :  22% P4 : 1.9% P5 :   0% P6 :   0% P7 :   0% P8 :   0%)
GPU idle residency:  76.17%
GPU Power: 225 mW



*** Sampled system activity (Fri Sep 18 19:08:23 2026 -0700) (512.91ms elapsed) ***


**** Processor usage ****

E-Cluster Online: 100%
E-Cluster HW active frequency: 2422 MHz
E-Cluster HW active residency:  98.31% (912 MHz: .04% 1284 MHz: .06% 1752 MHz:   0% 2004 MHz:   0% 2256 MHz: .23% 2424 MHz:  98%)
E-Cluster idle residency:   1.69%
E-Cluster down residency:   0.00%
CPU 0 frequency: 2422 MHz
CPU 0 active residency:  73.53% (912 MHz: .05% 1284 MHz: .07% 1752 MHz:   0% 2004 MHz:   0% 2256 MHz: .23% 2424 MHz:  73%)
CPU 0 idle residency:  26.47%
CPU 0 down residency:   0.00%
CPU 1 frequency: 2421 MHz
CPU 1 active residency:  71.82% (912 MHz: .05% 1284 MHz: .07% 1752 MHz:   0% 2004 MHz:   0% 2256 MHz: .23% 2424 MHz:  71%)
CPU 1 idle residency:  28.18%
CPU 1 down residency:   0.00%
CPU 2 frequency: 2421 MHz
CPU 2 active residency:  70.36% (912 MHz: .05% 1284 MHz: .07% 1752 MHz:   0% 2004 MHz:   0% 2256 MHz: .23% 2424 MHz:  70%)
CPU 2 idle residency:  29.64%
CPU 2 down residency:   0.00%
CPU 3 frequency: 2421 MHz
CPU 3 active residency:  67.38% (912 MHz: .05% 1284 MHz: .07% 1752 MHz:   0% 2004 MHz:   0% 2256 MHz: .23% 2424 MHz:  67%)
CPU 3 idle residency:  32.62%
CPU 3 down residency:   0.00%

P0-Cluster Online: 100%
P0-Cluster HW active frequency: 3356 MHz
P0-Cluster HW active residency:  89.21% (702 MHz:   0% 948 MHz:   0% 1188 MHz: .11% 1452 MHz: .68% 1704 MHz:   0% 1968 MHz:   0% 2208 MHz:   0% 2400 MHz:   0% 2568 MHz:   0% 2724 MHz:   0% 2868 MHz:   0% 3000 MHz:   0% 3132 MHz:   0% 3264 MHz:  20% 3360 MHz:  30% 3408 MHz:  23% 3504 MHz:  14%)
P0-Cluster idle residency:  10.79%
P0-Cluster down residency:   0.00%
CPU 4 frequency: 3498 MHz
CPU 4 active residency:  68.28% (702 MHz:   0% 948 MHz:   0% 1188 MHz: .07% 1452 MHz: .13% 1704 MHz:   0% 1968 MHz:   0% 2208 MHz:   0% 2400 MHz:   0% 2568 MHz:   0% 2724 MHz:   0% 2868 MHz:   0% 3000 MHz:   0% 3132 MHz:   0% 3264 MHz:   0% 3360 MHz:   0% 3408 MHz:   0% 3504 MHz:  68%)
CPU 4 idle residency:  31.72%
CPU 4 down residency:   0.00%
CPU 5 frequency: 3501 MHz
CPU 5 active residency:  54.80% (702 MHz:   0% 948 MHz:   0% 1188 MHz: .07% 1452 MHz: .01% 1704 MHz:   0% 1968 MHz:   0% 2208 MHz:   0% 2400 MHz:   0% 2568 MHz:   0% 2724 MHz:   0% 2868 MHz:   0% 3000 MHz:   0% 3132 MHz:   0% 3264 MHz:   0% 3360 MHz:   0% 3408 MHz:   0% 3504 MHz:  55%)
CPU 5 idle residency:  45.20%
CPU 5 down residency:   0.00%
CPU 6 frequency: 3499 MHz
CPU 6 active residency:  42.94% (702 MHz:   0% 948 MHz:   0% 1188 MHz: .06% 1452 MHz: .03% 1704 MHz:   0% 1968 MHz:   0% 2208 MHz:   0% 2400 MHz:   0% 2568 MHz:   0% 2724 MHz:   0% 2868 MHz:   0% 3000 MHz:   0% 3132 MHz:   0% 3264 MHz:   0% 3360 MHz:   0% 3408 MHz:   0% 3504 MHz:  43%)
CPU 6 idle residency:  57.06%
CPU 6 down residency:   0.00%

P1-Cluster Online: 100%
P1-Cluster HW active frequency: 3370 MHz
P1-Cluster HW active residency:  80.21% (702 MHz:   0% 948 MHz:   0% 1188 MHz:   0% 1452 MHz:   0% 1704 MHz: .06% 1968 MHz:   0% 2208 MHz: .62% 2400 MHz:   0% 2568 MHz: .77% 2724 MHz:   0% 2868 MHz: 1.2% 3000 MHz:   0% 3132 MHz:   0% 3264 MHz:  11% 3360 MHz:  21% 3408 MHz:  29% 3504 MHz:  17%)
P1-Cluster idle residency:  19.79%
P1-Cluster down residency:   0.00%
CPU 7 frequency: 3494 MHz
CPU 7 active residency:  50.75% (702 MHz:   0% 948 MHz:   0% 1188 MHz:   0% 1452 MHz:   0% 1704 MHz: .01% 1968 MHz:   0% 2208 MHz:   0% 2400 MHz:   0% 2568 MHz: .54% 2724 MHz:   0% 2868 MHz: .00% 3000 MHz:   0% 3132 MHz:   0% 3264 MHz: .01% 3360 MHz:   0% 3408 MHz:   0% 3504 MHz:  50%)
CPU 7 idle residency:  49.25%
CPU 7 down residency:   0.00%
CPU 8 frequency: 3499 MHz
CPU 8 active residency:  41.06% (702 MHz:   0% 948 MHz:   0% 1188 MHz:   0% 1452 MHz:   0% 1704 MHz: .01% 1968 MHz:   0% 2208 MHz:   0% 2400 MHz:   0% 2568 MHz: .20% 2724 MHz:   0% 2868 MHz:   0% 3000 MHz:   0% 3132 MHz:   0% 3264 MHz:   0% 3360 MHz:   0% 3408 MHz:   0% 3504 MHz:  41%)
CPU 8 idle residency:  58.94%
CPU 8 down residency:   0.00%
CPU 9 frequency: 3500 MHz
CPU 9 active residency:  36.30% (702 MHz:   0% 948 MHz:   0% 1188 MHz:   0% 1452 MHz:   0% 1704 MHz: .00% 1968 MHz:   0% 2208 MHz:   0% 2400 MHz:   0% 2568 MHz: .17% 2724 MHz:   0% 2868 MHz:   0% 3000 MHz:   0% 3132 MHz:   0% 3264 MHz:   0% 3360 MHz:   0% 3408 MHz:   0% 3504 MHz:  36%)
CPU 9 idle residency:  63.70%
CPU 9 down residency:   0.00%

CPU Power: 12328 mW
GPU Power: 214 mW
ANE Power: 0 mW
Combined Power (CPU + GPU + ANE): 12542 mW

**** GPU usage ****

GPU HW active frequency: 524 MHz
GPU HW active residency:  21.59% (444 MHz:  15% 612 MHz: 4.1% 808 MHz: 2.9% 968 MHz:   0% 1110 MHz:   0% 1236 MHz:   0% 1338 MHz:   0% 1398 MHz:   0%)
GPU SW requested state: (P1 :  67% P2 :  31% P3 : 2.4% P4 : .32% P5 :   0% P6 :   0% P7 :   0% P8 :   0%)
GPU idle residency:  78.41%
GPU Power: 216 mW



*** Sampled system activity (Fri Sep 18 19:08:24 2026 -0700) (514.20ms elapsed) ***


**** Processor usage ****

E-Cluster Online: 100%
E-Cluster HW active frequency: 2424 MHz
E-Cluster HW active residency:  99.33% (912 MHz:   0% 1284 MHz: .01% 1752 MHz: .01% 2004 MHz:   0% 2256 MHz: .11% 2424 MHz:  99%)
E-Cluster idle residency:   0.67%
E-Cluster down residency:   0.00%
CPU 0 frequency: 2424 MHz
CPU 0 active residency:  90.57% (912 MHz:   0% 1284 MHz: .01% 1752 MHz: .02% 2004 MHz:   0% 2256 MHz: .12% 2424 MHz:  90%)
CPU 0 idle residency:   9.43%
CPU 0 down residency:   0.00%
CPU 1 frequency: 2424 MHz
CPU 1 active residency:  89.79% (912 MHz:   0% 1284 MHz: .01% 1752 MHz: .02% 2004 MHz:   0% 2256 MHz: .12% 2424 MHz:  90%)
CPU 1 idle residency:  10.21%
CPU 1 down residency:   0.00%
CPU 2 frequency: 2424 MHz
CPU 2 active residency:  88.57% (912 MHz:   0% 1284 MHz: .01% 1752 MHz: .02% 2004 MHz:   0% 2256 MHz: .12% 2424 MHz:  88%)
CPU 2 idle residency:  11.43%
CPU 2 down residency:   0.00%
CPU 3 frequency: 2424 MHz
CPU 3 active residency:  86.07% (912 MHz:   0% 1284 MHz: .01% 1752 MHz: .02% 2004 MHz:   0% 2256 MHz: .12% 2424 MHz:  86%)
CPU 3 idle residency:  13.93%
CPU 3 down residency:   0.00%

P0-Cluster Online: 100%
P0-Cluster HW active frequency: 3319 MHz
P0-Cluster HW active residency:  95.98% (702 MHz: .01% 948 MHz:   0% 1188 MHz:   0% 1452 MHz:   0% 1704 MHz: .17% 1968 MHz:   0% 2208 MHz:   0% 2400 MHz:   0% 2568 MHz:   0% 2724 MHz:   0% 2868 MHz:   0% 3000 MHz:   0% 3132 MHz:   0% 3264 MHz:  56% 3360 MHz:  22% 3408 MHz:  11% 3504 MHz: 8.0%)
P0-Cluster idle residency:   4.02%
P0-Cluster down residency:   0.00%
CPU 4 frequency: 3502 MHz
CPU 4 active residency:  85.50% (702 MHz: .01% 948 MHz:   0% 1188 MHz:   0% 1452 MHz:   0% 1704 MHz: .08% 1968 MHz:   0% 2208 MHz:   0% 2400 MHz:   0% 2568 MHz:   0% 2724 MHz:   0% 2868 MHz:   0% 3000 MHz:   0% 3132 MHz:   0% 3264 MHz: .00% 3360 MHz:   0% 3408 MHz:   0% 3504 MHz:  85%)
CPU 4 idle residency:  14.50%
CPU 4 down residency:   0.00%
CPU 5 frequency: 3503 MHz
CPU 5 active residency:  75.43% (702 MHz:   0% 948 MHz:   0% 1188 MHz:   0% 1452 MHz:   0% 1704 MHz: .03% 1968 MHz:   0% 2208 MHz:   0% 2400 MHz:   0% 2568 MHz:   0% 2724 MHz:   0% 2868 MHz:   0% 3000 MHz:   0% 3132 MHz:   0% 3264 MHz:   0% 3360 MHz:   0% 3408 MHz:   0% 3504 MHz:  75%)
CPU 5 idle residency:  24.57%
CPU 5 down residency:   0.00%
CPU 6 frequency: 3504 MHz
CPU 6 active residency:  71.40% (702 MHz:   0% 948 MHz:   0% 1188 MHz:   0% 1452 MHz:   0% 1704 MHz: .01% 1968 MHz:   0% 2208 MHz:   0% 2400 MHz:   0% 2568 MHz:   0% 2724 MHz:   0% 2868 MHz:   0% 3000 MHz:   0% 3132 MHz:   0% 3264 MHz:   0% 3360 MHz:   0% 3408 MHz:   0% 3504 MHz:  71%)
CPU 6 idle residency:  28.60%
CPU 6 down residency:   0.00%

P1-Cluster Online: 100%
P1-Cluster HW active frequency: 3266 MHz
P1-Cluster HW active residency:  86.92% (702 MHz:   0% 948 MHz: .30% 1188 MHz:   0% 1452 MHz: 2.6% 1704 MHz: .48% 1968 MHz:   0% 2208 MHz:   0% 2400 MHz:   0% 2568 MHz:   0% 2724 MHz:   0% 2868 MHz:   0% 3000 MHz:   0% 3132 MHz:   0% 3264 MHz:  47% 3360 MHz: 9.8% 3408 MHz:  11% 3504 MHz:  16%)
P1-Cluster idle residency:  13.08%
P1-Cluster down residency:   0.00%
CPU 7 frequency: 3504 MHz
CPU 7 active residency:  73.67% (702 MHz:   0% 948 MHz: .01% 1188 MHz:   0% 1452 MHz: .00% 1704 MHz: .00% 1968 MHz:   0% 2208 MHz:   0% 2400 MHz:   0% 2568 MHz:   0% 2724 MHz:   0% 2868 MHz:   0% 3000 MHz:   0% 3132 MHz:   0% 3264 MHz:   0% 3360 MHz:   0% 3408 MHz:   0% 3504 MHz:  74%)
CPU 7 idle residency:  26.33%
CPU 7 down residency:   0.00%
CPU 8 frequency: 3504 MHz
CPU 8 active residency:  67.70% (702 MHz:   0% 948 MHz: .00% 1188 MHz:   0% 1452 MHz:   0% 1704 MHz: .01% 1968 MHz:   0% 2208 MHz:   0% 2400 MHz:   0% 2568 MHz:   0% 2724 MHz:   0% 2868 MHz:   0% 3000 MHz:   0% 3132 MHz:   0% 3264 MHz:   0% 3360 MHz:   0% 3408 MHz:   0% 3504 MHz:  68%)
CPU 8 idle residency:  32.30%
CPU 8 down residency:   0.00%
CPU 9 frequency: 3504 MHz
CPU 9 active residency:  61.96% (702 MHz:   0% 948 MHz:   0% 1188 MHz:   0% 1452 MHz: .01% 1704 MHz:   0% 1968 MHz:   0% 2208 MHz:   0% 2400 MHz:   0% 2568 MHz:   0% 2724 MHz:   0% 2868 MHz:   0% 3000 MHz:   0% 3132 MHz:   0% 3264 MHz:   0% 3360 MHz:   0% 3408 MHz:   0% 3504 MHz:  62%)
CPU 9 idle residency:  38.04%
CPU 9 down residency:   0.00%

CPU Power: 13755 mW
GPU Power: 331 mW
ANE Power: 0 mW
Combined Power (CPU + GPU + ANE): 14086 mW

**** GPU usage ****

GPU HW active frequency: 444 MHz
GPU HW active residency:  33.91% (444 MHz:  34% 612 MHz:   0% 808 MHz:   0% 968 MHz:   0% 1110 MHz:   0% 1236 MHz:   0% 1338 MHz:   0% 1398 MHz:   0%)
GPU SW requested state: (P1 : 100% P2 :   0% P3 :   0% P4 :   0% P5 :   0% P6 :   0% P7 :   0% P8 :   0%)
GPU idle residency:  66.09%
GPU Power: 336 mW



*** Sampled system activity (Fri Sep 18 19:08:24 2026 -0700) (513.83ms elapsed) ***


**** Processor usage ****

E-Cluster Online: 100%
E-Cluster HW active frequency: 2408 MHz
E-Cluster HW active residency:  99.95% (912 MHz: .04% 1284 MHz: .28% 1752 MHz: 1.1% 2004 MHz: .39% 2256 MHz: 2.3% 2424 MHz:  96%)
E-Cluster idle residency:   0.05%
E-Cluster down residency:   0.00%
CPU 0 frequency: 2406 MHz
CPU 0 active residency:  93.67% (912 MHz: .04% 1284 MHz: .29% 1752 MHz: 1.1% 2004 MHz: .39% 2256 MHz: 2.3% 2424 MHz:  90%)
CPU 0 idle residency:   6.33%
CPU 0 down residency:   0.00%
CPU 1 frequency: 2406 MHz
CPU 1 active residency:  91.93% (912 MHz: .04% 1284 MHz: .29% 1752 MHz: 1.1% 2004 MHz: .39% 2256 MHz: 2.3% 2424 MHz:  88%)
CPU 1 idle residency:   8.07%
CPU 1 down residency:   0.00%
CPU 2 frequency: 2406 MHz
CPU 2 active residency:  90.77% (912 MHz: .04% 1284 MHz: .29% 1752 MHz: 1.1% 2004 MHz: .39% 2256 MHz: 2.3% 2424 MHz:  87%)
CPU 2 idle residency:   9.23%
CPU 2 down residency:   0.00%
CPU 3 frequency: 2406 MHz
CPU 3 active residency:  90.97% (912 MHz: .04% 1284 MHz: .29% 1752 MHz: 1.1% 2004 MHz: .39% 2256 MHz: 2.2% 2424 MHz:  87%)
CPU 3 idle residency:   9.03%
CPU 3 down residency:   0.00%

P0-Cluster Online: 100%
P0-Cluster HW active frequency: 3334 MHz
P0-Cluster HW active residency:  86.66% (702 MHz:   0% 948 MHz:   0% 1188 MHz:   0% 1452 MHz:   0% 1704 MHz:   0% 1968 MHz: .77% 2208 MHz:   0% 2400 MHz: .36% 2568 MHz: .07% 2724 MHz:   0% 2868 MHz:   0% 3000 MHz:   0% 3132 MHz: .67% 3264 MHz:  35% 3360 MHz:  21% 3408 MHz:  13% 3504 MHz:  15%)
P0-Cluster idle residency:  13.34%
P0-Cluster down residency:   0.00%
CPU 4 frequency: 3504 MHz
CPU 4 active residency:  72.79% (702 MHz:   0% 948 MHz:   0% 1188 MHz:   0% 1452 MHz:   0% 1704 MHz:   0% 1968 MHz: .00% 2208 MHz:   0% 2400 MHz: .01% 2568 MHz: .01% 2724 MHz:   0% 2868 MHz:   0% 3000 MHz:   0% 3132 MHz: .02% 3264 MHz:   0% 3360 MHz: .00% 3408 MHz:   0% 3504 MHz:  73%)
CPU 4 idle residency:  27.21%
CPU 4 down residency:   0.00%
CPU 5 frequency: 3504 MHz
CPU 5 active residency:  64.57% (702 MHz:   0% 948 MHz:   0% 1188 MHz:   0% 1452 MHz:   0% 1704 MHz:   0% 1968 MHz:   0% 2208 MHz:   0% 2400 MHz:   0% 2568 MHz: .00% 2724 MHz:   0% 2868 MHz:   0% 3000 MHz:   0% 3132 MHz:   0% 3264 MHz:   0% 3360 MHz:   0% 3408 MHz:   0% 3504 MHz:  65%)
CPU 5 idle residency:  35.43%
CPU 5 down residency:   0.00%
CPU 6 frequency: 3504 MHz
CPU 6 active residency:  51.68% (702 MHz:   0% 948 MHz:   0% 1188 MHz:   0% 1452 MHz:   0% 1704 MHz:   0% 1968 MHz:   0% 2208 MHz:   0% 2400 MHz:   0% 2568 MHz:   0% 2724 MHz:   0% 2868 MHz:   0% 3000 MHz:   0% 3132 MHz:   0% 3264 MHz:   0% 3360 MHz:   0% 3408 MHz:   0% 3504 MHz:  52%)
CPU 6 idle residency:  48.32%
CPU 6 down residency:   0.00%

P1-Cluster Online: 100%
P1-Cluster HW active frequency: 3329 MHz
P1-Cluster HW active residency:  95.09% (702 MHz:   0% 948 MHz:   0% 1188 MHz:   0% 1452 MHz:   0% 1704 MHz:   0% 1968 MHz:   0% 2208 MHz:   0% 2400 MHz:   0% 2568 MHz:   0% 2724 MHz: .60% 2868 MHz:   0% 3000 MHz:   0% 3132 MHz: .01% 3264 MHz:  41% 3360 MHz:  36% 3408 MHz:  14% 3504 MHz: 4.3%)
P1-Cluster idle residency:   4.91%
P1-Cluster down residency:   0.00%
CPU 7 frequency: 3503 MHz
CPU 7 active residency:  81.29% (702 MHz:   0% 948 MHz:   0% 1188 MHz:   0% 1452 MHz:   0% 1704 MHz:   0% 1968 MHz:   0% 2208 MHz:   0% 2400 MHz:   0% 2568 MHz:   0% 2724 MHz: .10% 2868 MHz:   0% 3000 MHz:   0% 3132 MHz: .01% 3264 MHz:   0% 3360 MHz:   0% 3408 MHz:   0% 3504 MHz:  81%)
CPU 7 idle residency:  18.71%
CPU 7 down residency:   0.00%
CPU 8 frequency: 3504 MHz
CPU 8 active residency:  69.64% (702 MHz:   0% 948 MHz:   0% 1188 MHz:   0% 1452 MHz:   0% 1704 MHz:   0% 1968 MHz:   0% 2208 MHz:   0% 2400 MHz:   0% 2568 MHz:   0% 2724 MHz: .00% 2868 MHz:   0% 3000 MHz:   0% 3132 MHz: .01% 3264 MHz:   0% 3360 MHz:   0% 3408 MHz:   0% 3504 MHz:  70%)
CPU 8 idle residency:  30.36%
CPU 8 down residency:   0.00%
CPU 9 frequency: 3504 MHz
CPU 9 active residency:  65.56% (702 MHz:   0% 948 MHz:   0% 1188 MHz:   0% 1452 MHz:   0% 1704 MHz:   0% 1968 MHz:   0% 2208 MHz:   0% 2400 MHz:   0% 2568 MHz:   0% 2724 MHz: .01% 2868 MHz:   0% 3000 MHz:   0% 3132 MHz: .01% 3264 MHz:   0% 3360 MHz:   0% 3408 MHz:   0% 3504 MHz:  66%)
CPU 9 idle residency:  34.44%
CPU 9 down residency:   0.00%

CPU Power: 13678 mW
GPU Power: 368 mW
ANE Power: 0 mW
Combined Power (CPU + GPU + ANE): 14045 mW

**** GPU usage ****

GPU HW active frequency: 444 MHz
GPU HW active residency:  24.36% (444 MHz:  24% 612 MHz:   0% 808 MHz:   0% 968 MHz:   0% 1110 MHz:   0% 1236 MHz:   0% 1338 MHz:   0% 1398 MHz:   0%)
GPU SW requested state: (P1 : 100% P2 :   0% P3 :   0% P4 :   0% P5 :   0% P6 :   0% P7 :   0% P8 :   0%)
GPU idle residency:  75.64%
GPU Power: 360 mW



*** Sampled system activity (Fri Sep 18 19:08:25 2026 -0700) (513.04ms elapsed) ***


**** Processor usage ****

E-Cluster Online: 100%
E-Cluster HW active frequency: 2424 MHz
E-Cluster HW active residency:  99.72% (912 MHz:   0% 1284 MHz:   0% 1752 MHz: .05% 2004 MHz:   0% 2256 MHz:   0% 2424 MHz: 100%)
E-Cluster idle residency:   0.28%
E-Cluster down residency:   0.00%
CPU 0 frequency: 2424 MHz
CPU 0 active residency:  94.88% (912 MHz:   0% 1284 MHz:   0% 1752 MHz: .05% 2004 MHz:   0% 2256 MHz:   0% 2424 MHz:  95%)
CPU 0 idle residency:   5.12%
CPU 0 down residency:   0.00%
CPU 1 frequency: 2424 MHz
CPU 1 active residency:  93.56% (912 MHz:   0% 1284 MHz:   0% 1752 MHz: .05% 2004 MHz:   0% 2256 MHz:   0% 2424 MHz:  94%)
CPU 1 idle residency:   6.44%
CPU 1 down residency:   0.00%
CPU 2 frequency: 2424 MHz
CPU 2 active residency:  92.32% (912 MHz:   0% 1284 MHz:   0% 1752 MHz: .05% 2004 MHz:   0% 2256 MHz:   0% 2424 MHz:  92%)
CPU 2 idle residency:   7.68%
CPU 2 down residency:   0.00%
CPU 3 frequency: 2424 MHz
CPU 3 active residency:  92.26% (912 MHz:   0% 1284 MHz:   0% 1752 MHz: .05% 2004 MHz:   0% 2256 MHz:   0% 2424 MHz:  92%)
CPU 3 idle residency:   7.74%
CPU 3 down residency:   0.00%

P0-Cluster Online: 100%
P0-Cluster HW active frequency: 3296 MHz
P0-Cluster HW active residency:  94.82% (702 MHz: .01% 948 MHz:   0% 1188 MHz: .12% 1452 MHz:   0% 1704 MHz:   0% 1968 MHz:   0% 2208 MHz:   0% 2400 MHz:   0% 2568 MHz:   0% 2724 MHz:   0% 2868 MHz:   0% 3000 MHz:   0% 3132 MHz:   0% 3264 MHz:  72% 3360 MHz: 8.3% 3408 MHz:  10% 3504 MHz: 4.5%)
P0-Cluster idle residency:   5.18%
P0-Cluster down residency:   0.00%
CPU 4 frequency: 3504 MHz
CPU 4 active residency:  89.05% (702 MHz: .01% 948 MHz:   0% 1188 MHz: .00% 1452 MHz:   0% 1704 MHz:   0% 1968 MHz:   0% 2208 MHz:   0% 2400 MHz:   0% 2568 MHz:   0% 2724 MHz:   0% 2868 MHz:   0% 3000 MHz:   0% 3132 MHz:   0% 3264 MHz:   0% 3360 MHz:   0% 3408 MHz:   0% 3504 MHz:  89%)
CPU 4 idle residency:  10.95%
CPU 4 down residency:   0.00%
CPU 5 frequency: 3504 MHz
CPU 5 active residency:  86.73% (702 MHz: .00% 948 MHz:   0% 1188 MHz: .00% 1452 MHz:   0% 1704 MHz:   0% 1968 MHz:   0% 2208 MHz:   0% 2400 MHz:   0% 2568 MHz:   0% 2724 MHz:   0% 2868 MHz:   0% 3000 MHz:   0% 3132 MHz:   0% 3264 MHz:   0% 3360 MHz:   0% 3408 MHz:   0% 3504 MHz:  87%)
CPU 5 idle residency:  13.27%
CPU 5 down residency:   0.00%
CPU 6 frequency: 3504 MHz
CPU 6 active residency:  77.81% (702 MHz:   0% 948 MHz:   0% 1188 MHz:   0% 1452 MHz:   0% 1704 MHz:   0% 1968 MHz:   0% 2208 MHz:   0% 2400 MHz:   0% 2568 MHz:   0% 2724 MHz:   0% 2868 MHz:   0% 3000 MHz:   0% 3132 MHz:   0% 3264 MHz:   0% 3360 MHz:   0% 3408 MHz:   0% 3504 MHz:  78%)
CPU 6 idle residency:  22.19%
CPU 6 down residency:   0.00%

P1-Cluster Online: 100%
P1-Cluster HW active frequency: 3296 MHz
P1-Cluster HW active residency:  96.59% (702 MHz:   0% 948 MHz:   0% 1188 MHz:   0% 1452 MHz:   0% 1704 MHz:   0% 1968 MHz:   0% 2208 MHz:   0% 2400 MHz:   0% 2568 MHz:   0% 2724 MHz:   0% 2868 MHz:   0% 3000 MHz:   0% 3132 MHz:   0% 3264 MHz:  75% 3360 MHz: 8.6% 3408 MHz: 8.9% 3504 MHz: 3.9%)
P1-Cluster idle residency:   3.41%
P1-Cluster down residency:   0.00%
CPU 7 frequency: 3504 MHz
CPU 7 active residency:  90.77% (702 MHz:   0% 948 MHz:   0% 1188 MHz:   0% 1452 MHz:   0% 1704 MHz:   0% 1968 MHz:   0% 2208 MHz:   0% 2400 MHz:   0% 2568 MHz:   0% 2724 MHz:   0% 2868 MHz:   0% 3000 MHz:   0% 3132 MHz:   0% 3264 MHz:   0% 3360 MHz:   0% 3408 MHz:   0% 3504 MHz:  91%)
CPU 7 idle residency:   9.23%
CPU 7 down residency:   0.00%
CPU 8 frequency: 3504 MHz
CPU 8 active residency:  89.07% (702 MHz:   0% 948 MHz:   0% 1188 MHz:   0% 1452 MHz:   0% 1704 MHz:   0% 1968 MHz:   0% 2208 MHz:   0% 2400 MHz:   0% 2568 MHz:   0% 2724 MHz:   0% 2868 MHz:   0% 3000 MHz:   0% 3132 MHz:   0% 3264 MHz:   0% 3360 MHz:   0% 3408 MHz:   0% 3504 MHz:  89%)
CPU 8 idle residency:  10.93%
CPU 8 down residency:   0.00%
CPU 9 frequency: 3504 MHz
CPU 9 active residency:  80.78% (702 MHz:   0% 948 MHz:   0% 1188 MHz:   0% 1452 MHz:   0% 1704 MHz:   0% 1968 MHz:   0% 2208 MHz:   0% 2400 MHz:   0% 2568 MHz:   0% 2724 MHz:   0% 2868 MHz:   0% 3000 MHz:   0% 3132 MHz:   0% 3264 MHz:   0% 3360 MHz:   0% 3408 MHz:   0% 3504 MHz:  81%)
CPU 9 idle residency:  19.22%
CPU 9 down residency:   0.00%

CPU Power: 15989 mW
GPU Power: 620 mW
ANE Power: 0 mW
Combined Power (CPU + GPU + ANE): 16609 mW

**** GPU usage ****

GPU HW active frequency: 465 MHz
GPU HW active residency:  39.23% (444 MHz:  37% 612 MHz: .76% 808 MHz: 1.4% 968 MHz: .33% 1110 MHz:   0% 1236 MHz:   0% 1338 MHz:   0% 1398 MHz:   0%)
GPU SW requested state: (P1 :  94% P2 : 2.3% P3 : 3.7% P4 : .33% P5 :   0% P6 :   0% P7 :   0% P8 :   0%)
GPU idle residency:  60.77%
GPU Power: 639 mW



*** Sampled system activity (Fri Sep 18 19:08:26 2026 -0700) (514.30ms elapsed) ***


**** Processor usage ****

E-Cluster Online: 100%
E-Cluster HW active frequency: 2424 MHz
E-Cluster HW active residency: 100.00% (912 MHz:   0% 1284 MHz:   0% 1752 MHz:   0% 2004 MHz:   0% 2256 MHz:   0% 2424 MHz: 100%)
E-Cluster idle residency:   0.00%
E-Cluster down residency:   0.00%
CPU 0 frequency: 2424 MHz
CPU 0 active residency:  99.54% (912 MHz:   0% 1284 MHz:   0% 1752 MHz:   0% 2004 MHz:   0% 2256 MHz:   0% 2424 MHz: 100%)
CPU 0 idle residency:   0.46%
CPU 0 down residency:   0.00%
CPU 1 frequency: 2424 MHz
CPU 1 active residency:  99.58% (912 MHz:   0% 1284 MHz:   0% 1752 MHz:   0% 2004 MHz:   0% 2256 MHz:   0% 2424 MHz: 100%)
CPU 1 idle residency:   0.42%
CPU 1 down residency:   0.00%
CPU 2 frequency: 2424 MHz
CPU 2 active residency:  98.49% (912 MHz:   0% 1284 MHz:   0% 1752 MHz:   0% 2004 MHz:   0% 2256 MHz:   0% 2424 MHz:  98%)
CPU 2 idle residency:   1.51%
CPU 2 down residency:   0.00%
CPU 3 frequency: 2424 MHz
CPU 3 active residency:  98.82% (912 MHz:   0% 1284 MHz:   0% 1752 MHz:   0% 2004 MHz:   0% 2256 MHz:   0% 2424 MHz:  99%)
CPU 3 idle residency:   1.18%
CPU 3 down residency:   0.00%

P0-Cluster Online: 100%
P0-Cluster HW active frequency: 3273 MHz
P0-Cluster HW active residency: 100.00% (702 MHz:   0% 948 MHz:   0% 1188 MHz:   0% 1452 MHz:   0% 1704 MHz:   0% 1968 MHz:   0% 2208 MHz:   0% 2400 MHz:   0% 2568 MHz:   0% 2724 MHz:   0% 2868 MHz:   0% 3000 MHz:   0% 3132 MHz:   0% 3264 MHz:  91% 3360 MHz: 7.6% 3408 MHz: 1.2% 3504 MHz:   0%)
P0-Cluster idle residency:   0.00%
P0-Cluster down residency:   0.00%
CPU 4 frequency: 3504 MHz
CPU 4 active residency:  96.77% (702 MHz:   0% 948 MHz:   0% 1188 MHz:   0% 1452 MHz:   0% 1704 MHz:   0% 1968 MHz:   0% 2208 MHz:   0% 2400 MHz:   0% 2568 MHz:   0% 2724 MHz:   0% 2868 MHz:   0% 3000 MHz:   0% 3132 MHz:   0% 3264 MHz:   0% 3360 MHz:   0% 3408 MHz:   0% 3504 MHz:  97%)
CPU 4 idle residency:   3.23%
CPU 4 down residency:   0.00%
CPU 5 frequency: 3504 MHz
CPU 5 active residency:  96.33% (702 MHz:   0% 948 MHz:   0% 1188 MHz:   0% 1452 MHz:   0% 1704 MHz:   0% 1968 MHz:   0% 2208 MHz:   0% 2400 MHz:   0% 2568 MHz:   0% 2724 MHz:   0% 2868 MHz:   0% 3000 MHz:   0% 3132 MHz:   0% 3264 MHz:   0% 3360 MHz:   0% 3408 MHz:   0% 3504 MHz:  96%)
CPU 5 idle residency:   3.67%
CPU 5 down residency:   0.00%
CPU 6 frequency: 3504 MHz
CPU 6 active residency:  96.58% (702 MHz:   0% 948 MHz:   0% 1188 MHz:   0% 1452 MHz:   0% 1704 MHz:   0% 1968 MHz:   0% 2208 MHz:   0% 2400 MHz:   0% 2568 MHz:   0% 2724 MHz:   0% 2868 MHz:   0% 3000 MHz:   0% 3132 MHz:   0% 3264 MHz:   0% 3360 MHz:   0% 3408 MHz:   0% 3504 MHz:  97%)
CPU 6 idle residency:   3.42%
CPU 6 down residency:   0.00%

P1-Cluster Online: 100%
P1-Cluster HW active frequency: 3276 MHz
P1-Cluster HW active residency:  99.48% (702 MHz:   0% 948 MHz:   0% 1188 MHz:   0% 1452 MHz:   0% 1704 MHz:   0% 1968 MHz:   0% 2208 MHz:   0% 2400 MHz:   0% 2568 MHz:   0% 2724 MHz:   0% 2868 MHz:   0% 3000 MHz:   0% 3132 MHz:   0% 3264 MHz:  88% 3360 MHz: 8.4% 3408 MHz: 2.7% 3504 MHz:   0%)
P1-Cluster idle residency:   0.52%
P1-Cluster down residency:   0.00%
CPU 7 frequency: 3504 MHz
CPU 7 active residency:  95.74% (702 MHz:   0% 948 MHz:   0% 1188 MHz:   0% 1452 MHz:   0% 1704 MHz:   0% 1968 MHz:   0% 2208 MHz:   0% 2400 MHz:   0% 2568 MHz:   0% 2724 MHz:   0% 2868 MHz:   0% 3000 MHz:   0% 3132 MHz:   0% 3264 MHz:   0% 3360 MHz:   0% 3408 MHz:   0% 3504 MHz:  96%)
CPU 7 idle residency:   4.26%
CPU 7 down residency:   0.00%
CPU 8 frequency: 3504 MHz
CPU 8 active residency:  95.52% (702 MHz:   0% 948 MHz:   0% 1188 MHz:   0% 1452 MHz:   0% 1704 MHz:   0% 1968 MHz:   0% 2208 MHz:   0% 2400 MHz:   0% 2568 MHz:   0% 2724 MHz:   0% 2868 MHz:   0% 3000 MHz:   0% 3132 MHz:   0% 3264 MHz:   0% 3360 MHz:   0% 3408 MHz:   0% 3504 MHz:  96%)
CPU 8 idle residency:   4.48%
CPU 8 down residency:   0.00%
CPU 9 frequency: 3504 MHz
CPU 9 active residency:  93.60% (702 MHz:   0% 948 MHz:   0% 1188 MHz:   0% 1452 MHz:   0% 1704 MHz:   0% 1968 MHz:   0% 2208 MHz:   0% 2400 MHz:   0% 2568 MHz:   0% 2724 MHz:   0% 2868 MHz:   0% 3000 MHz:   0% 3132 MHz:   0% 3264 MHz:   0% 3360 MHz:   0% 3408 MHz:   0% 3504 MHz:  94%)
CPU 9 idle residency:   6.40%
CPU 9 down residency:   0.00%

CPU Power: 18213 mW
GPU Power: 758 mW
ANE Power: 0 mW
Combined Power (CPU + GPU + ANE): 18971 mW

**** GPU usage ****

GPU HW active frequency: 534 MHz
GPU HW active residency:  46.41% (444 MHz:  35% 612 MHz: 2.9% 808 MHz: 5.5% 968 MHz: 3.3% 1110 MHz:   0% 1236 MHz:   0% 1338 MHz:   0% 1398 MHz:   0%)
GPU SW requested state: (P1 :  77% P2 : 8.0% P3 :  14% P4 : .65% P5 :   0% P6 :   0% P7 :   0% P8 :   0%)
GPU idle residency:  53.59%
GPU Power: 745 mW



*** Sampled system activity (Fri Sep 18 19:08:26 2026 -0700) (513.27ms elapsed) ***


**** Processor usage ****

E-Cluster Online: 100%
E-Cluster HW active frequency: 2424 MHz
E-Cluster HW active residency:  99.84% (912 MHz:   0% 1284 MHz:   0% 1752 MHz:   0% 2004 MHz:   0% 2256 MHz: .00% 2424 MHz: 100%)
E-Cluster idle residency:   0.16%
E-Cluster down residency:   0.00%
CPU 0 frequency: 2424 MHz
CPU 0 active residency:  90.36% (912 MHz:   0% 1284 MHz:   0% 1752 MHz:   0% 2004 MHz:   0% 2256 MHz: .01% 2424 MHz:  90%)
CPU 0 idle residency:   9.64%
CPU 0 down residency:   0.00%
CPU 1 frequency: 2424 MHz
CPU 1 active residency:  90.24% (912 MHz:   0% 1284 MHz:   0% 1752 MHz:   0% 2004 MHz:   0% 2256 MHz: .01% 2424 MHz:  90%)
CPU 1 idle residency:   9.76%
CPU 1 down residency:   0.00%
CPU 2 frequency: 2424 MHz
CPU 2 active residency:  88.15% (912 MHz:   0% 1284 MHz:   0% 1752 MHz:   0% 2004 MHz:   0% 2256 MHz: .01% 2424 MHz:  88%)
CPU 2 idle residency:  11.85%
CPU 2 down residency:   0.00%
CPU 3 frequency: 2424 MHz
CPU 3 active residency:  85.24% (912 MHz:   0% 1284 MHz:   0% 1752 MHz:   0% 2004 MHz:   0% 2256 MHz: .01% 2424 MHz:  85%)
CPU 3 idle residency:  14.76%
CPU 3 down residency:   0.00%

P0-Cluster Online: 100%
P0-Cluster HW active frequency: 3291 MHz
P0-Cluster HW active residency:  99.23% (702 MHz:   0% 948 MHz:   0% 1188 MHz:   0% 1452 MHz:   0% 1704 MHz:   0% 1968 MHz:   0% 2208 MHz:   0% 2400 MHz:   0% 2568 MHz:   0% 2724 MHz:   0% 2868 MHz:   0% 3000 MHz:   0% 3132 MHz:   0% 3264 MHz:  75% 3360 MHz:  19% 3408 MHz: 5.7% 3504 MHz:   0%)
P0-Cluster idle residency:   0.77%
P0-Cluster down residency:   0.00%
CPU 4 frequency: 3504 MHz
CPU 4 active residency:  90.82% (702 MHz:   0% 948 MHz:   0% 1188 MHz:   0% 1452 MHz:   0% 1704 MHz:   0% 1968 MHz:   0% 2208 MHz:   0% 2400 MHz:   0% 2568 MHz:   0% 2724 MHz:   0% 2868 MHz:   0% 3000 MHz:   0% 3132 MHz:   0% 3264 MHz:   0% 3360 MHz:   0% 3408 MHz:   0% 3504 MHz:  91%)
CPU 4 idle residency:   9.18%
CPU 4 down residency:   0.00%
CPU 5 frequency: 3504 MHz
CPU 5 active residency:  88.90% (702 MHz:   0% 948 MHz:   0% 1188 MHz:   0% 1452 MHz:   0% 1704 MHz:   0% 1968 MHz:   0% 2208 MHz:   0% 2400 MHz:   0% 2568 MHz:   0% 2724 MHz:   0% 2868 MHz:   0% 3000 MHz:   0% 3132 MHz:   0% 3264 MHz:   0% 3360 MHz:   0% 3408 MHz:   0% 3504 MHz:  89%)
CPU 5 idle residency:  11.10%
CPU 5 down residency:   0.00%
CPU 6 frequency: 3504 MHz
CPU 6 active residency:  88.52% (702 MHz:   0% 948 MHz:   0% 1188 MHz:   0% 1452 MHz:   0% 1704 MHz:   0% 1968 MHz:   0% 2208 MHz:   0% 2400 MHz:   0% 2568 MHz:   0% 2724 MHz:   0% 2868 MHz:   0% 3000 MHz:   0% 3132 MHz:   0% 3264 MHz:   0% 3360 MHz:   0% 3408 MHz:   0% 3504 MHz:  89%)
CPU 6 idle residency:  11.48%
CPU 6 down residency:   0.00%

P1-Cluster Online: 100%
P1-Cluster HW active frequency: 3287 MHz
P1-Cluster HW active residency:  98.32% (702 MHz:   0% 948 MHz:   0% 1188 MHz:   0% 1452 MHz:   0% 1704 MHz:   0% 1968 MHz:   0% 2208 MHz:   0% 2400 MHz:   0% 2568 MHz:   0% 2724 MHz:   0% 2868 MHz:   0% 3000 MHz:   0% 3132 MHz:   0% 3264 MHz:  78% 3360 MHz:  14% 3408 MHz: 6.7% 3504 MHz:   0%)
P1-Cluster idle residency:   1.68%
P1-Cluster down residency:   0.00%
CPU 7 frequency: 3504 MHz
CPU 7 active residency:  91.29% (702 MHz:   0% 948 MHz:   0% 1188 MHz:   0% 1452 MHz:   0% 1704 MHz:   0% 1968 MHz:   0% 2208 MHz:   0% 2400 MHz:   0% 2568 MHz:   0% 2724 MHz:   0% 2868 MHz:   0% 3000 MHz:   0% 3132 MHz:   0% 3264 MHz:   0% 3360 MHz:   0% 3408 MHz:   0% 3504 MHz:  91%)
CPU 7 idle residency:   8.71%
CPU 7 down residency:   0.00%
CPU 8 frequency: 3504 MHz
CPU 8 active residency:  91.22% (702 MHz:   0% 948 MHz:   0% 1188 MHz:   0% 1452 MHz:   0% 1704 MHz:   0% 1968 MHz:   0% 2208 MHz:   0% 2400 MHz:   0% 2568 MHz:   0% 2724 MHz:   0% 2868 MHz:   0% 3000 MHz:   0% 3132 MHz:   0% 3264 MHz:   0% 3360 MHz:   0% 3408 MHz:   0% 3504 MHz:  91%)
CPU 8 idle residency:   8.78%
CPU 8 down residency:   0.00%
CPU 9 frequency: 3504 MHz
CPU 9 active residency:  87.22% (702 MHz:   0% 948 MHz:   0% 1188 MHz:   0% 1452 MHz:   0% 1704 MHz:   0% 1968 MHz:   0% 2208 MHz:   0% 2400 MHz:   0% 2568 MHz:   0% 2724 MHz:   0% 2868 MHz:   0% 3000 MHz:   0% 3132 MHz:   0% 3264 MHz:   0% 3360 MHz:   0% 3408 MHz:   0% 3504 MHz:  87%)
CPU 9 idle residency:  12.78%
CPU 9 down residency:   0.00%

CPU Power: 17342 mW
GPU Power: 279 mW
ANE Power: 0 mW
Combined Power (CPU + GPU + ANE): 17620 mW

**** GPU usage ****

GPU HW active frequency: 474 MHz
GPU HW active residency:  30.75% (444 MHz:  27% 612 MHz: 2.8% 808 MHz: 1.2% 968 MHz:   0% 1110 MHz:   0% 1236 MHz:   0% 1338 MHz:   0% 1398 MHz:   0%)
GPU SW requested state: (P1 :  90% P2 : 9.8% P3 : .18% P4 :   0% P5 :   0% P6 :   0% P7 :   0% P8 :   0%)
GPU idle residency:  69.25%
GPU Power: 273 mW



*** Sampled system activity (Fri Sep 18 19:08:27 2026 -0700) (513.66ms elapsed) ***


**** Processor usage ****

E-Cluster Online: 100%
E-Cluster HW active frequency: 2285 MHz
E-Cluster HW active residency:  96.88% (912 MHz: 4.1% 1284 MHz: 4.9% 1752 MHz: 2.3% 2004 MHz:   0% 2256 MHz: .73% 2424 MHz:  85%)
E-Cluster idle residency:   3.12%
E-Cluster down residency:   0.00%
CPU 0 frequency: 2268 MHz
CPU 0 active residency:  68.25% (912 MHz: 3.2% 1284 MHz: 4.1% 1752 MHz: 1.7% 2004 MHz:   0% 2256 MHz: .18% 2424 MHz:  59%)
CPU 0 idle residency:  31.75%
CPU 0 down residency:   0.00%
CPU 1 frequency: 2268 MHz
CPU 1 active residency:  66.01% (912 MHz: 3.4% 1284 MHz: 3.6% 1752 MHz: 1.6% 2004 MHz:   0% 2256 MHz: .10% 2424 MHz:  57%)
CPU 1 idle residency:  33.99%
CPU 1 down residency:   0.00%
CPU 2 frequency: 2274 MHz
CPU 2 active residency:  64.83% (912 MHz: 3.0% 1284 MHz: 3.5% 1752 MHz: 1.6% 2004 MHz:   0% 2256 MHz: .76% 2424 MHz:  56%)
CPU 2 idle residency:  35.17%
CPU 2 down residency:   0.00%
CPU 3 frequency: 2264 MHz
CPU 3 active residency:  57.09% (912 MHz: 2.4% 1284 MHz: 3.8% 1752 MHz: 1.6% 2004 MHz:   0% 2256 MHz: .12% 2424 MHz:  49%)
CPU 3 idle residency:  42.91%
CPU 3 down residency:   0.00%

P0-Cluster Online: 100%
P0-Cluster HW active frequency: 3354 MHz
P0-Cluster HW active residency:  89.84% (702 MHz:   0% 948 MHz:   0% 1188 MHz:   0% 1452 MHz:   0% 1704 MHz:   0% 1968 MHz:   0% 2208 MHz:   0% 2400 MHz:   0% 2568 MHz:   0% 2724 MHz:   0% 2868 MHz:   0% 3000 MHz:   0% 3132 MHz:   0% 3264 MHz:  35% 3360 MHz:  22% 3408 MHz:  19% 3504 MHz:  13%)
P0-Cluster idle residency:  10.16%
P0-Cluster down residency:   0.00%
CPU 4 frequency: 3504 MHz
CPU 4 active residency:  71.80% (702 MHz:   0% 948 MHz:   0% 1188 MHz:   0% 1452 MHz:   0% 1704 MHz:   0% 1968 MHz:   0% 2208 MHz:   0% 2400 MHz:   0% 2568 MHz:   0% 2724 MHz:   0% 2868 MHz:   0% 3000 MHz:   0% 3132 MHz:   0% 3264 MHz:   0% 3360 MHz:   0% 3408 MHz:   0% 3504 MHz:  72%)
CPU 4 idle residency:  28.20%
CPU 4 down residency:   0.00%
CPU 5 frequency: 3504 MHz
CPU 5 active residency:  63.12% (702 MHz:   0% 948 MHz:   0% 1188 MHz:   0% 1452 MHz:   0% 1704 MHz:   0% 1968 MHz:   0% 2208 MHz:   0% 2400 MHz:   0% 2568 MHz:   0% 2724 MHz:   0% 2868 MHz:   0% 3000 MHz:   0% 3132 MHz:   0% 3264 MHz:   0% 3360 MHz:   0% 3408 MHz:   0% 3504 MHz:  63%)
CPU 5 idle residency:  36.88%
CPU 5 down residency:   0.00%
CPU 6 frequency: 3504 MHz
CPU 6 active residency:  52.69% (702 MHz:   0% 948 MHz:   0% 1188 MHz:   0% 1452 MHz:   0% 1704 MHz:   0% 1968 MHz:   0% 2208 MHz:   0% 2400 MHz:   0% 2568 MHz:   0% 2724 MHz:   0% 2868 MHz:   0% 3000 MHz:   0% 3132 MHz:   0% 3264 MHz:   0% 3360 MHz:   0% 3408 MHz:   0% 3504 MHz:  53%)
CPU 6 idle residency:  47.31%
CPU 6 down residency:   0.00%

P1-Cluster Online: 100%
P1-Cluster HW active frequency: 3346 MHz
P1-Cluster HW active residency:  96.22% (702 MHz:   0% 948 MHz:   0% 1188 MHz:   0% 1452 MHz:   0% 1704 MHz:   0% 1968 MHz:   0% 2208 MHz:   0% 2400 MHz:   0% 2568 MHz:   0% 2724 MHz:   0% 2868 MHz:   0% 3000 MHz:   0% 3132 MHz:   0% 3264 MHz:  29% 3360 MHz:  37% 3408 MHz:  30% 3504 MHz: .11%)
P1-Cluster idle residency:   3.78%
P1-Cluster down residency:   0.00%
CPU 7 frequency: 3504 MHz
CPU 7 active residency:  77.87% (702 MHz:   0% 948 MHz:   0% 1188 MHz:   0% 1452 MHz:   0% 1704 MHz:   0% 1968 MHz:   0% 2208 MHz:   0% 2400 MHz:   0% 2568 MHz:   0% 2724 MHz:   0% 2868 MHz:   0% 3000 MHz:   0% 3132 MHz:   0% 3264 MHz:   0% 3360 MHz:   0% 3408 MHz:   0% 3504 MHz:  78%)
CPU 7 idle residency:  22.13%
CPU 7 down residency:   0.00%
CPU 8 frequency: 3504 MHz
CPU 8 active residency:  60.09% (702 MHz:   0% 948 MHz:   0% 1188 MHz:   0% 1452 MHz:   0% 1704 MHz:   0% 1968 MHz:   0% 2208 MHz:   0% 2400 MHz:   0% 2568 MHz:   0% 2724 MHz:   0% 2868 MHz:   0% 3000 MHz:   0% 3132 MHz:   0% 3264 MHz:   0% 3360 MHz:   0% 3408 MHz:   0% 3504 MHz:  60%)
CPU 8 idle residency:  39.91%
CPU 8 down residency:   0.00%
CPU 9 frequency: 3504 MHz
CPU 9 active residency:  55.74% (702 MHz:   0% 948 MHz:   0% 1188 MHz:   0% 1452 MHz:   0% 1704 MHz:   0% 1968 MHz:   0% 2208 MHz:   0% 2400 MHz:   0% 2568 MHz:   0% 2724 MHz:   0% 2868 MHz:   0% 3000 MHz:   0% 3132 MHz:   0% 3264 MHz:   0% 3360 MHz:   0% 3408 MHz:   0% 3504 MHz:  56%)
CPU 9 idle residency:  44.26%
CPU 9 down residency:   0.00%

CPU Power: 13669 mW
GPU Power: 347 mW
ANE Power: 0 mW
Combined Power (CPU + GPU + ANE): 14015 mW

**** GPU usage ****

GPU HW active frequency: 501 MHz
GPU HW active residency:  28.64% (444 MHz:  25% 612 MHz: .46% 808 MHz: 1.1% 968 MHz: 2.2% 1110 MHz:   0% 1236 MHz:   0% 1338 MHz:   0% 1398 MHz:   0%)
GPU SW requested state: (P1 :  86% P2 : 2.6% P3 :  10% P4 : .58% P5 :   0% P6 :   0% P7 :   0% P8 :   0%)
GPU idle residency:  71.36%
GPU Power: 347 mW



*** Sampled system activity (Fri Sep 18 19:08:27 2026 -0700) (512.19ms elapsed) ***


**** Processor usage ****

E-Cluster Online: 100%
E-Cluster HW active frequency: 2389 MHz
E-Cluster HW active residency:  94.93% (912 MHz: .91% 1284 MHz: .11% 1752 MHz: .76% 2004 MHz: 3.2% 2256 MHz: .05% 2424 MHz:  90%)
E-Cluster idle residency:   5.07%
E-Cluster down residency:   0.00%
CPU 0 frequency: 2376 MHz
CPU 0 active residency:  72.03% (912 MHz: .90% 1284 MHz: .11% 1752 MHz: .77% 2004 MHz: 3.4% 2256 MHz: .05% 2424 MHz:  67%)
CPU 0 idle residency:  27.97%
CPU 0 down residency:   0.00%
CPU 1 frequency: 2377 MHz
CPU 1 active residency:  69.31% (912 MHz: .89% 1284 MHz: .10% 1752 MHz: .77% 2004 MHz: 3.1% 2256 MHz: .03% 2424 MHz:  64%)
CPU 1 idle residency:  30.69%
CPU 1 down residency:   0.00%
CPU 2 frequency: 2374 MHz
CPU 2 active residency:  64.98% (912 MHz: .86% 1284 MHz: .09% 1752 MHz: .76% 2004 MHz: 3.2% 2256 MHz: .05% 2424 MHz:  60%)
CPU 2 idle residency:  35.02%
CPU 2 down residency:   0.00%
CPU 3 frequency: 2370 MHz
CPU 3 active residency:  60.60% (912 MHz: .84% 1284 MHz: .09% 1752 MHz: .76% 2004 MHz: 3.2% 2256 MHz: .03% 2424 MHz:  56%)
CPU 3 idle residency:  39.40%
CPU 3 down residency:   0.00%

P0-Cluster Online: 100%
P0-Cluster HW active frequency: 3359 MHz
P0-Cluster HW active residency:  92.29% (702 MHz:   0% 948 MHz:   0% 1188 MHz:   0% 1452 MHz:   0% 1704 MHz:   0% 1968 MHz:   0% 2208 MHz:   0% 2400 MHz: .71% 2568 MHz:   0% 2724 MHz: .11% 2868 MHz:   0% 3000 MHz:   0% 3132 MHz:   0% 3264 MHz:  23% 3360 MHz:  27% 3408 MHz:  31% 3504 MHz:  10%)
P0-Cluster idle residency:   7.71%
P0-Cluster down residency:   0.00%
CPU 4 frequency: 3494 MHz
CPU 4 active residency:  77.08% (702 MHz:   0% 948 MHz:   0% 1188 MHz:   0% 1452 MHz:   0% 1704 MHz:   0% 1968 MHz:   0% 2208 MHz:   0% 2400 MHz: .67% 2568 MHz:   0% 2724 MHz: .01% 2868 MHz:   0% 3000 MHz:   0% 3132 MHz:   0% 3264 MHz:   0% 3360 MHz:   0% 3408 MHz:   0% 3504 MHz:  76%)
CPU 4 idle residency:  22.92%
CPU 4 down residency:   0.00%
CPU 5 frequency: 3498 MHz
CPU 5 active residency:  60.43% (702 MHz:   0% 948 MHz:   0% 1188 MHz:   0% 1452 MHz:   0% 1704 MHz:   0% 1968 MHz:   0% 2208 MHz:   0% 2400 MHz: .24% 2568 MHz:   0% 2724 MHz: .12% 2868 MHz:   0% 3000 MHz:   0% 3132 MHz:   0% 3264 MHz:   0% 3360 MHz:   0% 3408 MHz:   0% 3504 MHz:  60%)
CPU 5 idle residency:  39.57%
CPU 5 down residency:   0.00%
CPU 6 frequency: 3504 MHz
CPU 6 active residency:  32.97% (702 MHz:   0% 948 MHz:   0% 1188 MHz:   0% 1452 MHz:   0% 1704 MHz:   0% 1968 MHz:   0% 2208 MHz:   0% 2400 MHz:   0% 2568 MHz:   0% 2724 MHz: .00% 2868 MHz:   0% 3000 MHz:   0% 3132 MHz:   0% 3264 MHz:   0% 3360 MHz:   0% 3408 MHz:   0% 3504 MHz:  33%)
CPU 6 idle residency:  67.03%
CPU 6 down residency:   0.00%

P1-Cluster Online: 100%
P1-Cluster HW active frequency: 3353 MHz
P1-Cluster HW active residency:  88.84% (702 MHz:   0% 948 MHz: .06% 1188 MHz:   0% 1452 MHz:   0% 1704 MHz: .47% 1968 MHz: .07% 2208 MHz: .56% 2400 MHz:   0% 2568 MHz:   0% 2724 MHz:   0% 2868 MHz: .67% 3000 MHz:   0% 3132 MHz:   0% 3264 MHz:  14% 3360 MHz:  31% 3408 MHz:  35% 3504 MHz: 6.9%)
P1-Cluster idle residency:  11.16%
P1-Cluster down residency:   0.00%
CPU 7 frequency: 3499 MHz
CPU 7 active residency:  66.55% (702 MHz:   0% 948 MHz: .01% 1188 MHz:   0% 1452 MHz:   0% 1704 MHz: .15% 1968 MHz: .00% 2208 MHz: .05% 2400 MHz:   0% 2568 MHz:   0% 2724 MHz:   0% 2868 MHz: .00% 3000 MHz:   0% 3132 MHz:   0% 3264 MHz: .00% 3360 MHz:   0% 3408 MHz:   0% 3504 MHz:  66%)
CPU 7 idle residency:  33.45%
CPU 7 down residency:   0.00%
CPU 8 frequency: 3501 MHz
CPU 8 active residency:  52.05% (702 MHz:   0% 948 MHz:   0% 1188 MHz:   0% 1452 MHz:   0% 1704 MHz: .09% 1968 MHz: .00% 2208 MHz: .00% 2400 MHz:   0% 2568 MHz:   0% 2724 MHz:   0% 2868 MHz:   0% 3000 MHz:   0% 3132 MHz:   0% 3264 MHz:   0% 3360 MHz:   0% 3408 MHz:   0% 3504 MHz:  52%)
CPU 8 idle residency:  47.95%
CPU 8 down residency:   0.00%
CPU 9 frequency: 3498 MHz
CPU 9 active residency:  33.75% (702 MHz:   0% 948 MHz:   0% 1188 MHz:   0% 1452 MHz:   0% 1704 MHz: .11% 1968 MHz: .00% 2208 MHz:   0% 2400 MHz:   0% 2568 MHz:   0% 2724 MHz:   0% 2868 MHz:   0% 3000 MHz:   0% 3132 MHz:   0% 3264 MHz:   0% 3360 MHz:   0% 3408 MHz:   0% 3504 MHz:  34%)
CPU 9 idle residency:  66.25%
CPU 9 down residency:   0.00%

CPU Power: 12693 mW
GPU Power: 291 mW
ANE Power: 0 mW
Combined Power (CPU + GPU + ANE): 12983 mW

**** GPU usage ****

GPU HW active frequency: 541 MHz
GPU HW active residency:  14.55% (444 MHz: 9.7% 612 MHz: 2.1% 808 MHz: 2.3% 968 MHz: .42% 1110 MHz:   0% 1236 MHz:   0% 1338 MHz:   0% 1398 MHz:   0%)
GPU SW requested state: (P1 :  72% P2 :  16% P3 :  11% P4 : .89% P5 :   0% P6 :   0% P7 :   0% P8 :   0%)
GPU idle residency:  85.45%
GPU Power: 291 mW



*** Sampled system activity (Fri Sep 18 19:08:28 2026 -0700) (513.60ms elapsed) ***


**** Processor usage ****

E-Cluster Online: 100%
E-Cluster HW active frequency: 2405 MHz
E-Cluster HW active residency:  95.13% (912 MHz: .06% 1284 MHz: .06% 1752 MHz: 1.9% 2004 MHz: .78% 2256 MHz: .00% 2424 MHz:  92%)
E-Cluster idle residency:   4.87%
E-Cluster down residency:   0.00%
CPU 0 frequency: 2400 MHz
CPU 0 active residency:  75.76% (912 MHz: .05% 1284 MHz: .04% 1752 MHz: 2.0% 2004 MHz: .80% 2256 MHz: .01% 2424 MHz:  73%)
CPU 0 idle residency:  24.24%
CPU 0 down residency:   0.00%
CPU 1 frequency: 2398 MHz
CPU 1 active residency:  72.13% (912 MHz: .06% 1284 MHz: .07% 1752 MHz: 2.0% 2004 MHz: .82% 2256 MHz: .01% 2424 MHz:  69%)
CPU 1 idle residency:  27.87%
CPU 1 down residency:   0.00%
CPU 2 frequency: 2399 MHz
CPU 2 active residency:  71.06% (912 MHz: .04% 1284 MHz: .04% 1752 MHz: 2.0% 2004 MHz: .77% 2256 MHz: .01% 2424 MHz:  68%)
CPU 2 idle residency:  28.94%
CPU 2 down residency:   0.00%
CPU 3 frequency: 2398 MHz
CPU 3 active residency:  69.11% (912 MHz: .04% 1284 MHz: .04% 1752 MHz: 2.0% 2004 MHz: .77% 2256 MHz: .01% 2424 MHz:  66%)
CPU 3 idle residency:  30.89%
CPU 3 down residency:   0.00%

P0-Cluster Online: 100%
P0-Cluster HW active frequency: 3313 MHz
P0-Cluster HW active residency:  96.88% (702 MHz:   0% 948 MHz:   0% 1188 MHz:   0% 1452 MHz:   0% 1704 MHz:   0% 1968 MHz:   0% 2208 MHz:   0% 2400 MHz:   0% 2568 MHz:   0% 2724 MHz:   0% 2868 MHz:   0% 3000 MHz:   0% 3132 MHz:   0% 3264 MHz:  58% 3360 MHz:  23% 3408 MHz:  13% 3504 MHz: 3.0%)
P0-Cluster idle residency:   3.12%
P0-Cluster down residency:   0.00%
CPU 4 frequency: 3504 MHz
CPU 4 active residency:  83.55% (702 MHz:   0% 948 MHz:   0% 1188 MHz:   0% 1452 MHz:   0% 1704 MHz:   0% 1968 MHz:   0% 2208 MHz:   0% 2400 MHz:   0% 2568 MHz:   0% 2724 MHz:   0% 2868 MHz:   0% 3000 MHz:   0% 3132 MHz:   0% 3264 MHz:   0% 3360 MHz:   0% 3408 MHz:   0% 3504 MHz:  84%)
CPU 4 idle residency:  16.45%
CPU 4 down residency:   0.00%
CPU 5 frequency: 3504 MHz
CPU 5 active residency:  79.52% (702 MHz:   0% 948 MHz:   0% 1188 MHz:   0% 1452 MHz:   0% 1704 MHz:   0% 1968 MHz:   0% 2208 MHz:   0% 2400 MHz:   0% 2568 MHz:   0% 2724 MHz:   0% 2868 MHz:   0% 3000 MHz:   0% 3132 MHz:   0% 3264 MHz:   0% 3360 MHz:   0% 3408 MHz:   0% 3504 MHz:  80%)
CPU 5 idle residency:  20.48%
CPU 5 down residency:   0.00%
CPU 6 frequency: 3504 MHz
CPU 6 active residency:  76.54% (702 MHz:   0% 948 MHz:   0% 1188 MHz:   0% 1452 MHz:   0% 1704 MHz:   0% 1968 MHz:   0% 2208 MHz:   0% 2400 MHz:   0% 2568 MHz:   0% 2724 MHz:   0% 2868 MHz:   0% 3000 MHz:   0% 3132 MHz:   0% 3264 MHz:   0% 3360 MHz:   0% 3408 MHz:   0% 3504 MHz:  77%)
CPU 6 idle residency:  23.46%
CPU 6 down residency:   0.00%

P1-Cluster Online: 100%
P1-Cluster HW active frequency: 3322 MHz
P1-Cluster HW active residency:  98.06% (702 MHz:   0% 948 MHz:   0% 1188 MHz:   0% 1452 MHz:   0% 1704 MHz:   0% 1968 MHz:   0% 2208 MHz:   0% 2400 MHz:   0% 2568 MHz:   0% 2724 MHz:   0% 2868 MHz:   0% 3000 MHz:   0% 3132 MHz:   0% 3264 MHz:  50% 3360 MHz:  26% 3408 MHz:  22% 3504 MHz:   0%)
P1-Cluster idle residency:   1.94%
P1-Cluster down residency:   0.00%
CPU 7 frequency: 3504 MHz
CPU 7 active residency:  83.62% (702 MHz:   0% 948 MHz:   0% 1188 MHz:   0% 1452 MHz:   0% 1704 MHz:   0% 1968 MHz:   0% 2208 MHz:   0% 2400 MHz:   0% 2568 MHz:   0% 2724 MHz:   0% 2868 MHz:   0% 3000 MHz:   0% 3132 MHz:   0% 3264 MHz:   0% 3360 MHz:   0% 3408 MHz:   0% 3504 MHz:  84%)
CPU 7 idle residency:  16.38%
CPU 7 down residency:   0.00%
CPU 8 frequency: 3504 MHz
CPU 8 active residency:  76.57% (702 MHz:   0% 948 MHz:   0% 1188 MHz:   0% 1452 MHz:   0% 1704 MHz:   0% 1968 MHz:   0% 2208 MHz:   0% 2400 MHz:   0% 2568 MHz:   0% 2724 MHz:   0% 2868 MHz:   0% 3000 MHz:   0% 3132 MHz:   0% 3264 MHz:   0% 3360 MHz:   0% 3408 MHz:   0% 3504 MHz:  77%)
CPU 8 idle residency:  23.43%
CPU 8 down residency:   0.00%
CPU 9 frequency: 3504 MHz
CPU 9 active residency:  66.08% (702 MHz:   0% 948 MHz:   0% 1188 MHz:   0% 1452 MHz:   0% 1704 MHz:   0% 1968 MHz:   0% 2208 MHz:   0% 2400 MHz:   0% 2568 MHz:   0% 2724 MHz:   0% 2868 MHz:   0% 3000 MHz:   0% 3132 MHz:   0% 3264 MHz:   0% 3360 MHz:   0% 3408 MHz:   0% 3504 MHz:  66%)
CPU 9 idle residency:  33.92%
CPU 9 down residency:   0.00%

CPU Power: 16328 mW
GPU Power: 236 mW
ANE Power: 0 mW
Combined Power (CPU + GPU + ANE): 16564 mW

**** GPU usage ****

GPU HW active frequency: 674 MHz
GPU HW active residency:  13.72% (444 MHz: 5.5% 612 MHz: 1.6% 808 MHz: 3.6% 968 MHz: 3.0% 1110 MHz:   0% 1236 MHz:   0% 1338 MHz:   0% 1398 MHz:   0%)
GPU SW requested state: (P1 :  34% P2 :  24% P3 :  38% P4 : 4.0% P5 :   0% P6 :   0% P7 :   0% P8 :   0%)
GPU idle residency:  86.28%
GPU Power: 236 mW



*** Sampled system activity (Fri Sep 18 19:08:28 2026 -0700) (511.88ms elapsed) ***


**** Processor usage ****

E-Cluster Online: 100%
E-Cluster HW active frequency: 2417 MHz
E-Cluster HW active residency:  94.84% (912 MHz: .23% 1284 MHz: .02% 1752 MHz: .20% 2004 MHz: .20% 2256 MHz: .27% 2424 MHz:  94%)
E-Cluster idle residency:   5.16%
E-Cluster down residency:   0.00%
CPU 0 frequency: 2415 MHz
CPU 0 active residency:  70.13% (912 MHz: .21% 1284 MHz: .02% 1752 MHz: .20% 2004 MHz: .20% 2256 MHz: .29% 2424 MHz:  69%)
CPU 0 idle residency:  29.87%
CPU 0 down residency:   0.00%
CPU 1 frequency: 2415 MHz
CPU 1 active residency:  67.64% (912 MHz: .19% 1284 MHz: .02% 1752 MHz: .21% 2004 MHz: .19% 2256 MHz: .29% 2424 MHz:  67%)
CPU 1 idle residency:  32.36%
CPU 1 down residency:   0.00%
CPU 2 frequency: 2415 MHz
CPU 2 active residency:  66.03% (912 MHz: .20% 1284 MHz: .02% 1752 MHz: .20% 2004 MHz: .20% 2256 MHz: .29% 2424 MHz:  65%)
CPU 2 idle residency:  33.97%
CPU 2 down residency:   0.00%
CPU 3 frequency: 2415 MHz
CPU 3 active residency:  65.12% (912 MHz: .21% 1284 MHz: .02% 1752 MHz: .18% 2004 MHz: .19% 2256 MHz: .29% 2424 MHz:  64%)
CPU 3 idle residency:  34.88%
CPU 3 down residency:   0.00%

P0-Cluster Online: 100%
P0-Cluster HW active frequency: 3367 MHz
P0-Cluster HW active residency:  90.85% (702 MHz:   0% 948 MHz:   0% 1188 MHz:   0% 1452 MHz:   0% 1704 MHz:   0% 1968 MHz:   0% 2208 MHz:   0% 2400 MHz:   0% 2568 MHz:   0% 2724 MHz:   0% 2868 MHz:   0% 3000 MHz:   0% 3132 MHz:   0% 3264 MHz:  25% 3360 MHz:  28% 3408 MHz:  25% 3504 MHz:  13%)
P0-Cluster idle residency:   9.15%
P0-Cluster down residency:   0.00%
CPU 4 frequency: 3504 MHz
CPU 4 active residency:  72.99% (702 MHz:   0% 948 MHz:   0% 1188 MHz:   0% 1452 MHz:   0% 1704 MHz:   0% 1968 MHz:   0% 2208 MHz:   0% 2400 MHz:   0% 2568 MHz:   0% 2724 MHz:   0% 2868 MHz:   0% 3000 MHz:   0% 3132 MHz:   0% 3264 MHz:   0% 3360 MHz:   0% 3408 MHz:   0% 3504 MHz:  73%)
CPU 4 idle residency:  27.01%
CPU 4 down residency:   0.00%
CPU 5 frequency: 3504 MHz
CPU 5 active residency:  57.13% (702 MHz:   0% 948 MHz:   0% 1188 MHz:   0% 1452 MHz:   0% 1704 MHz:   0% 1968 MHz:   0% 2208 MHz:   0% 2400 MHz:   0% 2568 MHz:   0% 2724 MHz:   0% 2868 MHz:   0% 3000 MHz:   0% 3132 MHz:   0% 3264 MHz:   0% 3360 MHz:   0% 3408 MHz:   0% 3504 MHz:  57%)
CPU 5 idle residency:  42.87%
CPU 5 down residency:   0.00%
CPU 6 frequency: 3504 MHz
CPU 6 active residency:  43.22% (702 MHz:   0% 948 MHz:   0% 1188 MHz:   0% 1452 MHz:   0% 1704 MHz:   0% 1968 MHz:   0% 2208 MHz:   0% 2400 MHz:   0% 2568 MHz:   0% 2724 MHz:   0% 2868 MHz:   0% 3000 MHz:   0% 3132 MHz:   0% 3264 MHz:   0% 3360 MHz:   0% 3408 MHz:   0% 3504 MHz:  43%)
CPU 6 idle residency:  56.78%
CPU 6 down residency:   0.00%

P1-Cluster Online: 100%
P1-Cluster HW active frequency: 3367 MHz
P1-Cluster HW active residency:  92.36% (702 MHz:   0% 948 MHz:   0% 1188 MHz:   0% 1452 MHz:   0% 1704 MHz:   0% 1968 MHz:   0% 2208 MHz:   0% 2400 MHz:   0% 2568 MHz:   0% 2724 MHz:   0% 2868 MHz:   0% 3000 MHz:   0% 3132 MHz: .07% 3264 MHz:  17% 3360 MHz:  35% 3408 MHz:  37% 3504 MHz: 3.0%)
P1-Cluster idle residency:   7.64%
P1-Cluster down residency:   0.00%
CPU 7 frequency: 3504 MHz
CPU 7 active residency:  66.26% (702 MHz:   0% 948 MHz:   0% 1188 MHz:   0% 1452 MHz:   0% 1704 MHz:   0% 1968 MHz:   0% 2208 MHz:   0% 2400 MHz:   0% 2568 MHz:   0% 2724 MHz:   0% 2868 MHz:   0% 3000 MHz:   0% 3132 MHz: .05% 3264 MHz:   0% 3360 MHz:   0% 3408 MHz:   0% 3504 MHz:  66%)
CPU 7 idle residency:  33.74%
CPU 7 down residency:   0.00%
CPU 8 frequency: 3504 MHz
CPU 8 active residency:  56.83% (702 MHz:   0% 948 MHz:   0% 1188 MHz:   0% 1452 MHz:   0% 1704 MHz:   0% 1968 MHz:   0% 2208 MHz:   0% 2400 MHz:   0% 2568 MHz:   0% 2724 MHz:   0% 2868 MHz:   0% 3000 MHz:   0% 3132 MHz: .00% 3264 MHz:   0% 3360 MHz:   0% 3408 MHz:   0% 3504 MHz:  57%)
CPU 8 idle residency:  43.17%
CPU 8 down residency:   0.00%
CPU 9 frequency: 3504 MHz
CPU 9 active residency:  42.01% (702 MHz:   0% 948 MHz:   0% 1188 MHz:   0% 1452 MHz:   0% 1704 MHz:   0% 1968 MHz:   0% 2208 MHz:   0% 2400 MHz:   0% 2568 MHz:   0% 2724 MHz:   0% 2868 MHz:   0% 3000 MHz:   0% 3132 MHz:   0% 3264 MHz:   0% 3360 MHz:   0% 3408 MHz:   0% 3504 MHz:  42%)
CPU 9 idle residency:  57.99%
CPU 9 down residency:   0.00%

CPU Power: 13407 mW
GPU Power: 240 mW
ANE Power: 0 mW
Combined Power (CPU + GPU + ANE): 13648 mW

**** GPU usage ****

GPU HW active frequency: 444 MHz
GPU HW active residency:  15.35% (444 MHz:  15% 612 MHz:   0% 808 MHz:   0% 968 MHz:   0% 1110 MHz:   0% 1236 MHz:   0% 1338 MHz:   0% 1398 MHz:   0%)
GPU SW requested state: (P1 : 100% P2 :   0% P3 :   0% P4 :   0% P5 :   0% P6 :   0% P7 :   0% P8 :   0%)
GPU idle residency:  84.65%
GPU Power: 252 mW



*** Sampled system activity (Fri Sep 18 19:08:29 2026 -0700) (512.71ms elapsed) ***


**** Processor usage ****

E-Cluster Online: 100%
E-Cluster HW active frequency: 2374 MHz
E-Cluster HW active residency:  94.25% (912 MHz: .06% 1284 MHz: 1.5% 1752 MHz: 2.7% 2004 MHz: 2.5% 2256 MHz: .13% 2424 MHz:  87%)
E-Cluster idle residency:   5.75%
E-Cluster down residency:   0.00%
CPU 0 frequency: 2369 MHz
CPU 0 active residency:  68.15% (912 MHz: .06% 1284 MHz: 1.4% 1752 MHz: 1.8% 2004 MHz: 2.0% 2256 MHz: .13% 2424 MHz:  63%)
CPU 0 idle residency:  31.85%
CPU 0 down residency:   0.00%
CPU 1 frequency: 2368 MHz
CPU 1 active residency:  68.41% (912 MHz: .03% 1284 MHz: 1.4% 1752 MHz: 2.3% 2004 MHz: 1.5% 2256 MHz: .11% 2424 MHz:  63%)
CPU 1 idle residency:  31.59%
CPU 1 down residency:   0.00%
CPU 2 frequency: 2369 MHz
CPU 2 active residency:  60.91% (912 MHz: .03% 1284 MHz: 1.2% 1752 MHz: 1.8% 2004 MHz: 1.5% 2256 MHz: .07% 2424 MHz:  56%)
CPU 2 idle residency:  39.09%
CPU 2 down residency:   0.00%
CPU 3 frequency: 2369 MHz
CPU 3 active residency:  59.23% (912 MHz: .02% 1284 MHz: 1.3% 1752 MHz: 1.7% 2004 MHz: 1.5% 2256 MHz: .11% 2424 MHz:  55%)
CPU 3 idle residency:  40.77%
CPU 3 down residency:   0.00%

P0-Cluster Online: 100%
P0-Cluster HW active frequency: 3359 MHz
P0-Cluster HW active residency:  94.57% (702 MHz:   0% 948 MHz:   0% 1188 MHz:   0% 1452 MHz:   0% 1704 MHz:   0% 1968 MHz:   0% 2208 MHz:   0% 2400 MHz:   0% 2568 MHz:   0% 2724 MHz:   0% 2868 MHz:   0% 3000 MHz:   0% 3132 MHz:   0% 3264 MHz:  27% 3360 MHz:  38% 3408 MHz:  18% 3504 MHz:  11%)
P0-Cluster idle residency:   5.43%
P0-Cluster down residency:   0.00%
CPU 4 frequency: 3504 MHz
CPU 4 active residency:  66.97% (702 MHz:   0% 948 MHz:   0% 1188 MHz:   0% 1452 MHz:   0% 1704 MHz:   0% 1968 MHz:   0% 2208 MHz:   0% 2400 MHz:   0% 2568 MHz:   0% 2724 MHz:   0% 2868 MHz:   0% 3000 MHz:   0% 3132 MHz:   0% 3264 MHz:   0% 3360 MHz:   0% 3408 MHz:   0% 3504 MHz:  67%)
CPU 4 idle residency:  33.03%
CPU 4 down residency:   0.00%
CPU 5 frequency: 3504 MHz
CPU 5 active residency:  65.05% (702 MHz:   0% 948 MHz:   0% 1188 MHz:   0% 1452 MHz:   0% 1704 MHz:   0% 1968 MHz:   0% 2208 MHz:   0% 2400 MHz:   0% 2568 MHz:   0% 2724 MHz:   0% 2868 MHz:   0% 3000 MHz:   0% 3132 MHz:   0% 3264 MHz:   0% 3360 MHz:   0% 3408 MHz:   0% 3504 MHz:  65%)
CPU 5 idle residency:  34.95%
CPU 5 down residency:   0.00%
CPU 6 frequency: 3504 MHz
CPU 6 active residency:  57.43% (702 MHz:   0% 948 MHz:   0% 1188 MHz:   0% 1452 MHz:   0% 1704 MHz:   0% 1968 MHz:   0% 2208 MHz:   0% 2400 MHz:   0% 2568 MHz:   0% 2724 MHz:   0% 2868 MHz:   0% 3000 MHz:   0% 3132 MHz:   0% 3264 MHz:   0% 3360 MHz:   0% 3408 MHz:   0% 3504 MHz:  57%)
CPU 6 idle residency:  42.57%
CPU 6 down residency:   0.00%

P1-Cluster Online: 100%
P1-Cluster HW active frequency: 3354 MHz
P1-Cluster HW active residency:  93.38% (702 MHz:   0% 948 MHz:   0% 1188 MHz:   0% 1452 MHz:   0% 1704 MHz:   0% 1968 MHz:   0% 2208 MHz:   0% 2400 MHz:   0% 2568 MHz:   0% 2724 MHz:   0% 2868 MHz:   0% 3000 MHz:   0% 3132 MHz:   0% 3264 MHz:  26% 3360 MHz:  34% 3408 MHz:  30% 3504 MHz: 3.4%)
P1-Cluster idle residency:   6.62%
P1-Cluster down residency:   0.00%
CPU 7 frequency: 3504 MHz
CPU 7 active residency:  69.93% (702 MHz:   0% 948 MHz:   0% 1188 MHz:   0% 1452 MHz:   0% 1704 MHz:   0% 1968 MHz:   0% 2208 MHz:   0% 2400 MHz:   0% 2568 MHz:   0% 2724 MHz:   0% 2868 MHz:   0% 3000 MHz:   0% 3132 MHz:   0% 3264 MHz:   0% 3360 MHz:   0% 3408 MHz: .39% 3504 MHz:  70%)
CPU 7 idle residency:  30.07%
CPU 7 down residency:   0.00%
CPU 8 frequency: 3503 MHz
CPU 8 active residency:  57.76% (702 MHz:   0% 948 MHz:   0% 1188 MHz:   0% 1452 MHz:   0% 1704 MHz:   0% 1968 MHz:   0% 2208 MHz:   0% 2400 MHz:   0% 2568 MHz:   0% 2724 MHz:   0% 2868 MHz:   0% 3000 MHz:   0% 3132 MHz:   0% 3264 MHz:   0% 3360 MHz:   0% 3408 MHz: .39% 3504 MHz:  57%)
CPU 8 idle residency:  42.24%
CPU 8 down residency:   0.00%
CPU 9 frequency: 3503 MHz
CPU 9 active residency:  55.26% (702 MHz:   0% 948 MHz:   0% 1188 MHz:   0% 1452 MHz:   0% 1704 MHz:   0% 1968 MHz:   0% 2208 MHz:   0% 2400 MHz:   0% 2568 MHz:   0% 2724 MHz:   0% 2868 MHz:   0% 3000 MHz:   0% 3132 MHz:   0% 3264 MHz:   0% 3360 MHz:   0% 3408 MHz: .39% 3504 MHz:  55%)
CPU 9 idle residency:  44.74%
CPU 9 down residency:   0.00%

CPU Power: 14224 mW
GPU Power: 632 mW
ANE Power: 0 mW
Combined Power (CPU + GPU + ANE): 14856 mW

**** GPU usage ****

GPU HW active frequency: 444 MHz
GPU HW active residency:  35.06% (444 MHz:  35% 612 MHz:   0% 808 MHz:   0% 968 MHz:   0% 1110 MHz:   0% 1236 MHz:   0% 1338 MHz:   0% 1398 MHz:   0%)
GPU SW requested state: (P1 : 100% P2 :   0% P3 :   0% P4 :   0% P5 :   0% P6 :   0% P7 :   0% P8 :   0%)
GPU idle residency:  64.94%
GPU Power: 620 mW



*** Sampled system activity (Fri Sep 18 19:08:29 2026 -0700) (513.65ms elapsed) ***


**** Processor usage ****

E-Cluster Online: 100%
E-Cluster HW active frequency: 2311 MHz
E-Cluster HW active residency:  89.07% (912 MHz: .53% 1284 MHz: .01% 1752 MHz:  12% 2004 MHz: 2.4% 2256 MHz: 2.9% 2424 MHz:  72%)
E-Cluster idle residency:  10.93%
E-Cluster down residency:   0.00%
CPU 0 frequency: 2309 MHz
CPU 0 active residency:  55.16% (912 MHz: .29% 1284 MHz: .01% 1752 MHz: 7.1% 2004 MHz: 2.2% 2256 MHz: 1.2% 2424 MHz:  44%)
CPU 0 idle residency:  44.84%
CPU 0 down residency:   0.00%
CPU 1 frequency: 2303 MHz
CPU 1 active residency:  51.58% (912 MHz: .29% 1284 MHz: .00% 1752 MHz: 7.1% 2004 MHz: 2.0% 2256 MHz: 1.4% 2424 MHz:  41%)
CPU 1 idle residency:  48.42%
CPU 1 down residency:   0.00%
CPU 2 frequency: 2304 MHz
CPU 2 active residency:  47.33% (912 MHz: .18% 1284 MHz:   0% 1752 MHz: 6.6% 2004 MHz: 1.6% 2256 MHz: 1.8% 2424 MHz:  37%)
CPU 2 idle residency:  52.67%
CPU 2 down residency:   0.00%
CPU 3 frequency: 2299 MHz
CPU 3 active residency:  44.00% (912 MHz: .22% 1284 MHz: .01% 1752 MHz: 6.5% 2004 MHz: 1.4% 2256 MHz: 1.0% 2424 MHz:  35%)
CPU 3 idle residency:  56.00%
CPU 3 down residency:   0.00%

P0-Cluster Online: 100%
P0-Cluster HW active frequency: 3357 MHz
P0-Cluster HW active residency:  95.67% (702 MHz:   0% 948 MHz:   0% 1188 MHz:   0% 1452 MHz:   0% 1704 MHz:   0% 1968 MHz:   0% 2208 MHz:   0% 2400 MHz:   0% 2568 MHz:   0% 2724 MHz:   0% 2868 MHz:   0% 3000 MHz:   0% 3132 MHz:   0% 3264 MHz:  20% 3360 MHz:  45% 3408 MHz:  28% 3504 MHz: 1.9%)
P0-Cluster idle residency:   4.33%
P0-Cluster down residency:   0.00%
CPU 4 frequency: 3504 MHz
CPU 4 active residency:  72.73% (702 MHz:   0% 948 MHz:   0% 1188 MHz:   0% 1452 MHz:   0% 1704 MHz:   0% 1968 MHz:   0% 2208 MHz:   0% 2400 MHz:   0% 2568 MHz:   0% 2724 MHz:   0% 2868 MHz:   0% 3000 MHz:   0% 3132 MHz:   0% 3264 MHz:   0% 3360 MHz:   0% 3408 MHz:   0% 3504 MHz:  73%)
CPU 4 idle residency:  27.27%
CPU 4 down residency:   0.00%
CPU 5 frequency: 3504 MHz
CPU 5 active residency:  60.47% (702 MHz:   0% 948 MHz:   0% 1188 MHz:   0% 1452 MHz:   0% 1704 MHz:   0% 1968 MHz:   0% 2208 MHz:   0% 2400 MHz:   0% 2568 MHz:   0% 2724 MHz:   0% 2868 MHz:   0% 3000 MHz:   0% 3132 MHz:   0% 3264 MHz:   0% 3360 MHz:   0% 3408 MHz:   0% 3504 MHz:  60%)
CPU 5 idle residency:  39.53%
CPU 5 down residency:   0.00%
CPU 6 frequency: 3504 MHz
CPU 6 active residency:  50.35% (702 MHz:   0% 948 MHz:   0% 1188 MHz:   0% 1452 MHz:   0% 1704 MHz:   0% 1968 MHz:   0% 2208 MHz:   0% 2400 MHz:   0% 2568 MHz:   0% 2724 MHz:   0% 2868 MHz:   0% 3000 MHz:   0% 3132 MHz:   0% 3264 MHz:   0% 3360 MHz:   0% 3408 MHz:   0% 3504 MHz:  50%)
CPU 6 idle residency:  49.65%
CPU 6 down residency:   0.00%

P1-Cluster Online: 100%
P1-Cluster HW active frequency: 3371 MHz
P1-Cluster HW active residency:  89.43% (702 MHz:   0% 948 MHz:   0% 1188 MHz:   0% 1452 MHz:   0% 1704 MHz:   0% 1968 MHz:   0% 2208 MHz:   0% 2400 MHz:   0% 2568 MHz:   0% 2724 MHz:   0% 2868 MHz:   0% 3000 MHz:   0% 3132 MHz:   0% 3264 MHz:  23% 3360 MHz:  27% 3408 MHz:  28% 3504 MHz:  12%)
P1-Cluster idle residency:  10.57%
P1-Cluster down residency:   0.00%
CPU 7 frequency: 3504 MHz
CPU 7 active residency:  67.00% (702 MHz:   0% 948 MHz:   0% 1188 MHz:   0% 1452 MHz:   0% 1704 MHz:   0% 1968 MHz:   0% 2208 MHz:   0% 2400 MHz:   0% 2568 MHz:   0% 2724 MHz:   0% 2868 MHz:   0% 3000 MHz:   0% 3132 MHz:   0% 3264 MHz:   0% 3360 MHz:   0% 3408 MHz:   0% 3504 MHz:  67%)
CPU 7 idle residency:  33.00%
CPU 7 down residency:   0.00%
CPU 8 frequency: 3504 MHz
CPU 8 active residency:  51.53% (702 MHz:   0% 948 MHz:   0% 1188 MHz:   0% 1452 MHz:   0% 1704 MHz:   0% 1968 MHz:   0% 2208 MHz:   0% 2400 MHz:   0% 2568 MHz:   0% 2724 MHz:   0% 2868 MHz:   0% 3000 MHz:   0% 3132 MHz:   0% 3264 MHz:   0% 3360 MHz:   0% 3408 MHz:   0% 3504 MHz:  52%)
CPU 8 idle residency:  48.47%
CPU 8 down residency:   0.00%
CPU 9 frequency: 3504 MHz
CPU 9 active residency:  47.47% (702 MHz:   0% 948 MHz:   0% 1188 MHz:   0% 1452 MHz:   0% 1704 MHz:   0% 1968 MHz:   0% 2208 MHz:   0% 2400 MHz:   0% 2568 MHz:   0% 2724 MHz:   0% 2868 MHz:   0% 3000 MHz:   0% 3132 MHz:   0% 3264 MHz:   0% 3360 MHz:   0% 3408 MHz:   0% 3504 MHz:  47%)
CPU 9 idle residency:  52.53%
CPU 9 down residency:   0.00%

CPU Power: 13723 mW
GPU Power: 123 mW
ANE Power: 0 mW
Combined Power (CPU + GPU + ANE): 13846 mW

**** GPU usage ****

GPU HW active frequency: 457 MHz
GPU HW active residency:  12.93% (444 MHz:  13% 612 MHz:   0% 808 MHz: .21% 968 MHz: .19% 1110 MHz:   0% 1236 MHz:   0% 1338 MHz:   0% 1398 MHz:   0%)
GPU SW requested state: (P1 :  97% P2 :   0% P3 : .78% P4 : 2.4% P5 :   0% P6 :   0% P7 :   0% P8 :   0%)
GPU idle residency:  87.07%
GPU Power: 125 mW



*** Sampled system activity (Fri Sep 18 19:08:30 2026 -0700) (512.45ms elapsed) ***


**** Processor usage ****

E-Cluster Online: 100%
E-Cluster HW active frequency: 2360 MHz
E-Cluster HW active residency:  99.80% (912 MHz: 2.7% 1284 MHz: .98% 1752 MHz: 1.7% 2004 MHz: .04% 2256 MHz: .01% 2424 MHz:  94%)
E-Cluster idle residency:   0.20%
E-Cluster down residency:   0.00%
CPU 0 frequency: 2352 MHz
CPU 0 active residency:  73.37% (912 MHz: 2.3% 1284 MHz: .82% 1752 MHz: 1.2% 2004 MHz: .05% 2256 MHz: .01% 2424 MHz:  69%)
CPU 0 idle residency:  26.63%
CPU 0 down residency:   0.00%
CPU 1 frequency: 2355 MHz
CPU 1 active residency:  73.47% (912 MHz: 2.0% 1284 MHz: .84% 1752 MHz: 1.6% 2004 MHz: .05% 2256 MHz: .01% 2424 MHz:  69%)
CPU 1 idle residency:  26.53%
CPU 1 down residency:   0.00%
CPU 2 frequency: 2357 MHz
CPU 2 active residency:  67.10% (912 MHz: 2.0% 1284 MHz: .65% 1752 MHz: 1.1% 2004 MHz: .05% 2256 MHz: .01% 2424 MHz:  63%)
CPU 2 idle residency:  32.90%
CPU 2 down residency:   0.00%
CPU 3 frequency: 2352 MHz
CPU 3 active residency:  66.92% (912 MHz: 2.3% 1284 MHz: .70% 1752 MHz: .80% 2004 MHz: .05% 2256 MHz: .01% 2424 MHz:  63%)
CPU 3 idle residency:  33.08%
CPU 3 down residency:   0.00%

P0-Cluster Online: 100%
P0-Cluster HW active frequency: 3350 MHz
P0-Cluster HW active residency:  99.69% (702 MHz:   0% 948 MHz:   0% 1188 MHz:   0% 1452 MHz:   0% 1704 MHz:   0% 1968 MHz:   0% 2208 MHz:   0% 2400 MHz:   0% 2568 MHz:   0% 2724 MHz:   0% 2868 MHz:   0% 3000 MHz:   0% 3132 MHz:   0% 3264 MHz:  23% 3360 MHz:  51% 3408 MHz:  26% 3504 MHz:   0%)
P0-Cluster idle residency:   0.31%
P0-Cluster down residency:   0.00%
CPU 4 frequency: 3504 MHz
CPU 4 active residency:  69.54% (702 MHz:   0% 948 MHz:   0% 1188 MHz:   0% 1452 MHz:   0% 1704 MHz:   0% 1968 MHz:   0% 2208 MHz:   0% 2400 MHz:   0% 2568 MHz:   0% 2724 MHz:   0% 2868 MHz:   0% 3000 MHz:   0% 3132 MHz:   0% 3264 MHz:   0% 3360 MHz:   0% 3408 MHz:   0% 3504 MHz:  70%)
CPU 4 idle residency:  30.46%
CPU 4 down residency:   0.00%
CPU 5 frequency: 3504 MHz
CPU 5 active residency:  71.06% (702 MHz:   0% 948 MHz:   0% 1188 MHz:   0% 1452 MHz:   0% 1704 MHz:   0% 1968 MHz:   0% 2208 MHz:   0% 2400 MHz:   0% 2568 MHz:   0% 2724 MHz:   0% 2868 MHz:   0% 3000 MHz:   0% 3132 MHz:   0% 3264 MHz:   0% 3360 MHz:   0% 3408 MHz:   0% 3504 MHz:  71%)
CPU 5 idle residency:  28.94%
CPU 5 down residency:   0.00%
CPU 6 frequency: 3504 MHz
CPU 6 active residency:  55.36% (702 MHz:   0% 948 MHz:   0% 1188 MHz:   0% 1452 MHz:   0% 1704 MHz:   0% 1968 MHz:   0% 2208 MHz:   0% 2400 MHz:   0% 2568 MHz:   0% 2724 MHz:   0% 2868 MHz:   0% 3000 MHz:   0% 3132 MHz:   0% 3264 MHz:   0% 3360 MHz:   0% 3408 MHz:   0% 3504 MHz:  55%)
CPU 6 idle residency:  44.64%
CPU 6 down residency:   0.00%

P1-Cluster Online: 100%
P1-Cluster HW active frequency: 3364 MHz
P1-Cluster HW active residency:  90.47% (702 MHz:   0% 948 MHz:   0% 1188 MHz:   0% 1452 MHz:   0% 1704 MHz:   0% 1968 MHz:   0% 2208 MHz:   0% 2400 MHz:   0% 2568 MHz:   0% 2724 MHz:   0% 2868 MHz:   0% 3000 MHz:   0% 3132 MHz:   0% 3264 MHz:  26% 3360 MHz:  27% 3408 MHz:  25% 3504 MHz:  12%)
P1-Cluster idle residency:   9.53%
P1-Cluster down residency:   0.00%
CPU 7 frequency: 3504 MHz
CPU 7 active residency:  70.43% (702 MHz:   0% 948 MHz:   0% 1188 MHz:   0% 1452 MHz:   0% 1704 MHz:   0% 1968 MHz:   0% 2208 MHz:   0% 2400 MHz:   0% 2568 MHz:   0% 2724 MHz:   0% 2868 MHz:   0% 3000 MHz:   0% 3132 MHz:   0% 3264 MHz: .09% 3360 MHz:   0% 3408 MHz:   0% 3504 MHz:  70%)
CPU 7 idle residency:  29.57%
CPU 7 down residency:   0.00%
CPU 8 frequency: 3504 MHz
CPU 8 active residency:  53.34% (702 MHz:   0% 948 MHz:   0% 1188 MHz:   0% 1452 MHz:   0% 1704 MHz:   0% 1968 MHz:   0% 2208 MHz:   0% 2400 MHz:   0% 2568 MHz:   0% 2724 MHz:   0% 2868 MHz:   0% 3000 MHz:   0% 3132 MHz:   0% 3264 MHz: .00% 3360 MHz:   0% 3408 MHz:   0% 3504 MHz:  53%)
CPU 8 idle residency:  46.66%
CPU 8 down residency:   0.00%
CPU 9 frequency: 3504 MHz
CPU 9 active residency:  50.37% (702 MHz:   0% 948 MHz:   0% 1188 MHz:   0% 1452 MHz:   0% 1704 MHz:   0% 1968 MHz:   0% 2208 MHz:   0% 2400 MHz:   0% 2568 MHz:   0% 2724 MHz:   0% 2868 MHz:   0% 3000 MHz:   0% 3132 MHz:   0% 3264 MHz:   0% 3360 MHz:   0% 3408 MHz:   0% 3504 MHz:  50%)
CPU 9 idle residency:  49.63%
CPU 9 down residency:   0.00%

CPU Power: 14561 mW
GPU Power: 127 mW
ANE Power: 0 mW
Combined Power (CPU + GPU + ANE): 14688 mW

**** GPU usage ****

GPU HW active frequency: 444 MHz
GPU HW active residency:  16.77% (444 MHz:  17% 612 MHz:   0% 808 MHz:   0% 968 MHz:   0% 1110 MHz:   0% 1236 MHz:   0% 1338 MHz:   0% 1398 MHz:   0%)
GPU SW requested state: (P1 : 100% P2 :   0% P3 :   0% P4 :   0% P5 :   0% P6 :   0% P7 :   0% P8 :   0%)
GPU idle residency:  83.23%
GPU Power: 127 mW



*** Sampled system activity (Fri Sep 18 19:08:30 2026 -0700) (512.48ms elapsed) ***


**** Processor usage ****

E-Cluster Online: 100%
E-Cluster HW active frequency: 2420 MHz
E-Cluster HW active residency:  97.10% (912 MHz: .08% 1284 MHz: .23% 1752 MHz:   0% 2004 MHz: .01% 2256 MHz: .02% 2424 MHz:  97%)
E-Cluster idle residency:   2.90%
E-Cluster down residency:   0.00%
CPU 0 frequency: 2419 MHz
CPU 0 active residency:  66.34% (912 MHz: .07% 1284 MHz: .21% 1752 MHz:   0% 2004 MHz: .01% 2256 MHz: .02% 2424 MHz:  66%)
CPU 0 idle residency:  33.66%
CPU 0 down residency:   0.00%
CPU 1 frequency: 2419 MHz
CPU 1 active residency:  64.52% (912 MHz: .05% 1284 MHz: .23% 1752 MHz:   0% 2004 MHz: .01% 2256 MHz: .02% 2424 MHz:  64%)
CPU 1 idle residency:  35.48%
CPU 1 down residency:   0.00%
CPU 2 frequency: 2418 MHz
CPU 2 active residency:  62.90% (912 MHz: .07% 1284 MHz: .22% 1752 MHz:   0% 2004 MHz: .01% 2256 MHz: .03% 2424 MHz:  63%)
CPU 2 idle residency:  37.10%
CPU 2 down residency:   0.00%
CPU 3 frequency: 2419 MHz
CPU 3 active residency:  59.04% (912 MHz: .04% 1284 MHz: .21% 1752 MHz:   0% 2004 MHz: .01% 2256 MHz: .03% 2424 MHz:  59%)
CPU 3 idle residency:  40.96%
CPU 3 down residency:   0.00%

P0-Cluster Online: 100%
P0-Cluster HW active frequency: 3338 MHz
P0-Cluster HW active residency:  99.17% (702 MHz:   0% 948 MHz:   0% 1188 MHz:   0% 1452 MHz:   0% 1704 MHz:   0% 1968 MHz:   0% 2208 MHz:   0% 2400 MHz:   0% 2568 MHz:   0% 2724 MHz:   0% 2868 MHz:   0% 3000 MHz:   0% 3132 MHz:   0% 3264 MHz:  31% 3360 MHz:  50% 3408 MHz:  18% 3504 MHz:   0%)
P0-Cluster idle residency:   0.83%
P0-Cluster down residency:   0.00%
CPU 4 frequency: 3504 MHz
CPU 4 active residency:  79.58% (702 MHz:   0% 948 MHz:   0% 1188 MHz:   0% 1452 MHz:   0% 1704 MHz:   0% 1968 MHz:   0% 2208 MHz:   0% 2400 MHz:   0% 2568 MHz:   0% 2724 MHz:   0% 2868 MHz:   0% 3000 MHz:   0% 3132 MHz:   0% 3264 MHz:   0% 3360 MHz:   0% 3408 MHz:   0% 3504 MHz:  80%)
CPU 4 idle residency:  20.42%
CPU 4 down residency:   0.00%
CPU 5 frequency: 3504 MHz
CPU 5 active residency:  71.89% (702 MHz:   0% 948 MHz:   0% 1188 MHz:   0% 1452 MHz:   0% 1704 MHz:   0% 1968 MHz:   0% 2208 MHz:   0% 2400 MHz:   0% 2568 MHz:   0% 2724 MHz:   0% 2868 MHz:   0% 3000 MHz:   0% 3132 MHz:   0% 3264 MHz:   0% 3360 MHz:   0% 3408 MHz:   0% 3504 MHz:  72%)
CPU 5 idle residency:  28.11%
CPU 5 down residency:   0.00%
CPU 6 frequency: 3504 MHz
CPU 6 active residency:  59.52% (702 MHz:   0% 948 MHz:   0% 1188 MHz:   0% 1452 MHz:   0% 1704 MHz:   0% 1968 MHz:   0% 2208 MHz:   0% 2400 MHz:   0% 2568 MHz:   0% 2724 MHz:   0% 2868 MHz:   0% 3000 MHz:   0% 3132 MHz:   0% 3264 MHz:   0% 3360 MHz:   0% 3408 MHz:   0% 3504 MHz:  60%)
CPU 6 idle residency:  40.48%
CPU 6 down residency:   0.00%

P1-Cluster Online: 100%
P1-Cluster HW active frequency: 3343 MHz
P1-Cluster HW active residency:  93.93% (702 MHz:   0% 948 MHz:   0% 1188 MHz:   0% 1452 MHz:   0% 1704 MHz:   0% 1968 MHz:   0% 2208 MHz:   0% 2400 MHz:   0% 2568 MHz:   0% 2724 MHz:   0% 2868 MHz:   0% 3000 MHz:   0% 3132 MHz:   0% 3264 MHz:  34% 3360 MHz:  30% 3408 MHz:  26% 3504 MHz: 3.4%)
P1-Cluster idle residency:   6.07%
P1-Cluster down residency:   0.00%
CPU 7 frequency: 3504 MHz
CPU 7 active residency:  73.65% (702 MHz:   0% 948 MHz:   0% 1188 MHz:   0% 1452 MHz:   0% 1704 MHz:   0% 1968 MHz:   0% 2208 MHz:   0% 2400 MHz:   0% 2568 MHz:   0% 2724 MHz:   0% 2868 MHz:   0% 3000 MHz:   0% 3132 MHz:   0% 3264 MHz:   0% 3360 MHz:   0% 3408 MHz:   0% 3504 MHz:  74%)
CPU 7 idle residency:  26.35%
CPU 7 down residency:   0.00%
CPU 8 frequency: 3504 MHz
CPU 8 active residency:  64.86% (702 MHz:   0% 948 MHz:   0% 1188 MHz:   0% 1452 MHz:   0% 1704 MHz:   0% 1968 MHz:   0% 2208 MHz:   0% 2400 MHz:   0% 2568 MHz:   0% 2724 MHz:   0% 2868 MHz:   0% 3000 MHz:   0% 3132 MHz:   0% 3264 MHz:   0% 3360 MHz:   0% 3408 MHz:   0% 3504 MHz:  65%)
CPU 8 idle residency:  35.14%
CPU 8 down residency:   0.00%
CPU 9 frequency: 3504 MHz
CPU 9 active residency:  54.13% (702 MHz:   0% 948 MHz:   0% 1188 MHz:   0% 1452 MHz:   0% 1704 MHz:   0% 1968 MHz:   0% 2208 MHz:   0% 2400 MHz:   0% 2568 MHz:   0% 2724 MHz:   0% 2868 MHz:   0% 3000 MHz:   0% 3132 MHz:   0% 3264 MHz:   0% 3360 MHz:   0% 3408 MHz:   0% 3504 MHz:  54%)
CPU 9 idle residency:  45.87%
CPU 9 down residency:   0.00%

CPU Power: 14998 mW
GPU Power: 164 mW
ANE Power: 0 mW
Combined Power (CPU + GPU + ANE): 15161 mW

**** GPU usage ****

GPU HW active frequency: 444 MHz
GPU HW active residency:  20.98% (444 MHz:  21% 612 MHz:   0% 808 MHz:   0% 968 MHz:   0% 1110 MHz:   0% 1236 MHz:   0% 1338 MHz:   0% 1398 MHz:   0%)
GPU SW requested state: (P1 : 100% P2 :   0% P3 :   0% P4 :   0% P5 :   0% P6 :   0% P7 :   0% P8 :   0%)
GPU idle residency:  79.02%
GPU Power: 168 mW



*** Sampled system activity (Fri Sep 18 19:08:31 2026 -0700) (511.42ms elapsed) ***


**** Processor usage ****

E-Cluster Online: 100%
E-Cluster HW active frequency: 2419 MHz
E-Cluster HW active residency:  95.99% (912 MHz: .30% 1284 MHz: .04% 1752 MHz:   0% 2004 MHz:   0% 2256 MHz:   0% 2424 MHz:  96%)
E-Cluster idle residency:   4.01%
E-Cluster down residency:   0.00%
CPU 0 frequency: 2421 MHz
CPU 0 active residency:  76.72% (912 MHz: .17% 1284 MHz:   0% 1752 MHz:   0% 2004 MHz:   0% 2256 MHz:   0% 2424 MHz:  77%)
CPU 0 idle residency:  23.28%
CPU 0 down residency:   0.00%
CPU 1 frequency: 2420 MHz
CPU 1 active residency:  76.00% (912 MHz: .21% 1284 MHz: .00% 1752 MHz:   0% 2004 MHz:   0% 2256 MHz:   0% 2424 MHz:  76%)
CPU 1 idle residency:  24.00%
CPU 1 down residency:   0.00%
CPU 2 frequency: 2421 MHz
CPU 2 active residency:  74.24% (912 MHz: .14% 1284 MHz:   0% 1752 MHz:   0% 2004 MHz:   0% 2256 MHz:   0% 2424 MHz:  74%)
CPU 2 idle residency:  25.76%
CPU 2 down residency:   0.00%
CPU 3 frequency: 2421 MHz
CPU 3 active residency:  69.29% (912 MHz: .15% 1284 MHz: .00% 1752 MHz:   0% 2004 MHz:   0% 2256 MHz:   0% 2424 MHz:  69%)
CPU 3 idle residency:  30.71%
CPU 3 down residency:   0.00%

P0-Cluster Online: 100%
P0-Cluster HW active frequency: 3301 MHz
P0-Cluster HW active residency:  99.49% (702 MHz:   0% 948 MHz:   0% 1188 MHz:   0% 1452 MHz:   0% 1704 MHz:   0% 1968 MHz:   0% 2208 MHz:   0% 2400 MHz:   0% 2568 MHz:   0% 2724 MHz:   0% 2868 MHz:   0% 3000 MHz:   0% 3132 MHz:   0% 3264 MHz:  66% 3360 MHz:  24% 3408 MHz: 9.0% 3504 MHz:   0%)
P0-Cluster idle residency:   0.51%
P0-Cluster down residency:   0.00%
CPU 4 frequency: 3504 MHz
CPU 4 active residency:  90.62% (702 MHz:   0% 948 MHz:   0% 1188 MHz:   0% 1452 MHz:   0% 1704 MHz:   0% 1968 MHz:   0% 2208 MHz:   0% 2400 MHz:   0% 2568 MHz:   0% 2724 MHz:   0% 2868 MHz:   0% 3000 MHz:   0% 3132 MHz:   0% 3264 MHz:   0% 3360 MHz:   0% 3408 MHz:   0% 3504 MHz:  91%)
CPU 4 idle residency:   9.38%
CPU 4 down residency:   0.00%
CPU 5 frequency: 3504 MHz
CPU 5 active residency:  82.06% (702 MHz:   0% 948 MHz:   0% 1188 MHz:   0% 1452 MHz:   0% 1704 MHz:   0% 1968 MHz:   0% 2208 MHz:   0% 2400 MHz:   0% 2568 MHz:   0% 2724 MHz:   0% 2868 MHz:   0% 3000 MHz:   0% 3132 MHz:   0% 3264 MHz:   0% 3360 MHz:   0% 3408 MHz:   0% 3504 MHz:  82%)
CPU 5 idle residency:  17.94%
CPU 5 down residency:   0.00%
CPU 6 frequency: 3504 MHz
CPU 6 active residency:  83.61% (702 MHz:   0% 948 MHz:   0% 1188 MHz:   0% 1452 MHz:   0% 1704 MHz:   0% 1968 MHz:   0% 2208 MHz:   0% 2400 MHz:   0% 2568 MHz:   0% 2724 MHz:   0% 2868 MHz:   0% 3000 MHz:   0% 3132 MHz:   0% 3264 MHz:   0% 3360 MHz:   0% 3408 MHz:   0% 3504 MHz:  84%)
CPU 6 idle residency:  16.39%
CPU 6 down residency:   0.00%

P1-Cluster Online: 100%
P1-Cluster HW active frequency: 3301 MHz
P1-Cluster HW active residency:  96.87% (702 MHz:   0% 948 MHz:   0% 1188 MHz:   0% 1452 MHz:   0% 1704 MHz:   0% 1968 MHz:   0% 2208 MHz:   0% 2400 MHz:   0% 2568 MHz:   0% 2724 MHz:   0% 2868 MHz:   0% 3000 MHz:   0% 3132 MHz:   0% 3264 MHz:  67% 3360 MHz:  16% 3408 MHz:  12% 3504 MHz: 1.1%)
P1-Cluster idle residency:   3.13%
P1-Cluster down residency:   0.00%
CPU 7 frequency: 3504 MHz
CPU 7 active residency:  88.31% (702 MHz:   0% 948 MHz:   0% 1188 MHz:   0% 1452 MHz:   0% 1704 MHz:   0% 1968 MHz:   0% 2208 MHz:   0% 2400 MHz:   0% 2568 MHz:   0% 2724 MHz:   0% 2868 MHz:   0% 3000 MHz:   0% 3132 MHz:   0% 3264 MHz:   0% 3360 MHz:   0% 3408 MHz:   0% 3504 MHz:  88%)
CPU 7 idle residency:  11.69%
CPU 7 down residency:   0.00%
CPU 8 frequency: 3504 MHz
CPU 8 active residency:  84.44% (702 MHz:   0% 948 MHz:   0% 1188 MHz:   0% 1452 MHz:   0% 1704 MHz:   0% 1968 MHz:   0% 2208 MHz:   0% 2400 MHz:   0% 2568 MHz:   0% 2724 MHz:   0% 2868 MHz:   0% 3000 MHz:   0% 3132 MHz:   0% 3264 MHz:   0% 3360 MHz:   0% 3408 MHz:   0% 3504 MHz:  84%)
CPU 8 idle residency:  15.56%
CPU 8 down residency:   0.00%
CPU 9 frequency: 3504 MHz
CPU 9 active residency:  78.22% (702 MHz:   0% 948 MHz:   0% 1188 MHz:   0% 1452 MHz:   0% 1704 MHz:   0% 1968 MHz:   0% 2208 MHz:   0% 2400 MHz:   0% 2568 MHz:   0% 2724 MHz:   0% 2868 MHz:   0% 3000 MHz:   0% 3132 MHz:   0% 3264 MHz:   0% 3360 MHz:   0% 3408 MHz:   0% 3504 MHz:  78%)
CPU 9 idle residency:  21.78%
CPU 9 down residency:   0.00%

CPU Power: 16701 mW
GPU Power: 196 mW
ANE Power: 0 mW
Combined Power (CPU + GPU + ANE): 16896 mW

**** GPU usage ****

GPU HW active frequency: 444 MHz
GPU HW active residency:  27.05% (444 MHz:  27% 612 MHz:   0% 808 MHz:   0% 968 MHz:   0% 1110 MHz:   0% 1236 MHz:   0% 1338 MHz:   0% 1398 MHz:   0%)
GPU SW requested state: (P1 : 100% P2 :   0% P3 :   0% P4 :   0% P5 :   0% P6 :   0% P7 :   0% P8 :   0%)
GPU idle residency:  72.95%
GPU Power: 194 mW



*** Sampled system activity (Fri Sep 18 19:08:31 2026 -0700) (512.54ms elapsed) ***


**** Processor usage ****

E-Cluster Online: 100%
E-Cluster HW active frequency: 2391 MHz
E-Cluster HW active residency:  94.44% (912 MHz: 1.6% 1284 MHz: .22% 1752 MHz: .21% 2004 MHz: .09% 2256 MHz: 1.0% 2424 MHz:  91%)
E-Cluster idle residency:   5.56%
E-Cluster down residency:   0.00%
CPU 0 frequency: 2403 MHz
CPU 0 active residency:  67.99% (912 MHz: .62% 1284 MHz: .21% 1752 MHz: .23% 2004 MHz: .07% 2256 MHz: .37% 2424 MHz:  66%)
CPU 0 idle residency:  32.01%
CPU 0 down residency:   0.00%
CPU 1 frequency: 2386 MHz
CPU 1 active residency:  62.60% (912 MHz: 1.3% 1284 MHz: .19% 1752 MHz: .23% 2004 MHz: .08% 2256 MHz: .26% 2424 MHz:  61%)
CPU 1 idle residency:  37.40%
CPU 1 down residency:   0.00%
CPU 2 frequency: 2407 MHz
CPU 2 active residency:  58.46% (912 MHz: .33% 1284 MHz: .19% 1752 MHz: .23% 2004 MHz: .07% 2256 MHz: .73% 2424 MHz:  57%)
CPU 2 idle residency:  41.54%
CPU 2 down residency:   0.00%
CPU 3 frequency: 2406 MHz
CPU 3 active residency:  57.16% (912 MHz: .42% 1284 MHz: .17% 1752 MHz: .23% 2004 MHz: .07% 2256 MHz: .29% 2424 MHz:  56%)
CPU 3 idle residency:  42.84%
CPU 3 down residency:   0.00%

P0-Cluster Online: 100%
P0-Cluster HW active frequency: 3350 MHz
P0-Cluster HW active residency:  93.01% (702 MHz:   0% 948 MHz:   0% 1188 MHz:   0% 1452 MHz:   0% 1704 MHz:   0% 1968 MHz:   0% 2208 MHz:   0% 2400 MHz:   0% 2568 MHz:   0% 2724 MHz:   0% 2868 MHz:   0% 3000 MHz:   0% 3132 MHz:   0% 3264 MHz:  30% 3360 MHz:  30% 3408 MHz:  28% 3504 MHz: 4.4%)
P0-Cluster idle residency:   6.99%
P0-Cluster down residency:   0.00%
CPU 4 frequency: 3504 MHz
CPU 4 active residency:  74.53% (702 MHz:   0% 948 MHz:   0% 1188 MHz:   0% 1452 MHz:   0% 1704 MHz:   0% 1968 MHz:   0% 2208 MHz:   0% 2400 MHz:   0% 2568 MHz:   0% 2724 MHz:   0% 2868 MHz:   0% 3000 MHz:   0% 3132 MHz:   0% 3264 MHz:   0% 3360 MHz:   0% 3408 MHz:   0% 3504 MHz:  75%)
CPU 4 idle residency:  25.47%
CPU 4 down residency:   0.00%
CPU 5 frequency: 3504 MHz
CPU 5 active residency:  57.90% (702 MHz:   0% 948 MHz:   0% 1188 MHz:   0% 1452 MHz:   0% 1704 MHz:   0% 1968 MHz:   0% 2208 MHz:   0% 2400 MHz:   0% 2568 MHz:   0% 2724 MHz:   0% 2868 MHz:   0% 3000 MHz:   0% 3132 MHz:   0% 3264 MHz:   0% 3360 MHz:   0% 3408 MHz:   0% 3504 MHz:  58%)
CPU 5 idle residency:  42.10%
CPU 5 down residency:   0.00%
CPU 6 frequency: 3504 MHz
CPU 6 active residency:  55.05% (702 MHz:   0% 948 MHz:   0% 1188 MHz:   0% 1452 MHz:   0% 1704 MHz:   0% 1968 MHz:   0% 2208 MHz:   0% 2400 MHz:   0% 2568 MHz:   0% 2724 MHz:   0% 2868 MHz:   0% 3000 MHz:   0% 3132 MHz:   0% 3264 MHz:   0% 3360 MHz:   0% 3408 MHz:   0% 3504 MHz:  55%)
CPU 6 idle residency:  44.95%
CPU 6 down residency:   0.00%

P1-Cluster Online: 100%
P1-Cluster HW active frequency: 3344 MHz
P1-Cluster HW active residency:  97.31% (702 MHz:   0% 948 MHz:   0% 1188 MHz:   0% 1452 MHz:   0% 1704 MHz:   0% 1968 MHz:   0% 2208 MHz:   0% 2400 MHz:   0% 2568 MHz:   0% 2724 MHz:   0% 2868 MHz:   0% 3000 MHz:   0% 3132 MHz:   0% 3264 MHz:  33% 3360 MHz:  32% 3408 MHz:  31% 3504 MHz: 1.1%)
P1-Cluster idle residency:   2.69%
P1-Cluster down residency:   0.00%
CPU 7 frequency: 3504 MHz
CPU 7 active residency:  76.67% (702 MHz:   0% 948 MHz:   0% 1188 MHz:   0% 1452 MHz:   0% 1704 MHz:   0% 1968 MHz:   0% 2208 MHz:   0% 2400 MHz:   0% 2568 MHz:   0% 2724 MHz:   0% 2868 MHz:   0% 3000 MHz:   0% 3132 MHz:   0% 3264 MHz:   0% 3360 MHz:   0% 3408 MHz:   0% 3504 MHz:  77%)
CPU 7 idle residency:  23.33%
CPU 7 down residency:   0.00%
CPU 8 frequency: 3504 MHz
CPU 8 active residency:  61.58% (702 MHz:   0% 948 MHz:   0% 1188 MHz:   0% 1452 MHz:   0% 1704 MHz:   0% 1968 MHz:   0% 2208 MHz:   0% 2400 MHz:   0% 2568 MHz:   0% 2724 MHz:   0% 2868 MHz:   0% 3000 MHz:   0% 3132 MHz:   0% 3264 MHz:   0% 3360 MHz:   0% 3408 MHz:   0% 3504 MHz:  62%)
CPU 8 idle residency:  38.42%
CPU 8 down residency:   0.00%
CPU 9 frequency: 3504 MHz
CPU 9 active residency:  59.30% (702 MHz:   0% 948 MHz:   0% 1188 MHz:   0% 1452 MHz:   0% 1704 MHz:   0% 1968 MHz:   0% 2208 MHz:   0% 2400 MHz:   0% 2568 MHz:   0% 2724 MHz:   0% 2868 MHz:   0% 3000 MHz:   0% 3132 MHz:   0% 3264 MHz:   0% 3360 MHz:   0% 3408 MHz:   0% 3504 MHz:  59%)
CPU 9 idle residency:  40.70%
CPU 9 down residency:   0.00%

CPU Power: 14690 mW
GPU Power: 94 mW
ANE Power: 0 mW
Combined Power (CPU + GPU + ANE): 14783 mW

**** GPU usage ****

GPU HW active frequency: 497 MHz
GPU HW active residency:  10.23% (444 MHz: 8.5% 612 MHz: .57% 808 MHz: 1.2% 968 MHz: .03% 1110 MHz:   0% 1236 MHz:   0% 1338 MHz:   0% 1398 MHz:   0%)
GPU SW requested state: (P1 :  80% P2 : 6.8% P3 :  12% P4 : .99% P5 :   0% P6 :   0% P7 :   0% P8 :   0%)
GPU idle residency:  89.77%
GPU Power: 94 mW



*** Sampled system activity (Fri Sep 18 19:08:32 2026 -0700) (513.74ms elapsed) ***


**** Processor usage ****

E-Cluster Online: 100%
E-Cluster HW active frequency: 2413 MHz
E-Cluster HW active residency:  99.92% (912 MHz: .05% 1284 MHz: .80% 1752 MHz: .03% 2004 MHz: .17% 2256 MHz: .02% 2424 MHz:  99%)
E-Cluster idle residency:   0.08%
E-Cluster down residency:   0.00%
CPU 0 frequency: 2411 MHz
CPU 0 active residency:  75.59% (912 MHz: .05% 1284 MHz: .69% 1752 MHz: .03% 2004 MHz: .17% 2256 MHz: .02% 2424 MHz:  75%)
CPU 0 idle residency:  24.41%
CPU 0 down residency:   0.00%
CPU 1 frequency: 2411 MHz
CPU 1 active residency:  71.04% (912 MHz: .05% 1284 MHz: .68% 1752 MHz: .03% 2004 MHz: .17% 2256 MHz: .02% 2424 MHz:  70%)
CPU 1 idle residency:  28.96%
CPU 1 down residency:   0.00%
CPU 2 frequency: 2409 MHz
CPU 2 active residency:  65.32% (912 MHz: .05% 1284 MHz: .71% 1752 MHz: .03% 2004 MHz: .17% 2256 MHz: .02% 2424 MHz:  64%)
CPU 2 idle residency:  34.68%
CPU 2 down residency:   0.00%
CPU 3 frequency: 2408 MHz
CPU 3 active residency:  67.49% (912 MHz: .05% 1284 MHz: .78% 1752 MHz: .03% 2004 MHz: .17% 2256 MHz: .02% 2424 MHz:  66%)
CPU 3 idle residency:  32.51%
CPU 3 down residency:   0.00%

P0-Cluster Online: 100%
P0-Cluster HW active frequency: 3314 MHz
P0-Cluster HW active residency:  96.86% (702 MHz:   0% 948 MHz:   0% 1188 MHz:   0% 1452 MHz:   0% 1704 MHz:   0% 1968 MHz:   0% 2208 MHz:   0% 2400 MHz:   0% 2568 MHz:   0% 2724 MHz:   0% 2868 MHz:   0% 3000 MHz:   0% 3132 MHz:   0% 3264 MHz:  57% 3360 MHz:  24% 3408 MHz:  14% 3504 MHz: 2.3%)
P0-Cluster idle residency:   3.14%
P0-Cluster down residency:   0.00%
CPU 4 frequency: 3504 MHz
CPU 4 active residency:  87.59% (702 MHz:   0% 948 MHz:   0% 1188 MHz:   0% 1452 MHz:   0% 1704 MHz:   0% 1968 MHz:   0% 2208 MHz:   0% 2400 MHz:   0% 2568 MHz:   0% 2724 MHz:   0% 2868 MHz:   0% 3000 MHz:   0% 3132 MHz:   0% 3264 MHz:   0% 3360 MHz:   0% 3408 MHz:   0% 3504 MHz:  88%)
CPU 4 idle residency:  12.41%
CPU 4 down residency:   0.00%
CPU 5 frequency: 3504 MHz
CPU 5 active residency:  78.01% (702 MHz:   0% 948 MHz:   0% 1188 MHz:   0% 1452 MHz:   0% 1704 MHz:   0% 1968 MHz:   0% 2208 MHz:   0% 2400 MHz:   0% 2568 MHz:   0% 2724 MHz:   0% 2868 MHz:   0% 3000 MHz:   0% 3132 MHz:   0% 3264 MHz:   0% 3360 MHz:   0% 3408 MHz:   0% 3504 MHz:  78%)
CPU 5 idle residency:  21.99%
CPU 5 down residency:   0.00%
CPU 6 frequency: 3504 MHz
CPU 6 active residency:  71.56% (702 MHz:   0% 948 MHz:   0% 1188 MHz:   0% 1452 MHz:   0% 1704 MHz:   0% 1968 MHz:   0% 2208 MHz:   0% 2400 MHz:   0% 2568 MHz:   0% 2724 MHz:   0% 2868 MHz:   0% 3000 MHz:   0% 3132 MHz:   0% 3264 MHz:   0% 3360 MHz:   0% 3408 MHz:   0% 3504 MHz:  72%)
CPU 6 idle residency:  28.44%
CPU 6 down residency:   0.00%

P1-Cluster Online: 100%
P1-Cluster HW active frequency: 3320 MHz
P1-Cluster HW active residency:  97.73% (702 MHz:   0% 948 MHz:   0% 1188 MHz:   0% 1452 MHz:   0% 1704 MHz:   0% 1968 MHz:   0% 2208 MHz:   0% 2400 MHz:   0% 2568 MHz:   0% 2724 MHz:   0% 2868 MHz:   0% 3000 MHz:   0% 3132 MHz:   0% 3264 MHz:  49% 3360 MHz:  35% 3408 MHz:  13% 3504 MHz: 1.5%)
P1-Cluster idle residency:   2.27%
P1-Cluster down residency:   0.00%
CPU 7 frequency: 3504 MHz
CPU 7 active residency:  82.99% (702 MHz:   0% 948 MHz:   0% 1188 MHz:   0% 1452 MHz:   0% 1704 MHz:   0% 1968 MHz:   0% 2208 MHz:   0% 2400 MHz:   0% 2568 MHz:   0% 2724 MHz:   0% 2868 MHz:   0% 3000 MHz:   0% 3132 MHz:   0% 3264 MHz:   0% 3360 MHz:   0% 3408 MHz:   0% 3504 MHz:  83%)
CPU 7 idle residency:  17.01%
CPU 7 down residency:   0.00%
CPU 8 frequency: 3504 MHz
CPU 8 active residency:  76.42% (702 MHz:   0% 948 MHz:   0% 1188 MHz:   0% 1452 MHz:   0% 1704 MHz:   0% 1968 MHz:   0% 2208 MHz:   0% 2400 MHz:   0% 2568 MHz:   0% 2724 MHz:   0% 2868 MHz:   0% 3000 MHz:   0% 3132 MHz:   0% 3264 MHz:   0% 3360 MHz:   0% 3408 MHz:   0% 3504 MHz:  76%)
CPU 8 idle residency:  23.58%
CPU 8 down residency:   0.00%
CPU 9 frequency: 3504 MHz
CPU 9 active residency:  73.51% (702 MHz:   0% 948 MHz:   0% 1188 MHz:   0% 1452 MHz:   0% 1704 MHz:   0% 1968 MHz:   0% 2208 MHz:   0% 2400 MHz:   0% 2568 MHz:   0% 2724 MHz:   0% 2868 MHz:   0% 3000 MHz:   0% 3132 MHz:   0% 3264 MHz:   0% 3360 MHz:   0% 3408 MHz:   0% 3504 MHz:  74%)
CPU 9 idle residency:  26.49%
CPU 9 down residency:   0.00%

CPU Power: 16656 mW
GPU Power: 117 mW
ANE Power: 0 mW
Combined Power (CPU + GPU + ANE): 16773 mW

**** GPU usage ****

GPU HW active frequency: 444 MHz
GPU HW active residency:  16.06% (444 MHz:  16% 612 MHz:   0% 808 MHz:   0% 968 MHz:   0% 1110 MHz:   0% 1236 MHz:   0% 1338 MHz:   0% 1398 MHz:   0%)
GPU SW requested state: (P1 : 100% P2 :   0% P3 :   0% P4 :   0% P5 :   0% P6 :   0% P7 :   0% P8 :   0%)
GPU idle residency:  83.94%
GPU Power: 121 mW



*** Sampled system activity (Fri Sep 18 19:08:32 2026 -0700) (513.10ms elapsed) ***


**** Processor usage ****

E-Cluster Online: 100%
E-Cluster HW active frequency: 2421 MHz
E-Cluster HW active residency:  99.02% (912 MHz: .22% 1284 MHz: .01% 1752 MHz:   0% 2004 MHz: .03% 2256 MHz:   0% 2424 MHz:  99%)
E-Cluster idle residency:   0.98%
E-Cluster down residency:   0.00%
CPU 0 frequency: 2419 MHz
CPU 0 active residency:  75.09% (912 MHz: .23% 1284 MHz: .01% 1752 MHz:   0% 2004 MHz: .03% 2256 MHz:   0% 2424 MHz:  75%)
CPU 0 idle residency:  24.91%
CPU 0 down residency:   0.00%
CPU 1 frequency: 2420 MHz
CPU 1 active residency:  75.45% (912 MHz: .21% 1284 MHz: .01% 1752 MHz:   0% 2004 MHz: .03% 2256 MHz:   0% 2424 MHz:  75%)
CPU 1 idle residency:  24.55%
CPU 1 down residency:   0.00%
CPU 2 frequency: 2420 MHz
CPU 2 active residency:  69.32% (912 MHz: .19% 1284 MHz: .01% 1752 MHz:   0% 2004 MHz: .03% 2256 MHz:   0% 2424 MHz:  69%)
CPU 2 idle residency:  30.68%
CPU 2 down residency:   0.00%
CPU 3 frequency: 2420 MHz
CPU 3 active residency:  65.43% (912 MHz: .16% 1284 MHz: .01% 1752 MHz:   0% 2004 MHz: .03% 2256 MHz:   0% 2424 MHz:  65%)
CPU 3 idle residency:  34.57%
CPU 3 down residency:   0.00%

P0-Cluster Online: 100%
P0-Cluster HW active frequency: 3320 MHz
P0-Cluster HW active residency:  94.35% (702 MHz:   0% 948 MHz:   0% 1188 MHz:   0% 1452 MHz:   0% 1704 MHz:   0% 1968 MHz:   0% 2208 MHz:   0% 2400 MHz:   0% 2568 MHz:   0% 2724 MHz:   0% 2868 MHz:   0% 3000 MHz:   0% 3132 MHz:   0% 3264 MHz:  53% 3360 MHz:  20% 3408 MHz:  18% 3504 MHz: 3.0%)
P0-Cluster idle residency:   5.65%
P0-Cluster down residency:   0.00%
CPU 4 frequency: 3504 MHz
CPU 4 active residency:  79.68% (702 MHz:   0% 948 MHz:   0% 1188 MHz:   0% 1452 MHz:   0% 1704 MHz:   0% 1968 MHz:   0% 2208 MHz:   0% 2400 MHz:   0% 2568 MHz:   0% 2724 MHz:   0% 2868 MHz:   0% 3000 MHz:   0% 3132 MHz:   0% 3264 MHz:   0% 3360 MHz:   0% 3408 MHz:   0% 3504 MHz:  80%)
CPU 4 idle residency:  20.32%
CPU 4 down residency:   0.00%
CPU 5 frequency: 3504 MHz
CPU 5 active residency:  75.68% (702 MHz:   0% 948 MHz:   0% 1188 MHz:   0% 1452 MHz:   0% 1704 MHz:   0% 1968 MHz:   0% 2208 MHz:   0% 2400 MHz:   0% 2568 MHz:   0% 2724 MHz:   0% 2868 MHz:   0% 3000 MHz:   0% 3132 MHz:   0% 3264 MHz:   0% 3360 MHz:   0% 3408 MHz:   0% 3504 MHz:  76%)
CPU 5 idle residency:  24.32%
CPU 5 down residency:   0.00%
CPU 6 frequency: 3504 MHz
CPU 6 active residency:  70.90% (702 MHz:   0% 948 MHz:   0% 1188 MHz:   0% 1452 MHz:   0% 1704 MHz:   0% 1968 MHz:   0% 2208 MHz:   0% 2400 MHz:   0% 2568 MHz:   0% 2724 MHz:   0% 2868 MHz:   0% 3000 MHz:   0% 3132 MHz:   0% 3264 MHz:   0% 3360 MHz:   0% 3408 MHz:   0% 3504 MHz:  71%)
CPU 6 idle residency:  29.10%
CPU 6 down residency:   0.00%

P1-Cluster Online: 100%
P1-Cluster HW active frequency: 3316 MHz
P1-Cluster HW active residency:  99.25% (702 MHz:   0% 948 MHz:   0% 1188 MHz:   0% 1452 MHz:   0% 1704 MHz:   0% 1968 MHz:   0% 2208 MHz:   0% 2400 MHz:   0% 2568 MHz:   0% 2724 MHz:   0% 2868 MHz:   0% 3000 MHz:   0% 3132 MHz:   0% 3264 MHz:  51% 3360 MHz:  36% 3408 MHz:  12% 3504 MHz:   0%)
P1-Cluster idle residency:   0.75%
P1-Cluster down residency:   0.00%
CPU 7 frequency: 3504 MHz
CPU 7 active residency:  82.32% (702 MHz:   0% 948 MHz:   0% 1188 MHz:   0% 1452 MHz:   0% 1704 MHz:   0% 1968 MHz:   0% 2208 MHz:   0% 2400 MHz:   0% 2568 MHz:   0% 2724 MHz:   0% 2868 MHz:   0% 3000 MHz:   0% 3132 MHz:   0% 3264 MHz:   0% 3360 MHz:   0% 3408 MHz:   0% 3504 MHz:  82%)
CPU 7 idle residency:  17.68%
CPU 7 down residency:   0.00%
CPU 8 frequency: 3504 MHz
CPU 8 active residency:  79.26% (702 MHz:   0% 948 MHz:   0% 1188 MHz:   0% 1452 MHz:   0% 1704 MHz:   0% 1968 MHz:   0% 2208 MHz:   0% 2400 MHz:   0% 2568 MHz:   0% 2724 MHz:   0% 2868 MHz:   0% 3000 MHz:   0% 3132 MHz:   0% 3264 MHz:   0% 3360 MHz:   0% 3408 MHz:   0% 3504 MHz:  79%)
CPU 8 idle residency:  20.74%
CPU 8 down residency:   0.00%
CPU 9 frequency: 3504 MHz
CPU 9 active residency:  76.93% (702 MHz:   0% 948 MHz:   0% 1188 MHz:   0% 1452 MHz:   0% 1704 MHz:   0% 1968 MHz:   0% 2208 MHz:   0% 2400 MHz:   0% 2568 MHz:   0% 2724 MHz:   0% 2868 MHz:   0% 3000 MHz:   0% 3132 MHz:   0% 3264 MHz:   0% 3360 MHz:   0% 3408 MHz:   0% 3504 MHz:  77%)
CPU 9 idle residency:  23.07%
CPU 9 down residency:   0.00%

CPU Power: 15763 mW
GPU Power: 242 mW
ANE Power: 0 mW
Combined Power (CPU + GPU + ANE): 16005 mW

**** GPU usage ****

GPU HW active frequency: 518 MHz
GPU HW active residency:  31.88% (444 MHz:  26% 612 MHz: .70% 808 MHz: 3.1% 968 MHz: 2.2% 1110 MHz:   0% 1236 MHz:   0% 1338 MHz:   0% 1398 MHz:   0%)
GPU SW requested state: (P1 :  81% P2 : 2.6% P3 :  14% P4 : 2.3% P5 :   0% P6 :   0% P7 :   0% P8 :   0%)
GPU idle residency:  68.12%
GPU Power: 236 mW



*** Sampled system activity (Fri Sep 18 19:08:33 2026 -0700) (512.59ms elapsed) ***


**** Processor usage ****

E-Cluster Online: 100%
E-Cluster HW active frequency: 2390 MHz
E-Cluster HW active residency:  99.76% (912 MHz: .83% 1284 MHz: 1.9% 1752 MHz:   0% 2004 MHz:   0% 2256 MHz:   0% 2424 MHz:  97%)
E-Cluster idle residency:   0.24%
E-Cluster down residency:   0.00%
CPU 0 frequency: 2391 MHz
CPU 0 active residency:  81.33% (912 MHz: .36% 1284 MHz: 1.9% 1752 MHz:   0% 2004 MHz:   0% 2256 MHz:   0% 2424 MHz:  79%)
CPU 0 idle residency:  18.67%
CPU 0 down residency:   0.00%
CPU 1 frequency: 2399 MHz
CPU 1 active residency:  76.15% (912 MHz: .33% 1284 MHz: 1.2% 1752 MHz:   0% 2004 MHz:   0% 2256 MHz:   0% 2424 MHz:  75%)
CPU 1 idle residency:  23.85%
CPU 1 down residency:   0.00%
CPU 2 frequency: 2390 MHz
CPU 2 active residency:  73.59% (912 MHz: .73% 1284 MHz: 1.2% 1752 MHz:   0% 2004 MHz:   0% 2256 MHz:   0% 2424 MHz:  72%)
CPU 2 idle residency:  26.41%
CPU 2 down residency:   0.00%
CPU 3 frequency: 2395 MHz
CPU 3 active residency:  68.45% (912 MHz: .40% 1284 MHz: 1.2% 1752 MHz:   0% 2004 MHz:   0% 2256 MHz:   0% 2424 MHz:  67%)
CPU 3 idle residency:  31.55%
CPU 3 down residency:   0.00%

P0-Cluster Online: 100%
P0-Cluster HW active frequency: 3327 MHz
P0-Cluster HW active residency:  92.66% (702 MHz:   0% 948 MHz:   0% 1188 MHz:   0% 1452 MHz:   0% 1704 MHz:   0% 1968 MHz:   0% 2208 MHz:   0% 2400 MHz:   0% 2568 MHz:   0% 2724 MHz:   0% 2868 MHz:   0% 3000 MHz:   0% 3132 MHz:   0% 3264 MHz:  48% 3360 MHz:  21% 3408 MHz:  19% 3504 MHz: 4.6%)
P0-Cluster idle residency:   7.34%
P0-Cluster down residency:   0.00%
CPU 4 frequency: 3504 MHz
CPU 4 active residency:  80.46% (702 MHz:   0% 948 MHz:   0% 1188 MHz:   0% 1452 MHz:   0% 1704 MHz:   0% 1968 MHz:   0% 2208 MHz:   0% 2400 MHz:   0% 2568 MHz:   0% 2724 MHz:   0% 2868 MHz:   0% 3000 MHz:   0% 3132 MHz:   0% 3264 MHz:   0% 3360 MHz:   0% 3408 MHz:   0% 3504 MHz:  80%)
CPU 4 idle residency:  19.54%
CPU 4 down residency:   0.00%
CPU 5 frequency: 3504 MHz
CPU 5 active residency:  71.17% (702 MHz:   0% 948 MHz:   0% 1188 MHz:   0% 1452 MHz:   0% 1704 MHz:   0% 1968 MHz:   0% 2208 MHz:   0% 2400 MHz:   0% 2568 MHz:   0% 2724 MHz:   0% 2868 MHz:   0% 3000 MHz:   0% 3132 MHz:   0% 3264 MHz:   0% 3360 MHz:   0% 3408 MHz:   0% 3504 MHz:  71%)
CPU 5 idle residency:  28.83%
CPU 5 down residency:   0.00%
CPU 6 frequency: 3504 MHz
CPU 6 active residency:  64.51% (702 MHz:   0% 948 MHz:   0% 1188 MHz:   0% 1452 MHz:   0% 1704 MHz:   0% 1968 MHz:   0% 2208 MHz:   0% 2400 MHz:   0% 2568 MHz:   0% 2724 MHz:   0% 2868 MHz:   0% 3000 MHz:   0% 3132 MHz:   0% 3264 MHz:   0% 3360 MHz:   0% 3408 MHz:   0% 3504 MHz:  65%)
CPU 6 idle residency:  35.49%
CPU 6 down residency:   0.00%

P1-Cluster Online: 100%
P1-Cluster HW active frequency: 3322 MHz
P1-Cluster HW active residency:  99.15% (702 MHz:   0% 948 MHz:   0% 1188 MHz:   0% 1452 MHz:   0% 1704 MHz:   0% 1968 MHz:   0% 2208 MHz:   0% 2400 MHz:   0% 2568 MHz:   0% 2724 MHz:   0% 2868 MHz:   0% 3000 MHz:   0% 3132 MHz:   0% 3264 MHz:  46% 3360 MHz:  38% 3408 MHz:  15% 3504 MHz:   0%)
P1-Cluster idle residency:   0.85%
P1-Cluster down residency:   0.00%
CPU 7 frequency: 3504 MHz
CPU 7 active residency:  84.37% (702 MHz:   0% 948 MHz:   0% 1188 MHz:   0% 1452 MHz:   0% 1704 MHz:   0% 1968 MHz:   0% 2208 MHz:   0% 2400 MHz:   0% 2568 MHz:   0% 2724 MHz:   0% 2868 MHz:   0% 3000 MHz:   0% 3132 MHz:   0% 3264 MHz:   0% 3360 MHz:   0% 3408 MHz:   0% 3504 MHz:  84%)
CPU 7 idle residency:  15.63%
CPU 7 down residency:   0.00%
CPU 8 frequency: 3504 MHz
CPU 8 active residency:  76.99% (702 MHz:   0% 948 MHz:   0% 1188 MHz:   0% 1452 MHz:   0% 1704 MHz:   0% 1968 MHz:   0% 2208 MHz:   0% 2400 MHz:   0% 2568 MHz:   0% 2724 MHz:   0% 2868 MHz:   0% 3000 MHz:   0% 3132 MHz:   0% 3264 MHz:   0% 3360 MHz:   0% 3408 MHz:   0% 3504 MHz:  77%)
CPU 8 idle residency:  23.01%
CPU 8 down residency:   0.00%
CPU 9 frequency: 3504 MHz
CPU 9 active residency:  68.66% (702 MHz:   0% 948 MHz:   0% 1188 MHz:   0% 1452 MHz:   0% 1704 MHz:   0% 1968 MHz:   0% 2208 MHz:   0% 2400 MHz:   0% 2568 MHz:   0% 2724 MHz:   0% 2868 MHz:   0% 3000 MHz:   0% 3132 MHz:   0% 3264 MHz:   0% 3360 MHz:   0% 3408 MHz:   0% 3504 MHz:  69%)
CPU 9 idle residency:  31.34%
CPU 9 down residency:   0.00%

CPU Power: 15666 mW
GPU Power: 287 mW
ANE Power: 0 mW
Combined Power (CPU + GPU + ANE): 15952 mW

**** GPU usage ****

GPU HW active frequency: 444 MHz
GPU HW active residency:  36.16% (444 MHz:  36% 612 MHz:   0% 808 MHz:   0% 968 MHz:   0% 1110 MHz:   0% 1236 MHz:   0% 1338 MHz:   0% 1398 MHz:   0%)
GPU SW requested state: (P1 : 100% P2 :   0% P3 :   0% P4 :   0% P5 :   0% P6 :   0% P7 :   0% P8 :   0%)
GPU idle residency:  63.84%
GPU Power: 287 mW



*** Sampled system activity (Fri Sep 18 19:08:33 2026 -0700) (513.12ms elapsed) ***


**** Processor usage ****

E-Cluster Online: 100%
E-Cluster HW active frequency: 2419 MHz
E-Cluster HW active residency: 100.00% (912 MHz: .13% 1284 MHz: .01% 1752 MHz:   0% 2004 MHz: .47% 2256 MHz: .69% 2424 MHz:  99%)
E-Cluster idle residency:   0.00%
E-Cluster down residency:   0.00%
CPU 0 frequency: 2417 MHz
CPU 0 active residency:  66.07% (912 MHz: .13% 1284 MHz: .01% 1752 MHz:   0% 2004 MHz: .38% 2256 MHz: .66% 2424 MHz:  65%)
CPU 0 idle residency:  33.93%
CPU 0 down residency:   0.00%
CPU 1 frequency: 2416 MHz
CPU 1 active residency:  62.58% (912 MHz: .13% 1284 MHz: .01% 1752 MHz:   0% 2004 MHz: .43% 2256 MHz: .66% 2424 MHz:  61%)
CPU 1 idle residency:  37.42%
CPU 1 down residency:   0.00%
CPU 2 frequency: 2416 MHz
CPU 2 active residency:  60.47% (912 MHz: .13% 1284 MHz: .01% 1752 MHz:   0% 2004 MHz: .37% 2256 MHz: .61% 2424 MHz:  59%)
CPU 2 idle residency:  39.53%
CPU 2 down residency:   0.00%
CPU 3 frequency: 2416 MHz
CPU 3 active residency:  59.93% (912 MHz: .13% 1284 MHz: .01% 1752 MHz:   0% 2004 MHz: .36% 2256 MHz: .64% 2424 MHz:  59%)
CPU 3 idle residency:  40.07%
CPU 3 down residency:   0.00%

P0-Cluster Online: 100%
P0-Cluster HW active frequency: 3353 MHz
P0-Cluster HW active residency:  94.85% (702 MHz:   0% 948 MHz:   0% 1188 MHz:   0% 1452 MHz:   0% 1704 MHz:   0% 1968 MHz:   0% 2208 MHz:   0% 2400 MHz:   0% 2568 MHz:   0% 2724 MHz:   0% 2868 MHz:   0% 3000 MHz:   0% 3132 MHz:   0% 3264 MHz:  28% 3360 MHz:  35% 3408 MHz:  26% 3504 MHz: 5.7%)
P0-Cluster idle residency:   5.15%
P0-Cluster down residency:   0.00%
CPU 4 frequency: 3504 MHz
CPU 4 active residency:  70.36% (702 MHz:   0% 948 MHz:   0% 1188 MHz:   0% 1452 MHz:   0% 1704 MHz:   0% 1968 MHz:   0% 2208 MHz:   0% 2400 MHz:   0% 2568 MHz:   0% 2724 MHz:   0% 2868 MHz:   0% 3000 MHz:   0% 3132 MHz:   0% 3264 MHz:   0% 3360 MHz:   0% 3408 MHz:   0% 3504 MHz:  70%)
CPU 4 idle residency:  29.64%
CPU 4 down residency:   0.00%
CPU 5 frequency: 3504 MHz
CPU 5 active residency:  62.21% (702 MHz:   0% 948 MHz:   0% 1188 MHz:   0% 1452 MHz:   0% 1704 MHz:   0% 1968 MHz:   0% 2208 MHz:   0% 2400 MHz:   0% 2568 MHz:   0% 2724 MHz:   0% 2868 MHz:   0% 3000 MHz:   0% 3132 MHz:   0% 3264 MHz:   0% 3360 MHz:   0% 3408 MHz:   0% 3504 MHz:  62%)
CPU 5 idle residency:  37.79%
CPU 5 down residency:   0.00%
CPU 6 frequency: 3504 MHz
CPU 6 active residency:  56.61% (702 MHz:   0% 948 MHz:   0% 1188 MHz:   0% 1452 MHz:   0% 1704 MHz:   0% 1968 MHz:   0% 2208 MHz:   0% 2400 MHz:   0% 2568 MHz:   0% 2724 MHz:   0% 2868 MHz:   0% 3000 MHz:   0% 3132 MHz:   0% 3264 MHz:   0% 3360 MHz:   0% 3408 MHz:   0% 3504 MHz:  57%)
CPU 6 idle residency:  43.39%
CPU 6 down residency:   0.00%

P1-Cluster Online: 100%
P1-Cluster HW active frequency: 3360 MHz
P1-Cluster HW active residency:  90.39% (702 MHz:   0% 948 MHz:   0% 1188 MHz:   0% 1452 MHz:   0% 1704 MHz:   0% 1968 MHz:   0% 2208 MHz:   0% 2400 MHz:   0% 2568 MHz:   0% 2724 MHz:   0% 2868 MHz:   0% 3000 MHz:   0% 3132 MHz:   0% 3264 MHz:  25% 3360 MHz:  25% 3408 MHz:  35% 3504 MHz: 5.3%)
P1-Cluster idle residency:   9.61%
P1-Cluster down residency:   0.00%
CPU 7 frequency: 3504 MHz
CPU 7 active residency:  73.42% (702 MHz:   0% 948 MHz:   0% 1188 MHz:   0% 1452 MHz:   0% 1704 MHz:   0% 1968 MHz:   0% 2208 MHz:   0% 2400 MHz:   0% 2568 MHz:   0% 2724 MHz:   0% 2868 MHz:   0% 3000 MHz:   0% 3132 MHz:   0% 3264 MHz:   0% 3360 MHz:   0% 3408 MHz:   0% 3504 MHz:  73%)
CPU 7 idle residency:  26.58%
CPU 7 down residency:   0.00%
CPU 8 frequency: 3504 MHz
CPU 8 active residency:  54.83% (702 MHz:   0% 948 MHz:   0% 1188 MHz:   0% 1452 MHz:   0% 1704 MHz:   0% 1968 MHz:   0% 2208 MHz:   0% 2400 MHz:   0% 2568 MHz:   0% 2724 MHz:   0% 2868 MHz:   0% 3000 MHz:   0% 3132 MHz:   0% 3264 MHz:   0% 3360 MHz:   0% 3408 MHz:   0% 3504 MHz:  55%)
CPU 8 idle residency:  45.17%
CPU 8 down residency:   0.00%
CPU 9 frequency: 3504 MHz
CPU 9 active residency:  43.50% (702 MHz:   0% 948 MHz:   0% 1188 MHz:   0% 1452 MHz:   0% 1704 MHz:   0% 1968 MHz:   0% 2208 MHz:   0% 2400 MHz:   0% 2568 MHz:   0% 2724 MHz:   0% 2868 MHz:   0% 3000 MHz:   0% 3132 MHz:   0% 3264 MHz:   0% 3360 MHz:   0% 3408 MHz:   0% 3504 MHz:  44%)
CPU 9 idle residency:  56.50%
CPU 9 down residency:   0.00%

CPU Power: 13622 mW
GPU Power: 166 mW
ANE Power: 0 mW
Combined Power (CPU + GPU + ANE): 13788 mW

**** GPU usage ****

GPU HW active frequency: 444 MHz
GPU HW active residency:  10.88% (444 MHz:  11% 612 MHz:   0% 808 MHz:   0% 968 MHz:   0% 1110 MHz:   0% 1236 MHz:   0% 1338 MHz:   0% 1398 MHz:   0%)
GPU SW requested state: (P1 : 100% P2 :   0% P3 :   0% P4 :   0% P5 :   0% P6 :   0% P7 :   0% P8 :   0%)
GPU idle residency:  89.12%
GPU Power: 166 mW



*** Sampled system activity (Fri Sep 18 19:08:34 2026 -0700) (512.23ms elapsed) ***


**** Processor usage ****

E-Cluster Online: 100%
E-Cluster HW active frequency: 2416 MHz
E-Cluster HW active residency:  99.97% (912 MHz: .42% 1284 MHz: .10% 1752 MHz: .03% 2004 MHz: .13% 2256 MHz: .01% 2424 MHz:  99%)
E-Cluster idle residency:   0.03%
E-Cluster down residency:   0.00%
CPU 0 frequency: 2411 MHz
CPU 0 active residency:  64.89% (912 MHz: .43% 1284 MHz: .10% 1752 MHz: .03% 2004 MHz: .13% 2256 MHz: .02% 2424 MHz:  64%)
CPU 0 idle residency:  35.11%
CPU 0 down residency:   0.00%
CPU 1 frequency: 2411 MHz
CPU 1 active residency:  63.72% (912 MHz: .42% 1284 MHz: .10% 1752 MHz: .03% 2004 MHz: .13% 2256 MHz: .02% 2424 MHz:  63%)
CPU 1 idle residency:  36.28%
CPU 1 down residency:   0.00%
CPU 2 frequency: 2410 MHz
CPU 2 active residency:  60.89% (912 MHz: .43% 1284 MHz: .10% 1752 MHz: .03% 2004 MHz: .13% 2256 MHz: .02% 2424 MHz:  60%)
CPU 2 idle residency:  39.11%
CPU 2 down residency:   0.00%
CPU 3 frequency: 2409 MHz
CPU 3 active residency:  55.06% (912 MHz: .43% 1284 MHz: .10% 1752 MHz: .03% 2004 MHz: .13% 2256 MHz: .02% 2424 MHz:  54%)
CPU 3 idle residency:  44.94%
CPU 3 down residency:   0.00%

P0-Cluster Online: 100%
P0-Cluster HW active frequency: 3378 MHz
P0-Cluster HW active residency:  93.23% (702 MHz:   0% 948 MHz:   0% 1188 MHz:   0% 1452 MHz:   0% 1704 MHz:   0% 1968 MHz:   0% 2208 MHz:   0% 2400 MHz:   0% 2568 MHz:   0% 2724 MHz:   0% 2868 MHz:   0% 3000 MHz:   0% 3132 MHz:   0% 3264 MHz:  13% 3360 MHz:  28% 3408 MHz:  47% 3504 MHz: 4.9%)
P0-Cluster idle residency:   6.77%
P0-Cluster down residency:   0.00%
CPU 4 frequency: 3504 MHz
CPU 4 active residency:  76.20% (702 MHz:   0% 948 MHz:   0% 1188 MHz:   0% 1452 MHz:   0% 1704 MHz:   0% 1968 MHz:   0% 2208 MHz:   0% 2400 MHz:   0% 2568 MHz:   0% 2724 MHz:   0% 2868 MHz:   0% 3000 MHz:   0% 3132 MHz:   0% 3264 MHz:   0% 3360 MHz:   0% 3408 MHz:   0% 3504 MHz:  76%)
CPU 4 idle residency:  23.80%
CPU 4 down residency:   0.00%
CPU 5 frequency: 3504 MHz
CPU 5 active residency:  44.72% (702 MHz:   0% 948 MHz:   0% 1188 MHz:   0% 1452 MHz:   0% 1704 MHz:   0% 1968 MHz:   0% 2208 MHz:   0% 2400 MHz:   0% 2568 MHz:   0% 2724 MHz:   0% 2868 MHz:   0% 3000 MHz:   0% 3132 MHz:   0% 3264 MHz:   0% 3360 MHz:   0% 3408 MHz:   0% 3504 MHz:  45%)
CPU 5 idle residency:  55.28%
CPU 5 down residency:   0.00%
CPU 6 frequency: 3504 MHz
CPU 6 active residency:  29.44% (702 MHz:   0% 948 MHz:   0% 1188 MHz:   0% 1452 MHz:   0% 1704 MHz:   0% 1968 MHz:   0% 2208 MHz:   0% 2400 MHz:   0% 2568 MHz:   0% 2724 MHz:   0% 2868 MHz:   0% 3000 MHz:   0% 3132 MHz:   0% 3264 MHz:   0% 3360 MHz:   0% 3408 MHz:   0% 3504 MHz:  29%)
CPU 6 idle residency:  70.56%
CPU 6 down residency:   0.00%

P1-Cluster Online: 100%
P1-Cluster HW active frequency: 3360 MHz
P1-Cluster HW active residency:  97.17% (702 MHz:   0% 948 MHz:   0% 1188 MHz:   0% 1452 MHz:   0% 1704 MHz:   0% 1968 MHz:   0% 2208 MHz:   0% 2400 MHz:   0% 2568 MHz:   0% 2724 MHz:   0% 2868 MHz:   0% 3000 MHz:   0% 3132 MHz:   0% 3264 MHz:  24% 3360 MHz:  30% 3408 MHz:  41% 3504 MHz: 2.4%)
P1-Cluster idle residency:   2.83%
P1-Cluster down residency:   0.00%
CPU 7 frequency: 3504 MHz
CPU 7 active residency:  58.53% (702 MHz:   0% 948 MHz:   0% 1188 MHz:   0% 1452 MHz:   0% 1704 MHz:   0% 1968 MHz:   0% 2208 MHz:   0% 2400 MHz:   0% 2568 MHz:   0% 2724 MHz:   0% 2868 MHz:   0% 3000 MHz:   0% 3132 MHz:   0% 3264 MHz:   0% 3360 MHz:   0% 3408 MHz:   0% 3504 MHz:  59%)
CPU 7 idle residency:  41.47%
CPU 7 down residency:   0.00%
CPU 8 frequency: 3504 MHz
CPU 8 active residency:  61.71% (702 MHz:   0% 948 MHz:   0% 1188 MHz:   0% 1452 MHz:   0% 1704 MHz:   0% 1968 MHz:   0% 2208 MHz:   0% 2400 MHz:   0% 2568 MHz:   0% 2724 MHz:   0% 2868 MHz:   0% 3000 MHz:   0% 3132 MHz:   0% 3264 MHz:   0% 3360 MHz:   0% 3408 MHz:   0% 3504 MHz:  62%)
CPU 8 idle residency:  38.29%
CPU 8 down residency:   0.00%
CPU 9 frequency: 3504 MHz
CPU 9 active residency:  52.03% (702 MHz:   0% 948 MHz:   0% 1188 MHz:   0% 1452 MHz:   0% 1704 MHz:   0% 1968 MHz:   0% 2208 MHz:   0% 2400 MHz:   0% 2568 MHz:   0% 2724 MHz:   0% 2868 MHz:   0% 3000 MHz:   0% 3132 MHz:   0% 3264 MHz:   0% 3360 MHz:   0% 3408 MHz:   0% 3504 MHz:  52%)
CPU 9 idle residency:  47.97%
CPU 9 down residency:   0.00%

CPU Power: 13039 mW
GPU Power: 133 mW
ANE Power: 0 mW
Combined Power (CPU + GPU + ANE): 13172 mW

**** GPU usage ****

GPU HW active frequency: 444 MHz
GPU HW active residency:   6.92% (444 MHz: 6.9% 612 MHz:   0% 808 MHz:   0% 968 MHz:   0% 1110 MHz:   0% 1236 MHz:   0% 1338 MHz:   0% 1398 MHz:   0%)
GPU SW requested state: (P1 : 100% P2 :   0% P3 :   0% P4 :   0% P5 :   0% P6 :   0% P7 :   0% P8 :   0%)
GPU idle residency:  93.08%
GPU Power: 143 mW



*** Sampled system activity (Fri Sep 18 19:08:34 2026 -0700) (513.75ms elapsed) ***


**** Processor usage ****

E-Cluster Online: 100%
E-Cluster HW active frequency: 2249 MHz
E-Cluster HW active residency:  95.62% (912 MHz: .41% 1284 MHz: 5.2% 1752 MHz:  13% 2004 MHz: 3.9% 2256 MHz: .00% 2424 MHz:  73%)
E-Cluster idle residency:   4.38%
E-Cluster down residency:   0.00%
CPU 0 frequency: 2272 MHz
CPU 0 active residency:  71.78% (912 MHz: .64% 1284 MHz: 3.3% 1752 MHz: 7.6% 2004 MHz: 2.4% 2256 MHz: .01% 2424 MHz:  58%)
CPU 0 idle residency:  28.22%
CPU 0 down residency:   0.00%
CPU 1 frequency: 2253 MHz
CPU 1 active residency:  71.82% (912 MHz: .61% 1284 MHz: 4.3% 1752 MHz: 8.2% 2004 MHz: 2.4% 2256 MHz: .01% 2424 MHz:  56%)
CPU 1 idle residency:  28.18%
CPU 1 down residency:   0.00%
CPU 2 frequency: 2262 MHz
CPU 2 active residency:  69.80% (912 MHz: .65% 1284 MHz: 4.0% 1752 MHz: 7.1% 2004 MHz: 2.3% 2256 MHz: .01% 2424 MHz:  56%)
CPU 2 idle residency:  30.20%
CPU 2 down residency:   0.00%
CPU 3 frequency: 2269 MHz
CPU 3 active residency:  65.68% (912 MHz: .59% 1284 MHz: 3.8% 1752 MHz: 6.0% 2004 MHz: 2.3% 2256 MHz: .00% 2424 MHz:  53%)
CPU 3 idle residency:  34.32%
CPU 3 down residency:   0.00%

P0-Cluster Online: 100%
P0-Cluster HW active frequency: 3377 MHz
P0-Cluster HW active residency:  93.16% (702 MHz:   0% 948 MHz:   0% 1188 MHz:   0% 1452 MHz:   0% 1704 MHz:   0% 1968 MHz:   0% 2208 MHz:   0% 2400 MHz:   0% 2568 MHz:   0% 2724 MHz:   0% 2868 MHz:   0% 3000 MHz:   0% 3132 MHz:   0% 3264 MHz:  15% 3360 MHz:  24% 3408 MHz:  52% 3504 MHz: 3.4%)
P0-Cluster idle residency:   6.84%
P0-Cluster down residency:   0.00%
CPU 4 frequency: 3504 MHz
CPU 4 active residency:  73.75% (702 MHz:   0% 948 MHz:   0% 1188 MHz:   0% 1452 MHz:   0% 1704 MHz:   0% 1968 MHz:   0% 2208 MHz:   0% 2400 MHz:   0% 2568 MHz:   0% 2724 MHz:   0% 2868 MHz:   0% 3000 MHz:   0% 3132 MHz:   0% 3264 MHz:   0% 3360 MHz:   0% 3408 MHz:   0% 3504 MHz:  74%)
CPU 4 idle residency:  26.25%
CPU 4 down residency:   0.00%
CPU 5 frequency: 3504 MHz
CPU 5 active residency:  42.69% (702 MHz:   0% 948 MHz:   0% 1188 MHz:   0% 1452 MHz:   0% 1704 MHz:   0% 1968 MHz:   0% 2208 MHz:   0% 2400 MHz:   0% 2568 MHz:   0% 2724 MHz:   0% 2868 MHz:   0% 3000 MHz:   0% 3132 MHz:   0% 3264 MHz:   0% 3360 MHz:   0% 3408 MHz:   0% 3504 MHz:  43%)
CPU 5 idle residency:  57.31%
CPU 5 down residency:   0.00%
CPU 6 frequency: 3504 MHz
CPU 6 active residency:  31.49% (702 MHz:   0% 948 MHz:   0% 1188 MHz:   0% 1452 MHz:   0% 1704 MHz:   0% 1968 MHz:   0% 2208 MHz:   0% 2400 MHz:   0% 2568 MHz:   0% 2724 MHz:   0% 2868 MHz:   0% 3000 MHz:   0% 3132 MHz:   0% 3264 MHz:   0% 3360 MHz:   0% 3408 MHz:   0% 3504 MHz:  31%)
CPU 6 idle residency:  68.51%
CPU 6 down residency:   0.00%

P1-Cluster Online: 100%
P1-Cluster HW active frequency: 3363 MHz
P1-Cluster HW active residency:  92.41% (702 MHz:   0% 948 MHz:   0% 1188 MHz:   0% 1452 MHz:   0% 1704 MHz:   0% 1968 MHz:   0% 2208 MHz:   0% 2400 MHz:   0% 2568 MHz:   0% 2724 MHz:   0% 2868 MHz:   0% 3000 MHz:   0% 3132 MHz:   0% 3264 MHz:  24% 3360 MHz:  25% 3408 MHz:  38% 3504 MHz: 5.3%)
P1-Cluster idle residency:   7.59%
P1-Cluster down residency:   0.00%
CPU 7 frequency: 3504 MHz
CPU 7 active residency:  59.00% (702 MHz:   0% 948 MHz:   0% 1188 MHz:   0% 1452 MHz:   0% 1704 MHz:   0% 1968 MHz:   0% 2208 MHz:   0% 2400 MHz:   0% 2568 MHz:   0% 2724 MHz:   0% 2868 MHz:   0% 3000 MHz:   0% 3132 MHz:   0% 3264 MHz:   0% 3360 MHz:   0% 3408 MHz:   0% 3504 MHz:  59%)
CPU 7 idle residency:  41.00%
CPU 7 down residency:   0.00%
CPU 8 frequency: 3504 MHz
CPU 8 active residency:  56.73% (702 MHz:   0% 948 MHz:   0% 1188 MHz:   0% 1452 MHz:   0% 1704 MHz:   0% 1968 MHz:   0% 2208 MHz:   0% 2400 MHz:   0% 2568 MHz:   0% 2724 MHz:   0% 2868 MHz:   0% 3000 MHz:   0% 3132 MHz:   0% 3264 MHz:   0% 3360 MHz:   0% 3408 MHz:   0% 3504 MHz:  57%)
CPU 8 idle residency:  43.27%
CPU 8 down residency:   0.00%
CPU 9 frequency: 3504 MHz
CPU 9 active residency:  48.93% (702 MHz:   0% 948 MHz:   0% 1188 MHz:   0% 1452 MHz:   0% 1704 MHz:   0% 1968 MHz:   0% 2208 MHz:   0% 2400 MHz:   0% 2568 MHz:   0% 2724 MHz:   0% 2868 MHz:   0% 3000 MHz:   0% 3132 MHz:   0% 3264 MHz:   0% 3360 MHz:   0% 3408 MHz:   0% 3504 MHz:  49%)
CPU 9 idle residency:  51.07%
CPU 9 down residency:   0.00%

CPU Power: 12535 mW
GPU Power: 175 mW
ANE Power: 0 mW
Combined Power (CPU + GPU + ANE): 12710 mW

**** GPU usage ****

GPU HW active frequency: 617 MHz
GPU HW active residency:   8.86% (444 MHz: 4.4% 612 MHz: 1.3% 808 MHz: 2.0% 968 MHz: 1.1% 1110 MHz:   0% 1236 MHz:   0% 1338 MHz:   0% 1398 MHz:   0%)
GPU SW requested state: (P1 :  49% P2 :  16% P3 :  32% P4 : 2.5% P5 :   0% P6 :   0% P7 :   0% P8 :   0%)
GPU idle residency:  91.14%
GPU Power: 165 mW



*** Sampled system activity (Fri Sep 18 19:08:35 2026 -0700) (517.93ms elapsed) ***


**** Processor usage ****

E-Cluster Online: 100%
E-Cluster HW active frequency: 2112 MHz
E-Cluster HW active residency:  85.16% (912 MHz:  10% 1284 MHz: 3.8% 1752 MHz: 5.5% 2004 MHz: 6.3% 2256 MHz: 4.8% 2424 MHz:  55%)
E-Cluster idle residency:  14.84%
E-Cluster down residency:   0.00%
CPU 0 frequency: 2119 MHz
CPU 0 active residency:  64.11% (912 MHz: 7.8% 1284 MHz: 3.1% 1752 MHz: 3.0% 2004 MHz: 4.1% 2256 MHz: 3.1% 2424 MHz:  43%)
CPU 0 idle residency:  35.89%
CPU 0 down residency:   0.00%
CPU 1 frequency: 2114 MHz
CPU 1 active residency:  62.33% (912 MHz: 7.3% 1284 MHz: 2.9% 1752 MHz: 3.9% 2004 MHz: 4.4% 2256 MHz: 2.9% 2424 MHz:  41%)
CPU 1 idle residency:  37.67%
CPU 1 down residency:   0.00%
CPU 2 frequency: 2111 MHz
CPU 2 active residency:  58.87% (912 MHz: 7.0% 1284 MHz: 3.0% 1752 MHz: 3.2% 2004 MHz: 4.2% 2256 MHz: 2.8% 2424 MHz:  39%)
CPU 2 idle residency:  41.13%
CPU 2 down residency:   0.00%
CPU 3 frequency: 2116 MHz
CPU 3 active residency:  53.95% (912 MHz: 6.8% 1284 MHz: 2.0% 1752 MHz: 2.9% 2004 MHz: 4.1% 2256 MHz: 2.9% 2424 MHz:  35%)
CPU 3 idle residency:  46.05%
CPU 3 down residency:   0.00%

P0-Cluster Online: 100%
P0-Cluster HW active frequency: 3362 MHz
P0-Cluster HW active residency:  94.35% (702 MHz:   0% 948 MHz:   0% 1188 MHz:   0% 1452 MHz:   0% 1704 MHz:   0% 1968 MHz:   0% 2208 MHz:   0% 2400 MHz:   0% 2568 MHz:   0% 2724 MHz:   0% 2868 MHz:   0% 3000 MHz:   0% 3132 MHz:   0% 3264 MHz:  22% 3360 MHz:  32% 3408 MHz:  36% 3504 MHz: 4.1%)
P0-Cluster idle residency:   5.65%
P0-Cluster down residency:   0.00%
CPU 4 frequency: 3504 MHz
CPU 4 active residency:  71.88% (702 MHz:   0% 948 MHz:   0% 1188 MHz:   0% 1452 MHz:   0% 1704 MHz:   0% 1968 MHz:   0% 2208 MHz:   0% 2400 MHz:   0% 2568 MHz:   0% 2724 MHz:   0% 2868 MHz:   0% 3000 MHz:   0% 3132 MHz:   0% 3264 MHz:   0% 3360 MHz:   0% 3408 MHz:   0% 3504 MHz:  72%)
CPU 4 idle residency:  28.12%
CPU 4 down residency:   0.00%
CPU 5 frequency: 3504 MHz
CPU 5 active residency:  51.50% (702 MHz:   0% 948 MHz:   0% 1188 MHz:   0% 1452 MHz:   0% 1704 MHz:   0% 1968 MHz:   0% 2208 MHz:   0% 2400 MHz:   0% 2568 MHz:   0% 2724 MHz:   0% 2868 MHz:   0% 3000 MHz:   0% 3132 MHz:   0% 3264 MHz:   0% 3360 MHz:   0% 3408 MHz:   0% 3504 MHz:  51%)
CPU 5 idle residency:  48.50%
CPU 5 down residency:   0.00%
CPU 6 frequency: 3504 MHz
CPU 6 active residency:  50.53% (702 MHz:   0% 948 MHz:   0% 1188 MHz:   0% 1452 MHz:   0% 1704 MHz:   0% 1968 MHz:   0% 2208 MHz:   0% 2400 MHz:   0% 2568 MHz:   0% 2724 MHz:   0% 2868 MHz:   0% 3000 MHz:   0% 3132 MHz:   0% 3264 MHz:   0% 3360 MHz:   0% 3408 MHz:   0% 3504 MHz:  51%)
CPU 6 idle residency:  49.47%
CPU 6 down residency:   0.00%

P1-Cluster Online: 100%
P1-Cluster HW active frequency: 3353 MHz
P1-Cluster HW active residency:  94.12% (702 MHz:   0% 948 MHz:   0% 1188 MHz:   0% 1452 MHz:   0% 1704 MHz:   0% 1968 MHz:   0% 2208 MHz:   0% 2400 MHz:   0% 2568 MHz: .18% 2724 MHz:   0% 2868 MHz:   0% 3000 MHz:   0% 3132 MHz:   0% 3264 MHz:  30% 3360 MHz:  27% 3408 MHz:  30% 3504 MHz: 6.3%)
P1-Cluster idle residency:   5.88%
P1-Cluster down residency:   0.00%
CPU 7 frequency: 3504 MHz
CPU 7 active residency:  67.63% (702 MHz:   0% 948 MHz:   0% 1188 MHz:   0% 1452 MHz:   0% 1704 MHz:   0% 1968 MHz:   0% 2208 MHz:   0% 2400 MHz:   0% 2568 MHz: .01% 2724 MHz:   0% 2868 MHz:   0% 3000 MHz:   0% 3132 MHz:   0% 3264 MHz:   0% 3360 MHz:   0% 3408 MHz:   0% 3504 MHz:  68%)
CPU 7 idle residency:  32.37%
CPU 7 down residency:   0.00%
CPU 8 frequency: 3504 MHz
CPU 8 active residency:  63.52% (702 MHz:   0% 948 MHz:   0% 1188 MHz:   0% 1452 MHz:   0% 1704 MHz:   0% 1968 MHz:   0% 2208 MHz:   0% 2400 MHz:   0% 2568 MHz: .00% 2724 MHz:   0% 2868 MHz:   0% 3000 MHz:   0% 3132 MHz:   0% 3264 MHz:   0% 3360 MHz:   0% 3408 MHz:   0% 3504 MHz:  64%)
CPU 8 idle residency:  36.48%
CPU 8 down residency:   0.00%
CPU 9 frequency: 3504 MHz
CPU 9 active residency:  53.59% (702 MHz:   0% 948 MHz:   0% 1188 MHz:   0% 1452 MHz:   0% 1704 MHz:   0% 1968 MHz:   0% 2208 MHz:   0% 2400 MHz:   0% 2568 MHz: .01% 2724 MHz:   0% 2868 MHz:   0% 3000 MHz:   0% 3132 MHz:   0% 3264 MHz:   0% 3360 MHz:   0% 3408 MHz:   0% 3504 MHz:  54%)
CPU 9 idle residency:  46.41%
CPU 9 down residency:   0.00%

CPU Power: 12952 mW
GPU Power: 191 mW
ANE Power: 0 mW
Combined Power (CPU + GPU + ANE): 13143 mW

**** GPU usage ****

GPU HW active frequency: 444 MHz
GPU HW active residency:  13.23% (444 MHz:  13% 612 MHz:   0% 808 MHz:   0% 968 MHz:   0% 1110 MHz:   0% 1236 MHz:   0% 1338 MHz:   0% 1398 MHz:   0%)
GPU SW requested state: (P1 : 100% P2 :   0% P3 :   0% P4 :   0% P5 :   0% P6 :   0% P7 :   0% P8 :   0%)
GPU idle residency:  86.77%
GPU Power: 191 mW



*** Sampled system activity (Fri Sep 18 19:08:35 2026 -0700) (514.14ms elapsed) ***


**** Processor usage ****

E-Cluster Online: 100%
E-Cluster HW active frequency: 2131 MHz
E-Cluster HW active residency:  76.84% (912 MHz: 2.6% 1284 MHz: 3.4% 1752 MHz:  12% 2004 MHz:  12% 2256 MHz: 9.8% 2424 MHz:  37%)
E-Cluster idle residency:  23.16%
E-Cluster down residency:   0.00%
CPU 0 frequency: 2122 MHz
CPU 0 active residency:  46.74% (912 MHz: 1.1% 1284 MHz: 1.4% 1752 MHz: 7.9% 2004 MHz:  11% 2256 MHz: 7.0% 2424 MHz:  19%)
CPU 0 idle residency:  53.26%
CPU 0 down residency:   0.00%
CPU 1 frequency: 2119 MHz
CPU 1 active residency:  43.90% (912 MHz: 1.2% 1284 MHz: 1.3% 1752 MHz: 7.4% 2004 MHz: 9.6% 2256 MHz: 6.9% 2424 MHz:  18%)
CPU 1 idle residency:  56.10%
CPU 1 down residency:   0.00%
CPU 2 frequency: 2129 MHz
CPU 2 active residency:  43.00% (912 MHz: 1.4% 1284 MHz: .75% 1752 MHz: 7.1% 2004 MHz: 9.5% 2256 MHz: 6.1% 2424 MHz:  18%)
CPU 2 idle residency:  57.00%
CPU 2 down residency:   0.00%
CPU 3 frequency: 2106 MHz
CPU 3 active residency:  38.84% (912 MHz: 1.2% 1284 MHz: .62% 1752 MHz: 8.0% 2004 MHz: 8.3% 2256 MHz: 6.2% 2424 MHz:  15%)
CPU 3 idle residency:  61.16%
CPU 3 down residency:   0.00%

P0-Cluster Online: 100%
P0-Cluster HW active frequency: 3316 MHz
P0-Cluster HW active residency:  62.96% (702 MHz: .02% 948 MHz: .61% 1188 MHz: .61% 1452 MHz:   0% 1704 MHz: 1.2% 1968 MHz:   0% 2208 MHz: .62% 2400 MHz:   0% 2568 MHz:   0% 2724 MHz:   0% 2868 MHz: .06% 3000 MHz:   0% 3132 MHz:   0% 3264 MHz: 7.3% 3360 MHz:  16% 3408 MHz:  17% 3504 MHz:  19%)
P0-Cluster idle residency:  37.04%
P0-Cluster down residency:   0.00%
CPU 4 frequency: 3502 MHz
CPU 4 active residency:  39.45% (702 MHz: .02% 948 MHz:   0% 1188 MHz: .01% 1452 MHz:   0% 1704 MHz:   0% 1968 MHz:   0% 2208 MHz: .00% 2400 MHz:   0% 2568 MHz:   0% 2724 MHz:   0% 2868 MHz: .00% 3000 MHz:   0% 3132 MHz:   0% 3264 MHz:   0% 3360 MHz: .07% 3408 MHz:   0% 3504 MHz:  39%)
CPU 4 idle residency:  60.55%
CPU 4 down residency:   0.00%
CPU 5 frequency: 3503 MHz
CPU 5 active residency:  30.00% (702 MHz: .01% 948 MHz:   0% 1188 MHz:   0% 1452 MHz:   0% 1704 MHz:   0% 1968 MHz:   0% 2208 MHz: .00% 2400 MHz:   0% 2568 MHz:   0% 2724 MHz:   0% 2868 MHz:   0% 3000 MHz:   0% 3132 MHz:   0% 3264 MHz:   0% 3360 MHz: .00% 3408 MHz:   0% 3504 MHz:  30%)
CPU 5 idle residency:  70.00%
CPU 5 down residency:   0.00%
CPU 6 frequency: 3504 MHz
CPU 6 active residency:  21.70% (702 MHz:   0% 948 MHz:   0% 1188 MHz:   0% 1452 MHz:   0% 1704 MHz:   0% 1968 MHz:   0% 2208 MHz:   0% 2400 MHz:   0% 2568 MHz:   0% 2724 MHz:   0% 2868 MHz:   0% 3000 MHz:   0% 3132 MHz:   0% 3264 MHz:   0% 3360 MHz:   0% 3408 MHz:   0% 3504 MHz:  22%)
CPU 6 idle residency:  78.30%
CPU 6 down residency:   0.00%

P1-Cluster Online: 100%
P1-Cluster HW active frequency: 3352 MHz
P1-Cluster HW active residency:  94.49% (702 MHz:   0% 948 MHz:   0% 1188 MHz: .14% 1452 MHz: .40% 1704 MHz:   0% 1968 MHz:   0% 2208 MHz:   0% 2400 MHz:   0% 2568 MHz:   0% 2724 MHz:   0% 2868 MHz:   0% 3000 MHz:   0% 3132 MHz:   0% 3264 MHz:  14% 3360 MHz:  54% 3408 MHz:  23% 3504 MHz: 3.7%)
P1-Cluster idle residency:   5.51%
P1-Cluster down residency:   0.00%
CPU 7 frequency: 3495 MHz
CPU 7 active residency:  72.47% (702 MHz:   0% 948 MHz:   0% 1188 MHz: .09% 1452 MHz: .21% 1704 MHz:   0% 1968 MHz:   0% 2208 MHz:   0% 2400 MHz:   0% 2568 MHz:   0% 2724 MHz:   0% 2868 MHz:   0% 3000 MHz:   0% 3132 MHz:   0% 3264 MHz:   0% 3360 MHz:   0% 3408 MHz:   0% 3504 MHz:  72%)
CPU 7 idle residency:  27.53%
CPU 7 down residency:   0.00%
CPU 8 frequency: 3501 MHz
CPU 8 active residency:  61.91% (702 MHz:   0% 948 MHz:   0% 1188 MHz: .06% 1452 MHz: .02% 1704 MHz:   0% 1968 MHz:   0% 2208 MHz:   0% 2400 MHz:   0% 2568 MHz:   0% 2724 MHz:   0% 2868 MHz:   0% 3000 MHz:   0% 3132 MHz:   0% 3264 MHz:   0% 3360 MHz:   0% 3408 MHz:   0% 3504 MHz:  62%)
CPU 8 idle residency:  38.09%
CPU 8 down residency:   0.00%
CPU 9 frequency: 3503 MHz
CPU 9 active residency:  42.66% (702 MHz:   0% 948 MHz:   0% 1188 MHz: .01% 1452 MHz: .00% 1704 MHz:   0% 1968 MHz:   0% 2208 MHz:   0% 2400 MHz:   0% 2568 MHz:   0% 2724 MHz:   0% 2868 MHz:   0% 3000 MHz:   0% 3132 MHz:   0% 3264 MHz:   0% 3360 MHz:   0% 3408 MHz:   0% 3504 MHz:  43%)
CPU 9 idle residency:  57.34%
CPU 9 down residency:   0.00%

CPU Power: 11328 mW
GPU Power: 146 mW
ANE Power: 0 mW
Combined Power (CPU + GPU + ANE): 11473 mW

**** GPU usage ****

GPU HW active frequency: 444 MHz
GPU HW active residency:  10.77% (444 MHz:  11% 612 MHz:   0% 808 MHz:   0% 968 MHz:   0% 1110 MHz:   0% 1236 MHz:   0% 1338 MHz:   0% 1398 MHz:   0%)
GPU SW requested state: (P1 : 100% P2 :   0% P3 :   0% P4 :   0% P5 :   0% P6 :   0% P7 :   0% P8 :   0%)
GPU idle residency:  89.23%
GPU Power: 159 mW



*** Sampled system activity (Fri Sep 18 19:08:36 2026 -0700) (512.53ms elapsed) ***


**** Processor usage ****

E-Cluster Online: 100%
E-Cluster HW active frequency: 1816 MHz
E-Cluster HW active residency:  73.46% (912 MHz: 3.6% 1284 MHz:  26% 1752 MHz:  11% 2004 MHz: 1.9% 2256 MHz: 5.1% 2424 MHz:  25%)
E-Cluster idle residency:  26.54%
E-Cluster down residency:   0.00%
CPU 0 frequency: 1749 MHz
CPU 0 active residency:  40.24% (912 MHz: 1.4% 1284 MHz:  18% 1752 MHz: 5.6% 2004 MHz: 1.5% 2256 MHz: 2.0% 2424 MHz:  12%)
CPU 0 idle residency:  59.76%
CPU 0 down residency:   0.00%
CPU 1 frequency: 1774 MHz
CPU 1 active residency:  31.46% (912 MHz: 1.3% 1284 MHz:  12% 1752 MHz: 5.3% 2004 MHz: .87% 2256 MHz: 2.3% 2424 MHz: 9.3%)
CPU 1 idle residency:  68.54%
CPU 1 down residency:   0.00%
CPU 2 frequency: 1740 MHz
CPU 2 active residency:  32.03% (912 MHz: 1.5% 1284 MHz:  14% 1752 MHz: 4.3% 2004 MHz: .77% 2256 MHz: .99% 2424 MHz:  10%)
CPU 2 idle residency:  67.97%
CPU 2 down residency:   0.00%
CPU 3 frequency: 1720 MHz
CPU 3 active residency:  24.79% (912 MHz: .84% 1284 MHz:  12% 1752 MHz: 2.9% 2004 MHz: .77% 2256 MHz: 1.4% 2424 MHz: 6.9%)
CPU 3 idle residency:  75.21%
CPU 3 down residency:   0.00%

P0-Cluster Online: 100%
P0-Cluster HW active frequency: 3206 MHz
P0-Cluster HW active residency:  70.65% (702 MHz: .02% 948 MHz: .12% 1188 MHz: .04% 1452 MHz: 1.9% 1704 MHz: .49% 1968 MHz: 1.9% 2208 MHz: 1.6% 2400 MHz: 3.2% 2568 MHz: 1.1% 2724 MHz:   0% 2868 MHz: .38% 3000 MHz: .93% 3132 MHz: .60% 3264 MHz: 5.8% 3360 MHz:  15% 3408 MHz:  21% 3504 MHz:  17%)
P0-Cluster idle residency:  29.35%
P0-Cluster down residency:   0.00%
CPU 4 frequency: 3490 MHz
CPU 4 active residency:  41.96% (702 MHz: .03% 948 MHz: .00% 1188 MHz: .00% 1452 MHz: .03% 1704 MHz: .01% 1968 MHz: .01% 2208 MHz: .01% 2400 MHz: .01% 2568 MHz: .01% 2724 MHz:   0% 2868 MHz: .01% 3000 MHz: .61% 3132 MHz: .08% 3264 MHz:   0% 3360 MHz: .23% 3408 MHz: .06% 3504 MHz:  41%)
CPU 4 idle residency:  58.04%
CPU 4 down residency:   0.00%
CPU 5 frequency: 3500 MHz
CPU 5 active residency:  31.02% (702 MHz: .00% 948 MHz: .01% 1188 MHz: .00% 1452 MHz:   0% 1704 MHz:   0% 1968 MHz:   0% 2208 MHz: .00% 2400 MHz:   0% 2568 MHz:   0% 2724 MHz:   0% 2868 MHz: .00% 3000 MHz: .13% 3132 MHz: .01% 3264 MHz:   0% 3360 MHz: .05% 3408 MHz:   0% 3504 MHz:  31%)
CPU 5 idle residency:  68.98%
CPU 5 down residency:   0.00%
CPU 6 frequency: 3503 MHz
CPU 6 active residency:  21.12% (702 MHz:   0% 948 MHz:   0% 1188 MHz: .00% 1452 MHz:   0% 1704 MHz:   0% 1968 MHz:   0% 2208 MHz:   0% 2400 MHz:   0% 2568 MHz:   0% 2724 MHz:   0% 2868 MHz:   0% 3000 MHz:   0% 3132 MHz:   0% 3264 MHz:   0% 3360 MHz: .08% 3408 MHz:   0% 3504 MHz:  21%)
CPU 6 idle residency:  78.88%
CPU 6 down residency:   0.00%

P1-Cluster Online: 100%
P1-Cluster HW active frequency: 3334 MHz
P1-Cluster HW active residency:  93.00% (702 MHz:   0% 948 MHz:   0% 1188 MHz:   0% 1452 MHz:   0% 1704 MHz:   0% 1968 MHz:   0% 2208 MHz:   0% 2400 MHz:   0% 2568 MHz:   0% 2724 MHz:   0% 2868 MHz:   0% 3000 MHz:   0% 3132 MHz:   0% 3264 MHz:  47% 3360 MHz:  20% 3408 MHz:  18% 3504 MHz: 8.6%)
P1-Cluster idle residency:   7.00%
P1-Cluster down residency:   0.00%
CPU 7 frequency: 3504 MHz
CPU 7 active residency:  74.46% (702 MHz:   0% 948 MHz:   0% 1188 MHz:   0% 1452 MHz:   0% 1704 MHz:   0% 1968 MHz:   0% 2208 MHz:   0% 2400 MHz:   0% 2568 MHz:   0% 2724 MHz:   0% 2868 MHz:   0% 3000 MHz:   0% 3132 MHz:   0% 3264 MHz:   0% 3360 MHz:   0% 3408 MHz:   0% 3504 MHz:  74%)
CPU 7 idle residency:  25.54%
CPU 7 down residency:   0.00%
CPU 8 frequency: 3504 MHz
CPU 8 active residency:  64.96% (702 MHz:   0% 948 MHz:   0% 1188 MHz:   0% 1452 MHz:   0% 1704 MHz:   0% 1968 MHz:   0% 2208 MHz:   0% 2400 MHz:   0% 2568 MHz:   0% 2724 MHz:   0% 2868 MHz:   0% 3000 MHz:   0% 3132 MHz:   0% 3264 MHz:   0% 3360 MHz:   0% 3408 MHz:   0% 3504 MHz:  65%)
CPU 8 idle residency:  35.04%
CPU 8 down residency:   0.00%
CPU 9 frequency: 3504 MHz
CPU 9 active residency:  74.04% (702 MHz:   0% 948 MHz:   0% 1188 MHz:   0% 1452 MHz:   0% 1704 MHz:   0% 1968 MHz:   0% 2208 MHz:   0% 2400 MHz:   0% 2568 MHz:   0% 2724 MHz:   0% 2868 MHz:   0% 3000 MHz:   0% 3132 MHz:   0% 3264 MHz:   0% 3360 MHz:   0% 3408 MHz:   0% 3504 MHz:  74%)
CPU 9 idle residency:  25.96%
CPU 9 down residency:   0.00%

CPU Power: 11830 mW
GPU Power: 215 mW
ANE Power: 0 mW
Combined Power (CPU + GPU + ANE): 12044 mW

**** GPU usage ****

GPU HW active frequency: 444 MHz
GPU HW active residency:  14.51% (444 MHz:  15% 612 MHz:   0% 808 MHz:   0% 968 MHz:   0% 1110 MHz:   0% 1236 MHz:   0% 1338 MHz:   0% 1398 MHz:   0%)
GPU SW requested state: (P1 : 100% P2 :   0% P3 :   0% P4 :   0% P5 :   0% P6 :   0% P7 :   0% P8 :   0%)
GPU idle residency:  85.49%
GPU Power: 201 mW



*** Sampled system activity (Fri Sep 18 19:08:36 2026 -0700) (514.11ms elapsed) ***


**** Processor usage ****

E-Cluster Online: 100%
E-Cluster HW active frequency: 2040 MHz
E-Cluster HW active residency:  72.07% (912 MHz:  15% 1284 MHz: 1.9% 1752 MHz: 3.9% 2004 MHz: .68% 2256 MHz: .75% 2424 MHz:  50%)
E-Cluster idle residency:  27.93%
E-Cluster down residency:   0.00%
CPU 0 frequency: 2076 MHz
CPU 0 active residency:  42.28% (912 MHz: 7.6% 1284 MHz: .44% 1752 MHz: 3.9% 2004 MHz: .32% 2256 MHz: .32% 2424 MHz:  30%)
CPU 0 idle residency:  57.72%
CPU 0 down residency:   0.00%
CPU 1 frequency: 2118 MHz
CPU 1 active residency:  36.95% (912 MHz: 6.1% 1284 MHz: .70% 1752 MHz: 1.5% 2004 MHz: .51% 2256 MHz: .29% 2424 MHz:  28%)
CPU 1 idle residency:  63.05%
CPU 1 down residency:   0.00%
CPU 2 frequency: 2063 MHz
CPU 2 active residency:  30.70% (912 MHz: 5.7% 1284 MHz: 1.1% 1752 MHz: 1.8% 2004 MHz: .03% 2256 MHz: .29% 2424 MHz:  22%)
CPU 2 idle residency:  69.30%
CPU 2 down residency:   0.00%
CPU 3 frequency: 2099 MHz
CPU 3 active residency:  25.53% (912 MHz: 4.8% 1284 MHz: .16% 1752 MHz: 1.2% 2004 MHz: .02% 2256 MHz: .07% 2424 MHz:  19%)
CPU 3 idle residency:  74.47%
CPU 3 down residency:   0.00%

P0-Cluster Online: 100%
P0-Cluster HW active frequency: 3325 MHz
P0-Cluster HW active residency:  92.05% (702 MHz:   0% 948 MHz: .41% 1188 MHz: .71% 1452 MHz: .04% 1704 MHz:   0% 1968 MHz:   0% 2208 MHz:   0% 2400 MHz:   0% 2568 MHz:   0% 2724 MHz:   0% 2868 MHz:   0% 3000 MHz:   0% 3132 MHz:   0% 3264 MHz:  31% 3360 MHz:  26% 3408 MHz:  26% 3504 MHz: 7.3%)
P0-Cluster idle residency:   7.95%
P0-Cluster down residency:   0.00%
CPU 4 frequency: 3503 MHz
CPU 4 active residency:  72.66% (702 MHz:   0% 948 MHz: .01% 1188 MHz:   0% 1452 MHz: .00% 1704 MHz:   0% 1968 MHz:   0% 2208 MHz:   0% 2400 MHz:   0% 2568 MHz:   0% 2724 MHz:   0% 2868 MHz:   0% 3000 MHz:   0% 3132 MHz:   0% 3264 MHz:   0% 3360 MHz:   0% 3408 MHz:   0% 3504 MHz:  73%)
CPU 4 idle residency:  27.34%
CPU 4 down residency:   0.00%
CPU 5 frequency: 3504 MHz
CPU 5 active residency:  64.43% (702 MHz:   0% 948 MHz:   0% 1188 MHz:   0% 1452 MHz:   0% 1704 MHz:   0% 1968 MHz:   0% 2208 MHz:   0% 2400 MHz:   0% 2568 MHz:   0% 2724 MHz:   0% 2868 MHz:   0% 3000 MHz:   0% 3132 MHz:   0% 3264 MHz:   0% 3360 MHz:   0% 3408 MHz:   0% 3504 MHz:  64%)
CPU 5 idle residency:  35.57%
CPU 5 down residency:   0.00%
CPU 6 frequency: 3504 MHz
CPU 6 active residency:  46.92% (702 MHz:   0% 948 MHz:   0% 1188 MHz:   0% 1452 MHz:   0% 1704 MHz:   0% 1968 MHz:   0% 2208 MHz:   0% 2400 MHz:   0% 2568 MHz:   0% 2724 MHz:   0% 2868 MHz:   0% 3000 MHz:   0% 3132 MHz:   0% 3264 MHz:   0% 3360 MHz:   0% 3408 MHz:   0% 3504 MHz:  47%)
CPU 6 idle residency:  53.08%
CPU 6 down residency:   0.00%

P1-Cluster Online: 100%
P1-Cluster HW active frequency: 3350 MHz
P1-Cluster HW active residency:  94.28% (702 MHz:   0% 948 MHz:   0% 1188 MHz:   0% 1452 MHz:   0% 1704 MHz:   0% 1968 MHz:   0% 2208 MHz:   0% 2400 MHz:   0% 2568 MHz:   0% 2724 MHz:   0% 2868 MHz:   0% 3000 MHz:   0% 3132 MHz:   0% 3264 MHz:  31% 3360 MHz:  30% 3408 MHz:  29% 3504 MHz: 4.0%)
P1-Cluster idle residency:   5.72%
P1-Cluster down residency:   0.00%
CPU 7 frequency: 3504 MHz
CPU 7 active residency:  70.98% (702 MHz:   0% 948 MHz:   0% 1188 MHz:   0% 1452 MHz:   0% 1704 MHz:   0% 1968 MHz:   0% 2208 MHz:   0% 2400 MHz:   0% 2568 MHz:   0% 2724 MHz:   0% 2868 MHz:   0% 3000 MHz:   0% 3132 MHz:   0% 3264 MHz:   0% 3360 MHz:   0% 3408 MHz:   0% 3504 MHz:  71%)
CPU 7 idle residency:  29.02%
CPU 7 down residency:   0.00%
CPU 8 frequency: 3504 MHz
CPU 8 active residency:  65.55% (702 MHz:   0% 948 MHz:   0% 1188 MHz:   0% 1452 MHz:   0% 1704 MHz:   0% 1968 MHz:   0% 2208 MHz:   0% 2400 MHz:   0% 2568 MHz:   0% 2724 MHz:   0% 2868 MHz:   0% 3000 MHz:   0% 3132 MHz:   0% 3264 MHz:   0% 3360 MHz:   0% 3408 MHz:   0% 3504 MHz:  66%)
CPU 8 idle residency:  34.45%
CPU 8 down residency:   0.00%
CPU 9 frequency: 3504 MHz
CPU 9 active residency:  53.66% (702 MHz:   0% 948 MHz:   0% 1188 MHz:   0% 1452 MHz:   0% 1704 MHz:   0% 1968 MHz:   0% 2208 MHz:   0% 2400 MHz:   0% 2568 MHz:   0% 2724 MHz:   0% 2868 MHz:   0% 3000 MHz:   0% 3132 MHz:   0% 3264 MHz:   0% 3360 MHz:   0% 3408 MHz:   0% 3504 MHz:  54%)
CPU 9 idle residency:  46.34%
CPU 9 down residency:   0.00%

CPU Power: 13388 mW
GPU Power: 457 mW
ANE Power: 0 mW
Combined Power (CPU + GPU + ANE): 13845 mW

**** GPU usage ****

GPU HW active frequency: 553 MHz
GPU HW active residency:  27.19% (444 MHz:  19% 612 MHz: 3.0% 808 MHz: 3.2% 968 MHz: 2.5% 1110 MHz:   0% 1236 MHz:   0% 1338 MHz:   0% 1398 MHz:   0%)
GPU SW requested state: (P1 :  70% P2 :  12% P3 :  17% P4 : .61% P5 :   0% P6 :   0% P7 :   0% P8 :   0%)
GPU idle residency:  72.81%
GPU Power: 457 mW



*** Sampled system activity (Fri Sep 18 19:08:37 2026 -0700) (516.40ms elapsed) ***


**** Processor usage ****

E-Cluster Online: 100%
E-Cluster HW active frequency: 2004 MHz
E-Cluster HW active residency:  70.35% (912 MHz:  15% 1284 MHz: 1.6% 1752 MHz: 3.2% 2004 MHz: 4.4% 2256 MHz: 3.6% 2424 MHz:  42%)
E-Cluster idle residency:  29.65%
E-Cluster down residency:   0.00%
CPU 0 frequency: 1912 MHz
CPU 0 active residency:  36.05% (912 MHz: 9.7% 1284 MHz: .89% 1752 MHz: 2.2% 2004 MHz: 2.7% 2256 MHz: 1.2% 2424 MHz:  19%)
CPU 0 idle residency:  63.95%
CPU 0 down residency:   0.00%
CPU 1 frequency: 1946 MHz
CPU 1 active residency:  28.09% (912 MHz: 7.2% 1284 MHz: .70% 1752 MHz: 1.1% 2004 MHz: 1.6% 2256 MHz: 2.0% 2424 MHz:  16%)
CPU 1 idle residency:  71.91%
CPU 1 down residency:   0.00%
CPU 2 frequency: 1986 MHz
CPU 2 active residency:  23.99% (912 MHz: 5.2% 1284 MHz: .54% 1752 MHz: 1.2% 2004 MHz: 2.7% 2256 MHz: .96% 2424 MHz:  13%)
CPU 2 idle residency:  76.01%
CPU 2 down residency:   0.00%
CPU 3 frequency: 1990 MHz
CPU 3 active residency:  18.45% (912 MHz: 4.3% 1284 MHz: .45% 1752 MHz: .63% 2004 MHz: 1.2% 2256 MHz: .87% 2424 MHz:  11%)
CPU 3 idle residency:  81.55%
CPU 3 down residency:   0.00%

P0-Cluster Online: 100%
P0-Cluster HW active frequency: 3339 MHz
P0-Cluster HW active residency:  97.14% (702 MHz:   0% 948 MHz:   0% 1188 MHz:   0% 1452 MHz:   0% 1704 MHz:   0% 1968 MHz:   0% 2208 MHz:   0% 2400 MHz:   0% 2568 MHz:   0% 2724 MHz:   0% 2868 MHz:   0% 3000 MHz:   0% 3132 MHz:   0% 3264 MHz:  36% 3360 MHz:  36% 3408 MHz:  23% 3504 MHz: 1.9%)
P0-Cluster idle residency:   2.86%
P0-Cluster down residency:   0.00%
CPU 4 frequency: 3504 MHz
CPU 4 active residency:  82.14% (702 MHz:   0% 948 MHz:   0% 1188 MHz:   0% 1452 MHz:   0% 1704 MHz:   0% 1968 MHz:   0% 2208 MHz:   0% 2400 MHz:   0% 2568 MHz:   0% 2724 MHz:   0% 2868 MHz:   0% 3000 MHz:   0% 3132 MHz:   0% 3264 MHz:   0% 3360 MHz:   0% 3408 MHz:   0% 3504 MHz:  82%)
CPU 4 idle residency:  17.86%
CPU 4 down residency:   0.00%
CPU 5 frequency: 3504 MHz
CPU 5 active residency:  70.90% (702 MHz:   0% 948 MHz:   0% 1188 MHz:   0% 1452 MHz:   0% 1704 MHz:   0% 1968 MHz:   0% 2208 MHz:   0% 2400 MHz:   0% 2568 MHz:   0% 2724 MHz:   0% 2868 MHz:   0% 3000 MHz:   0% 3132 MHz:   0% 3264 MHz:   0% 3360 MHz:   0% 3408 MHz:   0% 3504 MHz:  71%)
CPU 5 idle residency:  29.10%
CPU 5 down residency:   0.00%
CPU 6 frequency: 3504 MHz
CPU 6 active residency:  48.89% (702 MHz:   0% 948 MHz:   0% 1188 MHz:   0% 1452 MHz:   0% 1704 MHz:   0% 1968 MHz:   0% 2208 MHz:   0% 2400 MHz:   0% 2568 MHz:   0% 2724 MHz:   0% 2868 MHz:   0% 3000 MHz:   0% 3132 MHz:   0% 3264 MHz:   0% 3360 MHz:   0% 3408 MHz:   0% 3504 MHz:  49%)
CPU 6 idle residency:  51.11%
CPU 6 down residency:   0.00%

P1-Cluster Online: 100%
P1-Cluster HW active frequency: 3370 MHz
P1-Cluster HW active residency:  91.07% (702 MHz:   0% 948 MHz:   0% 1188 MHz:   0% 1452 MHz:   0% 1704 MHz:   0% 1968 MHz:   0% 2208 MHz: .04% 2400 MHz:   0% 2568 MHz:   0% 2724 MHz:   0% 2868 MHz: .69% 3000 MHz: .01% 3132 MHz:   0% 3264 MHz:  17% 3360 MHz:  28% 3408 MHz:  37% 3504 MHz: 7.7%)
P1-Cluster idle residency:   8.93%
P1-Cluster down residency:   0.00%
CPU 7 frequency: 3504 MHz
CPU 7 active residency:  59.09% (702 MHz:   0% 948 MHz:   0% 1188 MHz:   0% 1452 MHz:   0% 1704 MHz:   0% 1968 MHz:   0% 2208 MHz: .00% 2400 MHz:   0% 2568 MHz:   0% 2724 MHz:   0% 2868 MHz: .03% 3000 MHz: .01% 3132 MHz:   0% 3264 MHz:   0% 3360 MHz:   0% 3408 MHz:   0% 3504 MHz:  59%)
CPU 7 idle residency:  40.91%
CPU 7 down residency:   0.00%
CPU 8 frequency: 3504 MHz
CPU 8 active residency:  56.36% (702 MHz:   0% 948 MHz:   0% 1188 MHz:   0% 1452 MHz:   0% 1704 MHz:   0% 1968 MHz:   0% 2208 MHz:   0% 2400 MHz:   0% 2568 MHz:   0% 2724 MHz:   0% 2868 MHz:   0% 3000 MHz: .01% 3132 MHz:   0% 3264 MHz:   0% 3360 MHz:   0% 3408 MHz:   0% 3504 MHz:  56%)
CPU 8 idle residency:  43.64%
CPU 8 down residency:   0.00%
CPU 9 frequency: 3504 MHz
CPU 9 active residency:  41.99% (702 MHz:   0% 948 MHz:   0% 1188 MHz:   0% 1452 MHz:   0% 1704 MHz:   0% 1968 MHz:   0% 2208 MHz:   0% 2400 MHz:   0% 2568 MHz:   0% 2724 MHz:   0% 2868 MHz:   0% 3000 MHz:   0% 3132 MHz:   0% 3264 MHz:   0% 3360 MHz:   0% 3408 MHz:   0% 3504 MHz:  42%)
CPU 9 idle residency:  58.01%
CPU 9 down residency:   0.00%

CPU Power: 12790 mW
GPU Power: 213 mW
ANE Power: 0 mW
Combined Power (CPU + GPU + ANE): 13003 mW

**** GPU usage ****

GPU HW active frequency: 446 MHz
GPU HW active residency:  13.16% (444 MHz:  13% 612 MHz: .19% 808 MHz:   0% 968 MHz:   0% 1110 MHz:   0% 1236 MHz:   0% 1338 MHz:   0% 1398 MHz:   0%)
GPU SW requested state: (P1 :  99% P2 : .54% P3 :   0% P4 :   0% P5 :   0% P6 :   0% P7 :   0% P8 :   0%)
GPU idle residency:  86.84%
GPU Power: 213 mW



*** Sampled system activity (Fri Sep 18 19:08:37 2026 -0700) (512.77ms elapsed) ***


**** Processor usage ****

E-Cluster Online: 100%
E-Cluster HW active frequency: 1742 MHz
E-Cluster HW active residency:  68.21% (912 MHz:  25% 1284 MHz: 4.6% 1752 MHz: 3.5% 2004 MHz: 2.3% 2256 MHz: 2.7% 2424 MHz:  30%)
E-Cluster idle residency:  31.79%
E-Cluster down residency:   0.00%
CPU 0 frequency: 1905 MHz
CPU 0 active residency:  34.07% (912 MHz:  10% 1284 MHz: .91% 1752 MHz: 1.1% 2004 MHz: .60% 2256 MHz: .54% 2424 MHz:  21%)
CPU 0 idle residency:  65.93%
CPU 0 down residency:   0.00%
CPU 1 frequency: 1913 MHz
CPU 1 active residency:  30.90% (912 MHz: 9.1% 1284 MHz: .93% 1752 MHz: .78% 2004 MHz: .88% 2256 MHz: .86% 2424 MHz:  18%)
CPU 1 idle residency:  69.10%
CPU 1 down residency:   0.00%
CPU 2 frequency: 1904 MHz
CPU 2 active residency:  27.14% (912 MHz: 7.6% 1284 MHz: 1.3% 1752 MHz: 1.2% 2004 MHz: .67% 2256 MHz: .43% 2424 MHz:  16%)
CPU 2 idle residency:  72.86%
CPU 2 down residency:   0.00%
CPU 3 frequency: 1951 MHz
CPU 3 active residency:  22.09% (912 MHz: 5.9% 1284 MHz: .62% 1752 MHz: .65% 2004 MHz: .58% 2256 MHz: .40% 2424 MHz:  14%)
CPU 3 idle residency:  77.91%
CPU 3 down residency:   0.00%

P0-Cluster Online: 100%
P0-Cluster HW active frequency: 3348 MHz
P0-Cluster HW active residency:  96.25% (702 MHz:   0% 948 MHz:   0% 1188 MHz:   0% 1452 MHz:   0% 1704 MHz:   0% 1968 MHz:   0% 2208 MHz:   0% 2400 MHz:   0% 2568 MHz:   0% 2724 MHz:   0% 2868 MHz:   0% 3000 MHz:   0% 3132 MHz:   0% 3264 MHz:  32% 3360 MHz:  32% 3408 MHz:  29% 3504 MHz: 3.6%)
P0-Cluster idle residency:   3.75%
P0-Cluster down residency:   0.00%
CPU 4 frequency: 3504 MHz
CPU 4 active residency:  78.45% (702 MHz:   0% 948 MHz:   0% 1188 MHz:   0% 1452 MHz:   0% 1704 MHz:   0% 1968 MHz:   0% 2208 MHz:   0% 2400 MHz:   0% 2568 MHz:   0% 2724 MHz:   0% 2868 MHz:   0% 3000 MHz:   0% 3132 MHz:   0% 3264 MHz:   0% 3360 MHz:   0% 3408 MHz:   0% 3504 MHz:  78%)
CPU 4 idle residency:  21.55%
CPU 4 down residency:   0.00%
CPU 5 frequency: 3504 MHz
CPU 5 active residency:  63.65% (702 MHz:   0% 948 MHz:   0% 1188 MHz:   0% 1452 MHz:   0% 1704 MHz:   0% 1968 MHz:   0% 2208 MHz:   0% 2400 MHz:   0% 2568 MHz:   0% 2724 MHz:   0% 2868 MHz:   0% 3000 MHz:   0% 3132 MHz:   0% 3264 MHz:   0% 3360 MHz:   0% 3408 MHz:   0% 3504 MHz:  64%)
CPU 5 idle residency:  36.35%
CPU 5 down residency:   0.00%
CPU 6 frequency: 3504 MHz
CPU 6 active residency:  51.63% (702 MHz:   0% 948 MHz:   0% 1188 MHz:   0% 1452 MHz:   0% 1704 MHz:   0% 1968 MHz:   0% 2208 MHz:   0% 2400 MHz:   0% 2568 MHz:   0% 2724 MHz:   0% 2868 MHz:   0% 3000 MHz:   0% 3132 MHz:   0% 3264 MHz:   0% 3360 MHz:   0% 3408 MHz:   0% 3504 MHz:  52%)
CPU 6 idle residency:  48.37%
CPU 6 down residency:   0.00%

P1-Cluster Online: 100%
P1-Cluster HW active frequency: 3367 MHz
P1-Cluster HW active residency:  87.65% (702 MHz:   0% 948 MHz:   0% 1188 MHz:   0% 1452 MHz:   0% 1704 MHz:   0% 1968 MHz:   0% 2208 MHz:   0% 2400 MHz:   0% 2568 MHz:   0% 2724 MHz:   0% 2868 MHz: .48% 3000 MHz:   0% 3132 MHz:   0% 3264 MHz:  18% 3360 MHz:  28% 3408 MHz:  36% 3504 MHz: 5.9%)
P1-Cluster idle residency:  12.35%
P1-Cluster down residency:   0.00%
CPU 7 frequency: 3504 MHz
CPU 7 active residency:  64.32% (702 MHz:   0% 948 MHz:   0% 1188 MHz:   0% 1452 MHz:   0% 1704 MHz:   0% 1968 MHz:   0% 2208 MHz:   0% 2400 MHz:   0% 2568 MHz:   0% 2724 MHz:   0% 2868 MHz: .00% 3000 MHz:   0% 3132 MHz:   0% 3264 MHz:   0% 3360 MHz:   0% 3408 MHz:   0% 3504 MHz:  64%)
CPU 7 idle residency:  35.68%
CPU 7 down residency:   0.00%
CPU 8 frequency: 3504 MHz
CPU 8 active residency:  56.00% (702 MHz:   0% 948 MHz:   0% 1188 MHz:   0% 1452 MHz:   0% 1704 MHz:   0% 1968 MHz:   0% 2208 MHz:   0% 2400 MHz:   0% 2568 MHz:   0% 2724 MHz:   0% 2868 MHz:   0% 3000 MHz:   0% 3132 MHz:   0% 3264 MHz:   0% 3360 MHz:   0% 3408 MHz:   0% 3504 MHz:  56%)
CPU 8 idle residency:  44.00%
CPU 8 down residency:   0.00%
CPU 9 frequency: 3504 MHz
CPU 9 active residency:  37.49% (702 MHz:   0% 948 MHz:   0% 1188 MHz:   0% 1452 MHz:   0% 1704 MHz:   0% 1968 MHz:   0% 2208 MHz:   0% 2400 MHz:   0% 2568 MHz:   0% 2724 MHz:   0% 2868 MHz:   0% 3000 MHz:   0% 3132 MHz:   0% 3264 MHz:   0% 3360 MHz:   0% 3408 MHz:   0% 3504 MHz:  37%)
CPU 9 idle residency:  62.51%
CPU 9 down residency:   0.00%

CPU Power: 13347 mW
GPU Power: 84 mW
ANE Power: 0 mW
Combined Power (CPU + GPU + ANE): 13431 mW

**** GPU usage ****

GPU HW active frequency: 444 MHz
GPU HW active residency:   5.54% (444 MHz: 5.5% 612 MHz:   0% 808 MHz:   0% 968 MHz:   0% 1110 MHz:   0% 1236 MHz:   0% 1338 MHz:   0% 1398 MHz:   0%)
GPU SW requested state: (P1 : 100% P2 :   0% P3 :   0% P4 :   0% P5 :   0% P6 :   0% P7 :   0% P8 :   0%)
GPU idle residency:  94.46%
GPU Power: 84 mW



*** Sampled system activity (Fri Sep 18 19:08:38 2026 -0700) (513.59ms elapsed) ***


**** Processor usage ****

E-Cluster Online: 100%
E-Cluster HW active frequency: 1675 MHz
E-Cluster HW active residency:  64.06% (912 MHz:  24% 1284 MHz: 3.0% 1752 MHz: 7.9% 2004 MHz: 5.7% 2256 MHz: 2.5% 2424 MHz:  21%)
E-Cluster idle residency:  35.94%
E-Cluster down residency:   0.00%
CPU 0 frequency: 1591 MHz
CPU 0 active residency:  23.43% (912 MHz:  10% 1284 MHz: .77% 1752 MHz: 3.6% 2004 MHz: 2.5% 2256 MHz: .54% 2424 MHz: 6.0%)
CPU 0 idle residency:  76.57%
CPU 0 down residency:   0.00%
CPU 1 frequency: 1632 MHz
CPU 1 active residency:  23.22% (912 MHz: 9.4% 1284 MHz: .92% 1752 MHz: 2.9% 2004 MHz: 2.5% 2256 MHz: .85% 2424 MHz: 6.6%)
CPU 1 idle residency:  76.78%
CPU 1 down residency:   0.00%
CPU 2 frequency: 1681 MHz
CPU 2 active residency:  20.40% (912 MHz: 7.6% 1284 MHz: .33% 1752 MHz: 3.5% 2004 MHz: 2.2% 2256 MHz: .44% 2424 MHz: 6.4%)
CPU 2 idle residency:  79.60%
CPU 2 down residency:   0.00%
CPU 3 frequency: 1546 MHz
CPU 3 active residency:  14.15% (912 MHz: 6.4% 1284 MHz: .22% 1752 MHz: 2.7% 2004 MHz: 1.6% 2256 MHz: .30% 2424 MHz: 2.9%)
CPU 3 idle residency:  85.85%
CPU 3 down residency:   0.00%

P0-Cluster Online: 100%
P0-Cluster HW active frequency: 3363 MHz
P0-Cluster HW active residency:  93.38% (702 MHz:   0% 948 MHz:   0% 1188 MHz: .35% 1452 MHz:   0% 1704 MHz:   0% 1968 MHz:   0% 2208 MHz:   0% 2400 MHz:   0% 2568 MHz:   0% 2724 MHz:   0% 2868 MHz:   0% 3000 MHz:   0% 3132 MHz:   0% 3264 MHz:  17% 3360 MHz:  40% 3408 MHz:  26% 3504 MHz: 9.6%)
P0-Cluster idle residency:   6.62%
P0-Cluster down residency:   0.00%
CPU 4 frequency: 3501 MHz
CPU 4 active residency:  66.53% (702 MHz:   0% 948 MHz:   0% 1188 MHz: .09% 1452 MHz:   0% 1704 MHz:   0% 1968 MHz:   0% 2208 MHz:   0% 2400 MHz:   0% 2568 MHz:   0% 2724 MHz:   0% 2868 MHz:   0% 3000 MHz:   0% 3132 MHz:   0% 3264 MHz:   0% 3360 MHz:   0% 3408 MHz:   0% 3504 MHz:  66%)
CPU 4 idle residency:  33.47%
CPU 4 down residency:   0.00%
CPU 5 frequency: 3503 MHz
CPU 5 active residency:  58.96% (702 MHz:   0% 948 MHz:   0% 1188 MHz: .03% 1452 MHz:   0% 1704 MHz:   0% 1968 MHz:   0% 2208 MHz:   0% 2400 MHz:   0% 2568 MHz:   0% 2724 MHz:   0% 2868 MHz:   0% 3000 MHz:   0% 3132 MHz:   0% 3264 MHz:   0% 3360 MHz:   0% 3408 MHz:   0% 3504 MHz:  59%)
CPU 5 idle residency:  41.04%
CPU 5 down residency:   0.00%
CPU 6 frequency: 3504 MHz
CPU 6 active residency:  45.29% (702 MHz:   0% 948 MHz:   0% 1188 MHz: .00% 1452 MHz:   0% 1704 MHz:   0% 1968 MHz:   0% 2208 MHz:   0% 2400 MHz:   0% 2568 MHz:   0% 2724 MHz:   0% 2868 MHz:   0% 3000 MHz:   0% 3132 MHz:   0% 3264 MHz:   0% 3360 MHz:   0% 3408 MHz:   0% 3504 MHz:  45%)
CPU 6 idle residency:  54.71%
CPU 6 down residency:   0.00%

P1-Cluster Online: 100%
P1-Cluster HW active frequency: 3346 MHz
P1-Cluster HW active residency:  76.95% (702 MHz: .01% 948 MHz:   0% 1188 MHz: .65% 1452 MHz:   0% 1704 MHz:   0% 1968 MHz: .53% 2208 MHz:   0% 2400 MHz: .65% 2568 MHz: .66% 2724 MHz:   0% 2868 MHz:   0% 3000 MHz:   0% 3132 MHz:   0% 3264 MHz: 6.8% 3360 MHz:  22% 3408 MHz:  39% 3504 MHz: 7.3%)
P1-Cluster idle residency:  23.05%
P1-Cluster down residency:   0.00%
CPU 7 frequency: 3503 MHz
CPU 7 active residency:  57.54% (702 MHz: .01% 948 MHz:   0% 1188 MHz:   0% 1452 MHz:   0% 1704 MHz:   0% 1968 MHz: .00% 2208 MHz:   0% 2400 MHz:   0% 2568 MHz:   0% 2724 MHz:   0% 2868 MHz:   0% 3000 MHz:   0% 3132 MHz:   0% 3264 MHz:   0% 3360 MHz:   0% 3408 MHz:   0% 3504 MHz:  58%)
CPU 7 idle residency:  42.46%
CPU 7 down residency:   0.00%
CPU 8 frequency: 3504 MHz
CPU 8 active residency:  38.30% (702 MHz:   0% 948 MHz:   0% 1188 MHz:   0% 1452 MHz:   0% 1704 MHz:   0% 1968 MHz:   0% 2208 MHz:   0% 2400 MHz:   0% 2568 MHz:   0% 2724 MHz:   0% 2868 MHz:   0% 3000 MHz:   0% 3132 MHz:   0% 3264 MHz:   0% 3360 MHz:   0% 3408 MHz:   0% 3504 MHz:  38%)
CPU 8 idle residency:  61.70%
CPU 8 down residency:   0.00%
CPU 9 frequency: 3504 MHz
CPU 9 active residency:  17.80% (702 MHz:   0% 948 MHz:   0% 1188 MHz:   0% 1452 MHz:   0% 1704 MHz:   0% 1968 MHz:   0% 2208 MHz:   0% 2400 MHz:   0% 2568 MHz:   0% 2724 MHz:   0% 2868 MHz:   0% 3000 MHz:   0% 3132 MHz:   0% 3264 MHz:   0% 3360 MHz:   0% 3408 MHz:   0% 3504 MHz:  18%)
CPU 9 idle residency:  82.20%
CPU 9 down residency:   0.00%

CPU Power: 11612 mW
GPU Power: 127 mW
ANE Power: 0 mW
Combined Power (CPU + GPU + ANE): 11739 mW

**** GPU usage ****

GPU HW active frequency: 444 MHz
GPU HW active residency:   7.99% (444 MHz: 8.0% 612 MHz:   0% 808 MHz:   0% 968 MHz:   0% 1110 MHz:   0% 1236 MHz:   0% 1338 MHz:   0% 1398 MHz:   0%)
GPU SW requested state: (P1 : 100% P2 :   0% P3 :   0% P4 :   0% P5 :   0% P6 :   0% P7 :   0% P8 :   0%)
GPU idle residency:  92.01%
GPU Power: 127 mW



*** Sampled system activity (Fri Sep 18 19:08:38 2026 -0700) (517.02ms elapsed) ***


**** Processor usage ****

E-Cluster Online: 100%
E-Cluster HW active frequency: 1579 MHz
E-Cluster HW active residency:  72.41% (912 MHz:  29% 1284 MHz: 9.5% 1752 MHz: 6.0% 2004 MHz: 6.9% 2256 MHz: 1.7% 2424 MHz:  20%)
E-Cluster idle residency:  27.59%
E-Cluster down residency:   0.00%
CPU 0 frequency: 1739 MHz
CPU 0 active residency:  40.05% (912 MHz:  12% 1284 MHz: 3.6% 1752 MHz: 3.7% 2004 MHz: 4.8% 2256 MHz: .76% 2424 MHz:  15%)
CPU 0 idle residency:  59.95%
CPU 0 down residency:   0.00%
CPU 1 frequency: 1735 MHz
CPU 1 active residency:  32.48% (912 MHz:  11% 1284 MHz: 2.7% 1752 MHz: 2.2% 2004 MHz: 3.6% 2256 MHz: 1.0% 2424 MHz:  12%)
CPU 1 idle residency:  67.52%
CPU 1 down residency:   0.00%
CPU 2 frequency: 1708 MHz
CPU 2 active residency:  34.13% (912 MHz:  11% 1284 MHz: 2.7% 1752 MHz: 3.8% 2004 MHz: 3.1% 2256 MHz: .89% 2424 MHz:  12%)
CPU 2 idle residency:  65.87%
CPU 2 down residency:   0.00%
CPU 3 frequency: 1731 MHz
CPU 3 active residency:  28.14% (912 MHz: 9.4% 1284 MHz: 2.7% 1752 MHz: 1.8% 2004 MHz: 2.2% 2256 MHz: .76% 2424 MHz:  11%)
CPU 3 idle residency:  71.86%
CPU 3 down residency:   0.00%

P0-Cluster Online: 100%
P0-Cluster HW active frequency: 3334 MHz
P0-Cluster HW active residency:  98.24% (702 MHz: .01% 948 MHz:   0% 1188 MHz:   0% 1452 MHz: .21% 1704 MHz:   0% 1968 MHz: .61% 2208 MHz: .30% 2400 MHz:   0% 2568 MHz: .34% 2724 MHz:   0% 2868 MHz:   0% 3000 MHz:   0% 3132 MHz:   0% 3264 MHz:  18% 3360 MHz:  66% 3408 MHz: 7.2% 3504 MHz: 5.1%)
P0-Cluster idle residency:   1.76%
P0-Cluster down residency:   0.00%
CPU 4 frequency: 3503 MHz
CPU 4 active residency:  87.99% (702 MHz: .01% 948 MHz:   0% 1188 MHz:   0% 1452 MHz: .00% 1704 MHz:   0% 1968 MHz: .03% 2208 MHz: .04% 2400 MHz:   0% 2568 MHz: .01% 2724 MHz:   0% 2868 MHz:   0% 3000 MHz:   0% 3132 MHz:   0% 3264 MHz:   0% 3360 MHz:   0% 3408 MHz:   0% 3504 MHz:  88%)
CPU 4 idle residency:  12.01%
CPU 4 down residency:   0.00%
CPU 5 frequency: 3492 MHz
CPU 5 active residency:  87.87% (702 MHz:   0% 948 MHz:   0% 1188 MHz:   0% 1452 MHz:   0% 1704 MHz:   0% 1968 MHz: .23% 2208 MHz: .30% 2400 MHz:   0% 2568 MHz: .35% 2724 MHz:   0% 2868 MHz:   0% 3000 MHz:   0% 3132 MHz:   0% 3264 MHz:   0% 3360 MHz:   0% 3408 MHz:   0% 3504 MHz:  87%)
CPU 5 idle residency:  12.13%
CPU 5 down residency:   0.00%
CPU 6 frequency: 3460 MHz
CPU 6 active residency:  25.75% (702 MHz:   0% 948 MHz:   0% 1188 MHz:   0% 1452 MHz: .21% 1704 MHz:   0% 1968 MHz: .41% 2208 MHz: .06% 2400 MHz:   0% 2568 MHz:   0% 2724 MHz:   0% 2868 MHz:   0% 3000 MHz:   0% 3132 MHz:   0% 3264 MHz:   0% 3360 MHz:   0% 3408 MHz:   0% 3504 MHz:  25%)
CPU 6 idle residency:  74.25%
CPU 6 down residency:   0.00%

P1-Cluster Online: 100%
P1-Cluster HW active frequency: 2991 MHz
P1-Cluster HW active residency:  46.76% (702 MHz: .11% 948 MHz: .67% 1188 MHz: 1.8% 1452 MHz: 2.1% 1704 MHz: 2.7% 1968 MHz: .65% 2208 MHz: .65% 2400 MHz: 1.3% 2568 MHz:   0% 2724 MHz:   0% 2868 MHz:   0% 3000 MHz:   0% 3132 MHz:   0% 3264 MHz:  11% 3360 MHz:  15% 3408 MHz: 6.5% 3504 MHz: 4.8%)
P1-Cluster idle residency:  53.24%
P1-Cluster down residency:   0.00%
CPU 7 frequency: 3467 MHz
CPU 7 active residency:  32.96% (702 MHz: .11% 948 MHz:   0% 1188 MHz: .34% 1452 MHz:   0% 1704 MHz: .07% 1968 MHz:   0% 2208 MHz:   0% 2400 MHz:   0% 2568 MHz:   0% 2724 MHz:   0% 2868 MHz:   0% 3000 MHz:   0% 3132 MHz:   0% 3264 MHz:   0% 3360 MHz:   0% 3408 MHz:   0% 3504 MHz:  32%)
CPU 7 idle residency:  67.04%
CPU 7 down residency:   0.00%
CPU 8 frequency: 3498 MHz
CPU 8 active residency:  24.65% (702 MHz: .03% 948 MHz:   0% 1188 MHz: .04% 1452 MHz:   0% 1704 MHz: .00% 1968 MHz:   0% 2208 MHz:   0% 2400 MHz:   0% 2568 MHz:   0% 2724 MHz:   0% 2868 MHz:   0% 3000 MHz:   0% 3132 MHz:   0% 3264 MHz:   0% 3360 MHz:   0% 3408 MHz:   0% 3504 MHz:  25%)
CPU 8 idle residency:  75.35%
CPU 8 down residency:   0.00%
CPU 9 frequency: 3504 MHz
CPU 9 active residency:  22.78% (702 MHz: .00% 948 MHz:   0% 1188 MHz:   0% 1452 MHz:   0% 1704 MHz:   0% 1968 MHz:   0% 2208 MHz:   0% 2400 MHz:   0% 2568 MHz:   0% 2724 MHz:   0% 2868 MHz:   0% 3000 MHz:   0% 3132 MHz:   0% 3264 MHz:   0% 3360 MHz:   0% 3408 MHz:   0% 3504 MHz:  23%)
CPU 9 idle residency:  77.22%
CPU 9 down residency:   0.00%

CPU Power: 11179 mW
GPU Power: 178 mW
ANE Power: 0 mW
Combined Power (CPU + GPU + ANE): 11357 mW

**** GPU usage ****

GPU HW active frequency: 761 MHz
GPU HW active residency:   8.68% (444 MHz: 1.2% 612 MHz: 1.8% 808 MHz: 3.4% 968 MHz: 2.3% 1110 MHz:   0% 1236 MHz:   0% 1338 MHz:   0% 1398 MHz:   0%)
GPU SW requested state: (P1 :  14% P2 :  32% P3 :  51% P4 : 2.9% P5 :   0% P6 :   0% P7 :   0% P8 :   0%)
GPU idle residency:  91.32%
GPU Power: 193 mW



*** Sampled system activity (Fri Sep 18 19:08:39 2026 -0700) (514.96ms elapsed) ***


**** Processor usage ****

E-Cluster Online: 100%
E-Cluster HW active frequency: 1792 MHz
E-Cluster HW active residency:  70.49% (912 MHz:  17% 1284 MHz:  11% 1752 MHz: 7.7% 2004 MHz: 1.9% 2256 MHz: 2.4% 2424 MHz:  30%)
E-Cluster idle residency:  29.51%
E-Cluster down residency:   0.00%
CPU 0 frequency: 1907 MHz
CPU 0 active residency:  33.06% (912 MHz: 8.1% 1284 MHz: 2.5% 1752 MHz: 2.4% 2004 MHz: .76% 2256 MHz: .76% 2424 MHz:  19%)
CPU 0 idle residency:  66.94%
CPU 0 down residency:   0.00%
CPU 1 frequency: 1901 MHz
CPU 1 active residency:  32.49% (912 MHz: 7.9% 1284 MHz: 2.7% 1752 MHz: 2.4% 2004 MHz: .66% 2256 MHz: .50% 2424 MHz:  18%)
CPU 1 idle residency:  67.51%
CPU 1 down residency:   0.00%
CPU 2 frequency: 1856 MHz
CPU 2 active residency:  29.59% (912 MHz: 7.6% 1284 MHz: 3.0% 1752 MHz: 2.5% 2004 MHz: .37% 2256 MHz: .48% 2424 MHz:  16%)
CPU 2 idle residency:  70.41%
CPU 2 down residency:   0.00%
CPU 3 frequency: 1864 MHz
CPU 3 active residency:  26.74% (912 MHz: 7.5% 1284 MHz: 1.7% 1752 MHz: 1.9% 2004 MHz: .49% 2256 MHz: .99% 2424 MHz:  14%)
CPU 3 idle residency:  73.26%
CPU 3 down residency:   0.00%

P0-Cluster Online: 100%
P0-Cluster HW active frequency: 3398 MHz
P0-Cluster HW active residency:  82.12% (702 MHz:   0% 948 MHz:   0% 1188 MHz:   0% 1452 MHz:   0% 1704 MHz:   0% 1968 MHz:   0% 2208 MHz:   0% 2400 MHz:   0% 2568 MHz:   0% 2724 MHz:   0% 2868 MHz:   0% 3000 MHz:   0% 3132 MHz:   0% 3264 MHz:  15% 3360 MHz:  17% 3408 MHz:  28% 3504 MHz:  22%)
P0-Cluster idle residency:  17.88%
P0-Cluster down residency:   0.00%
CPU 4 frequency: 3504 MHz
CPU 4 active residency:  58.37% (702 MHz:   0% 948 MHz:   0% 1188 MHz:   0% 1452 MHz:   0% 1704 MHz:   0% 1968 MHz:   0% 2208 MHz:   0% 2400 MHz:   0% 2568 MHz:   0% 2724 MHz:   0% 2868 MHz:   0% 3000 MHz:   0% 3132 MHz:   0% 3264 MHz:   0% 3360 MHz:   0% 3408 MHz:   0% 3504 MHz:  58%)
CPU 4 idle residency:  41.63%
CPU 4 down residency:   0.00%
CPU 5 frequency: 3504 MHz
CPU 5 active residency:  45.75% (702 MHz:   0% 948 MHz:   0% 1188 MHz:   0% 1452 MHz:   0% 1704 MHz:   0% 1968 MHz:   0% 2208 MHz:   0% 2400 MHz:   0% 2568 MHz:   0% 2724 MHz:   0% 2868 MHz:   0% 3000 MHz:   0% 3132 MHz:   0% 3264 MHz:   0% 3360 MHz:   0% 3408 MHz:   0% 3504 MHz:  46%)
CPU 5 idle residency:  54.25%
CPU 5 down residency:   0.00%
CPU 6 frequency: 3504 MHz
CPU 6 active residency:  28.32% (702 MHz:   0% 948 MHz:   0% 1188 MHz:   0% 1452 MHz:   0% 1704 MHz:   0% 1968 MHz:   0% 2208 MHz:   0% 2400 MHz:   0% 2568 MHz:   0% 2724 MHz:   0% 2868 MHz:   0% 3000 MHz:   0% 3132 MHz:   0% 3264 MHz:   0% 3360 MHz:   0% 3408 MHz:   0% 3504 MHz:  28%)
CPU 6 idle residency:  71.68%
CPU 6 down residency:   0.00%

P1-Cluster Online: 100%
P1-Cluster HW active frequency: 3370 MHz
P1-Cluster HW active residency:  96.56% (702 MHz:   0% 948 MHz:   0% 1188 MHz:   0% 1452 MHz:   0% 1704 MHz:   0% 1968 MHz:   0% 2208 MHz:   0% 2400 MHz:   0% 2568 MHz:   0% 2724 MHz:   0% 2868 MHz:   0% 3000 MHz:   0% 3132 MHz:   0% 3264 MHz:  15% 3360 MHz:  36% 3408 MHz:  44% 3504 MHz: 1.6%)
P1-Cluster idle residency:   3.44%
P1-Cluster down residency:   0.00%
CPU 7 frequency: 3504 MHz
CPU 7 active residency:  74.86% (702 MHz:   0% 948 MHz:   0% 1188 MHz:   0% 1452 MHz:   0% 1704 MHz:   0% 1968 MHz:   0% 2208 MHz:   0% 2400 MHz:   0% 2568 MHz:   0% 2724 MHz:   0% 2868 MHz:   0% 3000 MHz:   0% 3132 MHz:   0% 3264 MHz:   0% 3360 MHz:   0% 3408 MHz:   0% 3504 MHz:  75%)
CPU 7 idle residency:  25.14%
CPU 7 down residency:   0.00%
CPU 8 frequency: 3504 MHz
CPU 8 active residency:  57.71% (702 MHz:   0% 948 MHz:   0% 1188 MHz:   0% 1452 MHz:   0% 1704 MHz:   0% 1968 MHz:   0% 2208 MHz:   0% 2400 MHz:   0% 2568 MHz:   0% 2724 MHz:   0% 2868 MHz:   0% 3000 MHz:   0% 3132 MHz:   0% 3264 MHz:   0% 3360 MHz:   0% 3408 MHz:   0% 3504 MHz:  58%)
CPU 8 idle residency:  42.29%
CPU 8 down residency:   0.00%
CPU 9 frequency: 3504 MHz
CPU 9 active residency:  31.27% (702 MHz:   0% 948 MHz:   0% 1188 MHz:   0% 1452 MHz:   0% 1704 MHz:   0% 1968 MHz:   0% 2208 MHz:   0% 2400 MHz:   0% 2568 MHz:   0% 2724 MHz:   0% 2868 MHz:   0% 3000 MHz:   0% 3132 MHz:   0% 3264 MHz:   0% 3360 MHz:   0% 3408 MHz:   0% 3504 MHz:  31%)
CPU 9 idle residency:  68.73%
CPU 9 down residency:   0.00%

CPU Power: 11871 mW
GPU Power: 276 mW
ANE Power: 0 mW
Combined Power (CPU + GPU + ANE): 12147 mW

**** GPU usage ****

GPU HW active frequency: 448 MHz
GPU HW active residency:  14.88% (444 MHz:  15% 612 MHz: .32% 808 MHz:   0% 968 MHz:   0% 1110 MHz:   0% 1236 MHz:   0% 1338 MHz:   0% 1398 MHz:   0%)
GPU SW requested state: (P1 : 100% P2 : .32% P3 :   0% P4 :   0% P5 :   0% P6 :   0% P7 :   0% P8 :   0%)
GPU idle residency:  85.12%
GPU Power: 260 mW



*** Sampled system activity (Fri Sep 18 19:08:39 2026 -0700) (518.81ms elapsed) ***


**** Processor usage ****

E-Cluster Online: 100%
E-Cluster HW active frequency: 1868 MHz
E-Cluster HW active residency:  68.34% (912 MHz:  21% 1284 MHz: 2.9% 1752 MHz: 3.3% 2004 MHz: 1.2% 2256 MHz: 1.6% 2424 MHz:  38%)
E-Cluster idle residency:  31.66%
E-Cluster down residency:   0.00%
CPU 0 frequency: 2036 MHz
CPU 0 active residency:  33.44% (912 MHz: 7.1% 1284 MHz: 1.3% 1752 MHz: .70% 2004 MHz: .43% 2256 MHz: 1.0% 2424 MHz:  23%)
CPU 0 idle residency:  66.56%
CPU 0 down residency:   0.00%
CPU 1 frequency: 2027 MHz
CPU 1 active residency:  32.92% (912 MHz: 6.1% 1284 MHz: 2.2% 1752 MHz: 1.4% 2004 MHz: .63% 2256 MHz: 1.3% 2424 MHz:  21%)
CPU 1 idle residency:  67.08%
CPU 1 down residency:   0.00%
CPU 2 frequency: 2035 MHz
CPU 2 active residency:  24.68% (912 MHz: 4.7% 1284 MHz: 1.8% 1752 MHz: .40% 2004 MHz: .44% 2256 MHz: .50% 2424 MHz:  17%)
CPU 2 idle residency:  75.32%
CPU 2 down residency:   0.00%
CPU 3 frequency: 2019 MHz
CPU 3 active residency:  20.14% (912 MHz: 4.4% 1284 MHz: .84% 1752 MHz: .61% 2004 MHz: .22% 2256 MHz: .36% 2424 MHz:  14%)
CPU 3 idle residency:  79.86%
CPU 3 down residency:   0.00%

P0-Cluster Online: 100%
P0-Cluster HW active frequency: 3373 MHz
P0-Cluster HW active residency:  90.23% (702 MHz:   0% 948 MHz:   0% 1188 MHz:   0% 1452 MHz:   0% 1704 MHz:   0% 1968 MHz:   0% 2208 MHz:   0% 2400 MHz:   0% 2568 MHz:   0% 2724 MHz:   0% 2868 MHz:   0% 3000 MHz:   0% 3132 MHz:   0% 3264 MHz:  19% 3360 MHz:  28% 3408 MHz:  34% 3504 MHz: 9.3%)
P0-Cluster idle residency:   9.77%
P0-Cluster down residency:   0.00%
CPU 4 frequency: 3504 MHz
CPU 4 active residency:  68.12% (702 MHz:   0% 948 MHz:   0% 1188 MHz:   0% 1452 MHz:   0% 1704 MHz:   0% 1968 MHz:   0% 2208 MHz:   0% 2400 MHz:   0% 2568 MHz:   0% 2724 MHz:   0% 2868 MHz:   0% 3000 MHz:   0% 3132 MHz:   0% 3264 MHz:   0% 3360 MHz:   0% 3408 MHz:   0% 3504 MHz:  68%)
CPU 4 idle residency:  31.88%
CPU 4 down residency:   0.00%
CPU 5 frequency: 3504 MHz
CPU 5 active residency:  52.83% (702 MHz:   0% 948 MHz:   0% 1188 MHz:   0% 1452 MHz:   0% 1704 MHz:   0% 1968 MHz:   0% 2208 MHz:   0% 2400 MHz:   0% 2568 MHz:   0% 2724 MHz:   0% 2868 MHz:   0% 3000 MHz:   0% 3132 MHz:   0% 3264 MHz:   0% 3360 MHz:   0% 3408 MHz:   0% 3504 MHz:  53%)
CPU 5 idle residency:  47.17%
CPU 5 down residency:   0.00%
CPU 6 frequency: 3504 MHz
CPU 6 active residency:  39.85% (702 MHz:   0% 948 MHz:   0% 1188 MHz:   0% 1452 MHz:   0% 1704 MHz:   0% 1968 MHz:   0% 2208 MHz:   0% 2400 MHz:   0% 2568 MHz:   0% 2724 MHz:   0% 2868 MHz:   0% 3000 MHz:   0% 3132 MHz:   0% 3264 MHz:   0% 3360 MHz:   0% 3408 MHz:   0% 3504 MHz:  40%)
CPU 6 idle residency:  60.15%
CPU 6 down residency:   0.00%

P1-Cluster Online: 100%
P1-Cluster HW active frequency: 3364 MHz
P1-Cluster HW active residency:  94.86% (702 MHz:   0% 948 MHz:   0% 1188 MHz:   0% 1452 MHz:   0% 1704 MHz:   0% 1968 MHz:   0% 2208 MHz:   0% 2400 MHz:   0% 2568 MHz:   0% 2724 MHz:   0% 2868 MHz:   0% 3000 MHz:   0% 3132 MHz:   0% 3264 MHz:  24% 3360 MHz:  31% 3408 MHz:  32% 3504 MHz: 7.9%)
P1-Cluster idle residency:   5.14%
P1-Cluster down residency:   0.00%
CPU 7 frequency: 3504 MHz
CPU 7 active residency:  64.88% (702 MHz:   0% 948 MHz:   0% 1188 MHz:   0% 1452 MHz:   0% 1704 MHz:   0% 1968 MHz:   0% 2208 MHz:   0% 2400 MHz:   0% 2568 MHz:   0% 2724 MHz:   0% 2868 MHz:   0% 3000 MHz:   0% 3132 MHz:   0% 3264 MHz:   0% 3360 MHz:   0% 3408 MHz:   0% 3504 MHz:  65%)
CPU 7 idle residency:  35.12%
CPU 7 down residency:   0.00%
CPU 8 frequency: 3504 MHz
CPU 8 active residency:  58.95% (702 MHz:   0% 948 MHz:   0% 1188 MHz:   0% 1452 MHz:   0% 1704 MHz:   0% 1968 MHz:   0% 2208 MHz:   0% 2400 MHz:   0% 2568 MHz:   0% 2724 MHz:   0% 2868 MHz:   0% 3000 MHz:   0% 3132 MHz:   0% 3264 MHz:   0% 3360 MHz:   0% 3408 MHz:   0% 3504 MHz:  59%)
CPU 8 idle residency:  41.05%
CPU 8 down residency:   0.00%
CPU 9 frequency: 3504 MHz
CPU 9 active residency:  51.94% (702 MHz:   0% 948 MHz:   0% 1188 MHz:   0% 1452 MHz:   0% 1704 MHz:   0% 1968 MHz:   0% 2208 MHz:   0% 2400 MHz:   0% 2568 MHz:   0% 2724 MHz:   0% 2868 MHz:   0% 3000 MHz:   0% 3132 MHz:   0% 3264 MHz:   0% 3360 MHz:   0% 3408 MHz:   0% 3504 MHz:  52%)
CPU 9 idle residency:  48.06%
CPU 9 down residency:   0.00%

CPU Power: 12436 mW
GPU Power: 457 mW
ANE Power: 0 mW
Combined Power (CPU + GPU + ANE): 12893 mW

**** GPU usage ****

GPU HW active frequency: 537 MHz
GPU HW active residency:  26.36% (444 MHz:  21% 612 MHz:   0% 808 MHz: 1.6% 968 MHz: 3.6% 1110 MHz:   0% 1236 MHz:   0% 1338 MHz:   0% 1398 MHz:   0%)
GPU SW requested state: (P1 :  80% P2 :   0% P3 :  16% P4 : 4.1% P5 :   0% P6 :   0% P7 :   0% P8 :   0%)
GPU idle residency:  73.64%
GPU Power: 457 mW



*** Sampled system activity (Fri Sep 18 19:08:40 2026 -0700) (512.59ms elapsed) ***


**** Processor usage ****

E-Cluster Online: 100%
E-Cluster HW active frequency: 2249 MHz
E-Cluster HW active residency:  80.08% (912 MHz: 2.8% 1284 MHz: .72% 1752 MHz: 9.0% 2004 MHz: 5.7% 2256 MHz: 3.2% 2424 MHz:  59%)
E-Cluster idle residency:  19.92%
E-Cluster down residency:   0.00%
CPU 0 frequency: 2262 MHz
CPU 0 active residency:  58.50% (912 MHz: 2.1% 1284 MHz: .56% 1752 MHz: 6.1% 2004 MHz: 2.9% 2256 MHz: 1.8% 2424 MHz:  45%)
CPU 0 idle residency:  41.50%
CPU 0 down residency:   0.00%
CPU 1 frequency: 2275 MHz
CPU 1 active residency:  52.99% (912 MHz: 2.2% 1284 MHz: .54% 1752 MHz: 4.4% 2004 MHz: 1.9% 2256 MHz: 1.3% 2424 MHz:  43%)
CPU 1 idle residency:  47.01%
CPU 1 down residency:   0.00%
CPU 2 frequency: 2289 MHz
CPU 2 active residency:  47.76% (912 MHz: 1.5% 1284 MHz: .64% 1752 MHz: 3.3% 2004 MHz: 2.5% 2256 MHz: 1.5% 2424 MHz:  38%)
CPU 2 idle residency:  52.24%
CPU 2 down residency:   0.00%
CPU 3 frequency: 2305 MHz
CPU 3 active residency:  46.99% (912 MHz: 1.3% 1284 MHz: .42% 1752 MHz: 3.0% 2004 MHz: 2.2% 2256 MHz: 1.1% 2424 MHz:  39%)
CPU 3 idle residency:  53.01%
CPU 3 down residency:   0.00%

P0-Cluster Online: 100%
P0-Cluster HW active frequency: 3366 MHz
P0-Cluster HW active residency:  91.23% (702 MHz:   0% 948 MHz:   0% 1188 MHz:   0% 1452 MHz:   0% 1704 MHz:   0% 1968 MHz:   0% 2208 MHz:   0% 2400 MHz:   0% 2568 MHz:   0% 2724 MHz:   0% 2868 MHz:   0% 3000 MHz:   0% 3132 MHz:   0% 3264 MHz:  25% 3360 MHz:  29% 3408 MHz:  25% 3504 MHz:  12%)
P0-Cluster idle residency:   8.77%
P0-Cluster down residency:   0.00%
CPU 4 frequency: 3504 MHz
CPU 4 active residency:  65.34% (702 MHz:   0% 948 MHz:   0% 1188 MHz:   0% 1452 MHz:   0% 1704 MHz:   0% 1968 MHz:   0% 2208 MHz:   0% 2400 MHz:   0% 2568 MHz:   0% 2724 MHz:   0% 2868 MHz:   0% 3000 MHz:   0% 3132 MHz:   0% 3264 MHz:   0% 3360 MHz:   0% 3408 MHz:   0% 3504 MHz:  65%)
CPU 4 idle residency:  34.66%
CPU 4 down residency:   0.00%
CPU 5 frequency: 3504 MHz
CPU 5 active residency:  58.11% (702 MHz:   0% 948 MHz:   0% 1188 MHz:   0% 1452 MHz:   0% 1704 MHz:   0% 1968 MHz:   0% 2208 MHz:   0% 2400 MHz:   0% 2568 MHz:   0% 2724 MHz:   0% 2868 MHz:   0% 3000 MHz:   0% 3132 MHz:   0% 3264 MHz:   0% 3360 MHz:   0% 3408 MHz:   0% 3504 MHz:  58%)
CPU 5 idle residency:  41.89%
CPU 5 down residency:   0.00%
CPU 6 frequency: 3504 MHz
CPU 6 active residency:  53.35% (702 MHz:   0% 948 MHz:   0% 1188 MHz:   0% 1452 MHz:   0% 1704 MHz:   0% 1968 MHz:   0% 2208 MHz:   0% 2400 MHz:   0% 2568 MHz:   0% 2724 MHz:   0% 2868 MHz:   0% 3000 MHz:   0% 3132 MHz:   0% 3264 MHz:   0% 3360 MHz:   0% 3408 MHz:   0% 3504 MHz:  53%)
CPU 6 idle residency:  46.65%
CPU 6 down residency:   0.00%

P1-Cluster Online: 100%
P1-Cluster HW active frequency: 3353 MHz
P1-Cluster HW active residency:  94.82% (702 MHz:   0% 948 MHz:   0% 1188 MHz:   0% 1452 MHz:   0% 1704 MHz:   0% 1968 MHz:   0% 2208 MHz:   0% 2400 MHz:   0% 2568 MHz:   0% 2724 MHz:   0% 2868 MHz:   0% 3000 MHz:   0% 3132 MHz:   0% 3264 MHz:  32% 3360 MHz:  27% 3408 MHz:  30% 3504 MHz: 6.6%)
P1-Cluster idle residency:   5.18%
P1-Cluster down residency:   0.00%
CPU 7 frequency: 3504 MHz
CPU 7 active residency:  74.66% (702 MHz:   0% 948 MHz:   0% 1188 MHz:   0% 1452 MHz:   0% 1704 MHz:   0% 1968 MHz:   0% 2208 MHz:   0% 2400 MHz:   0% 2568 MHz:   0% 2724 MHz:   0% 2868 MHz:   0% 3000 MHz:   0% 3132 MHz:   0% 3264 MHz:   0% 3360 MHz:   0% 3408 MHz:   0% 3504 MHz:  75%)
CPU 7 idle residency:  25.34%
CPU 7 down residency:   0.00%
CPU 8 frequency: 3504 MHz
CPU 8 active residency:  64.48% (702 MHz:   0% 948 MHz:   0% 1188 MHz:   0% 1452 MHz:   0% 1704 MHz:   0% 1968 MHz:   0% 2208 MHz:   0% 2400 MHz:   0% 2568 MHz:   0% 2724 MHz:   0% 2868 MHz:   0% 3000 MHz:   0% 3132 MHz:   0% 3264 MHz:   0% 3360 MHz:   0% 3408 MHz:   0% 3504 MHz:  64%)
CPU 8 idle residency:  35.52%
CPU 8 down residency:   0.00%
CPU 9 frequency: 3504 MHz
CPU 9 active residency:  48.67% (702 MHz:   0% 948 MHz:   0% 1188 MHz:   0% 1452 MHz:   0% 1704 MHz:   0% 1968 MHz:   0% 2208 MHz:   0% 2400 MHz:   0% 2568 MHz:   0% 2724 MHz:   0% 2868 MHz:   0% 3000 MHz:   0% 3132 MHz:   0% 3264 MHz:   0% 3360 MHz:   0% 3408 MHz:   0% 3504 MHz:  49%)
CPU 9 idle residency:  51.33%
CPU 9 down residency:   0.00%

CPU Power: 12993 mW
GPU Power: 400 mW
ANE Power: 0 mW
Combined Power (CPU + GPU + ANE): 13393 mW

**** GPU usage ****

GPU HW active frequency: 582 MHz
GPU HW active residency:  24.71% (444 MHz:  15% 612 MHz: 2.2% 808 MHz: 4.6% 968 MHz: 2.6% 1110 MHz:   0% 1236 MHz:   0% 1338 MHz:   0% 1398 MHz:   0%)
GPU SW requested state: (P1 :  62% P2 :  11% P3 :  21% P4 : 6.3% P5 :   0% P6 :   0% P7 :   0% P8 :   0%)
GPU idle residency:  75.29%
GPU Power: 402 mW



*** Sampled system activity (Fri Sep 18 19:08:40 2026 -0700) (521.17ms elapsed) ***


**** Processor usage ****

E-Cluster Online: 100%
E-Cluster HW active frequency: 2181 MHz
E-Cluster HW active residency:  79.03% (912 MHz: 8.8% 1284 MHz: 2.1% 1752 MHz: .93% 2004 MHz: 2.7% 2256 MHz:  11% 2424 MHz:  54%)
E-Cluster idle residency:  20.97%
E-Cluster down residency:   0.00%
CPU 0 frequency: 2232 MHz
CPU 0 active residency:  45.82% (912 MHz: 3.4% 1284 MHz: 1.5% 1752 MHz: .36% 2004 MHz: 1.6% 2256 MHz: 7.0% 2424 MHz:  32%)
CPU 0 idle residency:  54.18%
CPU 0 down residency:   0.00%
CPU 1 frequency: 2189 MHz
CPU 1 active residency:  37.43% (912 MHz: 3.7% 1284 MHz: 1.2% 1752 MHz: .25% 2004 MHz: 1.5% 2256 MHz: 6.3% 2424 MHz:  25%)
CPU 1 idle residency:  62.57%
CPU 1 down residency:   0.00%
CPU 2 frequency: 2221 MHz
CPU 2 active residency:  39.68% (912 MHz: 3.4% 1284 MHz: .74% 1752 MHz: .64% 2004 MHz: 1.1% 2256 MHz: 7.0% 2424 MHz:  27%)
CPU 2 idle residency:  60.32%
CPU 2 down residency:   0.00%
CPU 3 frequency: 2247 MHz
CPU 3 active residency:  32.59% (912 MHz: 2.3% 1284 MHz: .42% 1752 MHz: .55% 2004 MHz: 1.4% 2256 MHz: 5.0% 2424 MHz:  23%)
CPU 3 idle residency:  67.41%
CPU 3 down residency:   0.00%

P0-Cluster Online: 100%
P0-Cluster HW active frequency: 3398 MHz
P0-Cluster HW active residency:  73.37% (702 MHz: .02% 948 MHz: .58% 1188 MHz:   0% 1452 MHz: .04% 1704 MHz: .58% 1968 MHz:   0% 2208 MHz: .57% 2400 MHz:   0% 2568 MHz:   0% 2724 MHz:   0% 2868 MHz: .58% 3000 MHz:   0% 3132 MHz:   0% 3264 MHz: 2.4% 3360 MHz: 9.0% 3408 MHz:  23% 3504 MHz:  37%)
P0-Cluster idle residency:  26.63%
P0-Cluster down residency:   0.00%
CPU 4 frequency: 3502 MHz
CPU 4 active residency:  38.24% (702 MHz: .02% 948 MHz:   0% 1188 MHz:   0% 1452 MHz: .00% 1704 MHz:   0% 1968 MHz:   0% 2208 MHz:   0% 2400 MHz:   0% 2568 MHz:   0% 2724 MHz:   0% 2868 MHz:   0% 3000 MHz:   0% 3132 MHz:   0% 3264 MHz:   0% 3360 MHz:   0% 3408 MHz:   0% 3504 MHz:  38%)
CPU 4 idle residency:  61.76%
CPU 4 down residency:   0.00%
CPU 5 frequency: 3504 MHz
CPU 5 active residency:  26.66% (702 MHz:   0% 948 MHz:   0% 1188 MHz:   0% 1452 MHz:   0% 1704 MHz:   0% 1968 MHz:   0% 2208 MHz:   0% 2400 MHz:   0% 2568 MHz:   0% 2724 MHz:   0% 2868 MHz:   0% 3000 MHz:   0% 3132 MHz:   0% 3264 MHz:   0% 3360 MHz:   0% 3408 MHz:   0% 3504 MHz:  27%)
CPU 5 idle residency:  73.34%
CPU 5 down residency:   0.00%
CPU 6 frequency: 3504 MHz
CPU 6 active residency:  17.74% (702 MHz:   0% 948 MHz:   0% 1188 MHz:   0% 1452 MHz:   0% 1704 MHz:   0% 1968 MHz:   0% 2208 MHz:   0% 2400 MHz:   0% 2568 MHz:   0% 2724 MHz:   0% 2868 MHz:   0% 3000 MHz:   0% 3132 MHz:   0% 3264 MHz:   0% 3360 MHz:   0% 3408 MHz:   0% 3504 MHz:  18%)
CPU 6 idle residency:  82.26%
CPU 6 down residency:   0.00%

P1-Cluster Online: 100%
P1-Cluster HW active frequency: 3358 MHz
P1-Cluster HW active residency:  95.44% (702 MHz: .01% 948 MHz:   0% 1188 MHz: .72% 1452 MHz:   0% 1704 MHz:   0% 1968 MHz:   0% 2208 MHz:   0% 2400 MHz:   0% 2568 MHz:   0% 2724 MHz:   0% 2868 MHz:   0% 3000 MHz:   0% 3132 MHz:   0% 3264 MHz:  10% 3360 MHz:  46% 3408 MHz:  33% 3504 MHz: 5.1%)
P1-Cluster idle residency:   4.56%
P1-Cluster down residency:   0.00%
CPU 7 frequency: 3504 MHz
CPU 7 active residency:  72.52% (702 MHz: .01% 948 MHz:   0% 1188 MHz: .01% 1452 MHz:   0% 1704 MHz:   0% 1968 MHz:   0% 2208 MHz:   0% 2400 MHz:   0% 2568 MHz:   0% 2724 MHz:   0% 2868 MHz:   0% 3000 MHz:   0% 3132 MHz:   0% 3264 MHz:   0% 3360 MHz:   0% 3408 MHz:   0% 3504 MHz:  73%)
CPU 7 idle residency:  27.48%
CPU 7 down residency:   0.00%
CPU 8 frequency: 3504 MHz
CPU 8 active residency:  56.33% (702 MHz:   0% 948 MHz:   0% 1188 MHz:   0% 1452 MHz:   0% 1704 MHz:   0% 1968 MHz:   0% 2208 MHz:   0% 2400 MHz:   0% 2568 MHz:   0% 2724 MHz:   0% 2868 MHz:   0% 3000 MHz:   0% 3132 MHz:   0% 3264 MHz:   0% 3360 MHz:   0% 3408 MHz:   0% 3504 MHz:  56%)
CPU 8 idle residency:  43.67%
CPU 8 down residency:   0.00%
CPU 9 frequency: 3503 MHz
CPU 9 active residency:  34.78% (702 MHz:   0% 948 MHz:   0% 1188 MHz: .01% 1452 MHz:   0% 1704 MHz:   0% 1968 MHz:   0% 2208 MHz:   0% 2400 MHz:   0% 2568 MHz:   0% 2724 MHz:   0% 2868 MHz:   0% 3000 MHz:   0% 3132 MHz:   0% 3264 MHz:   0% 3360 MHz:   0% 3408 MHz:   0% 3504 MHz:  35%)
CPU 9 idle residency:  65.22%
CPU 9 down residency:   0.00%

CPU Power: 10239 mW
GPU Power: 177 mW
ANE Power: 0 mW
Combined Power (CPU + GPU + ANE): 10415 mW

**** GPU usage ****

GPU HW active frequency: 444 MHz
GPU HW active residency:  28.19% (444 MHz:  28% 612 MHz:   0% 808 MHz:   0% 968 MHz:   0% 1110 MHz:   0% 1236 MHz:   0% 1338 MHz:   0% 1398 MHz:   0%)
GPU SW requested state: (P1 : 100% P2 :   0% P3 :   0% P4 :   0% P5 :   0% P6 :   0% P7 :   0% P8 :   0%)
GPU idle residency:  71.81%
GPU Power: 175 mW



*** Sampled system activity (Fri Sep 18 19:08:41 2026 -0700) (512.46ms elapsed) ***


**** Processor usage ****

E-Cluster Online: 100%
E-Cluster HW active frequency: 1929 MHz
E-Cluster HW active residency:  68.51% (912 MHz:  17% 1284 MHz: 1.4% 1752 MHz: 7.2% 2004 MHz: 4.0% 2256 MHz: 3.5% 2424 MHz:  36%)
E-Cluster idle residency:  31.49%
E-Cluster down residency:   0.00%
CPU 0 frequency: 1984 MHz
CPU 0 active residency:  32.79% (912 MHz: 5.3% 1284 MHz: .92% 1752 MHz: 6.1% 2004 MHz: 2.3% 2256 MHz: 1.7% 2424 MHz:  16%)
CPU 0 idle residency:  67.21%
CPU 0 down residency:   0.00%
CPU 1 frequency: 2000 MHz
CPU 1 active residency:  28.69% (912 MHz: 4.6% 1284 MHz: .88% 1752 MHz: 4.8% 2004 MHz: 1.8% 2256 MHz: 1.4% 2424 MHz:  15%)
CPU 1 idle residency:  71.31%
CPU 1 down residency:   0.00%
CPU 2 frequency: 1988 MHz
CPU 2 active residency:  22.78% (912 MHz: 3.8% 1284 MHz: .22% 1752 MHz: 4.5% 2004 MHz: 1.6% 2256 MHz: 1.5% 2424 MHz:  11%)
CPU 2 idle residency:  77.22%
CPU 2 down residency:   0.00%
CPU 3 frequency: 2024 MHz
CPU 3 active residency:  22.26% (912 MHz: 3.1% 1284 MHz: .74% 1752 MHz: 3.6% 2004 MHz: 1.6% 2256 MHz: 1.4% 2424 MHz:  12%)
CPU 3 idle residency:  77.74%
CPU 3 down residency:   0.00%

P0-Cluster Online: 100%
P0-Cluster HW active frequency: 3340 MHz
P0-Cluster HW active residency:  82.02% (702 MHz:   0% 948 MHz: .69% 1188 MHz:   0% 1452 MHz:   0% 1704 MHz: .67% 1968 MHz:   0% 2208 MHz: .68% 2400 MHz:   0% 2568 MHz:   0% 2724 MHz:   0% 2868 MHz: .66% 3000 MHz:   0% 3132 MHz:   0% 3264 MHz: 7.1% 3360 MHz:  29% 3408 MHz:  35% 3504 MHz: 8.3%)
P0-Cluster idle residency:  17.98%
P0-Cluster down residency:   0.00%
CPU 4 frequency: 3504 MHz
CPU 4 active residency:  54.26% (702 MHz:   0% 948 MHz:   0% 1188 MHz:   0% 1452 MHz:   0% 1704 MHz:   0% 1968 MHz:   0% 2208 MHz:   0% 2400 MHz:   0% 2568 MHz:   0% 2724 MHz:   0% 2868 MHz:   0% 3000 MHz:   0% 3132 MHz:   0% 3264 MHz:   0% 3360 MHz:   0% 3408 MHz:   0% 3504 MHz:  54%)
CPU 4 idle residency:  45.74%
CPU 4 down residency:   0.00%
CPU 5 frequency: 3504 MHz
CPU 5 active residency:  41.73% (702 MHz:   0% 948 MHz:   0% 1188 MHz:   0% 1452 MHz:   0% 1704 MHz:   0% 1968 MHz:   0% 2208 MHz:   0% 2400 MHz:   0% 2568 MHz:   0% 2724 MHz:   0% 2868 MHz:   0% 3000 MHz:   0% 3132 MHz:   0% 3264 MHz:   0% 3360 MHz:   0% 3408 MHz:   0% 3504 MHz:  42%)
CPU 5 idle residency:  58.27%
CPU 5 down residency:   0.00%
CPU 6 frequency: 3504 MHz
CPU 6 active residency:  31.79% (702 MHz:   0% 948 MHz:   0% 1188 MHz:   0% 1452 MHz:   0% 1704 MHz:   0% 1968 MHz:   0% 2208 MHz:   0% 2400 MHz:   0% 2568 MHz:   0% 2724 MHz:   0% 2868 MHz:   0% 3000 MHz:   0% 3132 MHz:   0% 3264 MHz:   0% 3360 MHz:   0% 3408 MHz:   0% 3504 MHz:  32%)
CPU 6 idle residency:  68.21%
CPU 6 down residency:   0.00%

P1-Cluster Online: 100%
P1-Cluster HW active frequency: 3390 MHz
P1-Cluster HW active residency:  90.28% (702 MHz:   0% 948 MHz:   0% 1188 MHz:   0% 1452 MHz:   0% 1704 MHz:   0% 1968 MHz:   0% 2208 MHz:   0% 2400 MHz:   0% 2568 MHz:   0% 2724 MHz:   0% 2868 MHz:   0% 3000 MHz:   0% 3132 MHz:   0% 3264 MHz:  13% 3360 MHz:  34% 3408 MHz:  23% 3504 MHz:  20%)
P1-Cluster idle residency:   9.72%
P1-Cluster down residency:   0.00%
CPU 7 frequency: 3504 MHz
CPU 7 active residency:  68.68% (702 MHz:   0% 948 MHz:   0% 1188 MHz:   0% 1452 MHz:   0% 1704 MHz:   0% 1968 MHz:   0% 2208 MHz:   0% 2400 MHz:   0% 2568 MHz:   0% 2724 MHz:   0% 2868 MHz:   0% 3000 MHz:   0% 3132 MHz:   0% 3264 MHz: .01% 3360 MHz:   0% 3408 MHz:   0% 3504 MHz:  69%)
CPU 7 idle residency:  31.32%
CPU 7 down residency:   0.00%
CPU 8 frequency: 3504 MHz
CPU 8 active residency:  46.96% (702 MHz:   0% 948 MHz:   0% 1188 MHz:   0% 1452 MHz:   0% 1704 MHz:   0% 1968 MHz:   0% 2208 MHz:   0% 2400 MHz:   0% 2568 MHz:   0% 2724 MHz:   0% 2868 MHz:   0% 3000 MHz:   0% 3132 MHz:   0% 3264 MHz:   0% 3360 MHz:   0% 3408 MHz:   0% 3504 MHz:  47%)
CPU 8 idle residency:  53.04%
CPU 8 down residency:   0.00%
CPU 9 frequency: 3504 MHz
CPU 9 active residency:  38.14% (702 MHz:   0% 948 MHz:   0% 1188 MHz:   0% 1452 MHz:   0% 1704 MHz:   0% 1968 MHz:   0% 2208 MHz:   0% 2400 MHz:   0% 2568 MHz:   0% 2724 MHz:   0% 2868 MHz:   0% 3000 MHz:   0% 3132 MHz:   0% 3264 MHz: .00% 3360 MHz:   0% 3408 MHz:   0% 3504 MHz:  38%)
CPU 9 idle residency:  61.86%
CPU 9 down residency:   0.00%

CPU Power: 11437 mW
GPU Power: 207 mW
ANE Power: 0 mW
Combined Power (CPU + GPU + ANE): 11644 mW

**** GPU usage ****

GPU HW active frequency: 444 MHz
GPU HW active residency:  17.28% (444 MHz:  17% 612 MHz:   0% 808 MHz:   0% 968 MHz:   0% 1110 MHz:   0% 1236 MHz:   0% 1338 MHz:   0% 1398 MHz:   0%)
GPU SW requested state: (P1 : 100% P2 :   0% P3 :   0% P4 :   0% P5 :   0% P6 :   0% P7 :   0% P8 :   0%)
GPU idle residency:  82.72%
GPU Power: 207 mW



*** Sampled system activity (Fri Sep 18 19:08:41 2026 -0700) (520.76ms elapsed) ***


**** Processor usage ****

E-Cluster Online: 100%
E-Cluster HW active frequency: 2301 MHz
E-Cluster HW active residency:  84.79% (912 MHz: 1.7% 1284 MHz: .01% 1752 MHz: 2.3% 2004 MHz: 7.8% 2256 MHz:  18% 2424 MHz:  55%)
E-Cluster idle residency:  15.21%
E-Cluster down residency:   0.00%
CPU 0 frequency: 2337 MHz
CPU 0 active residency:  62.82% (912 MHz: .28% 1284 MHz: .01% 1752 MHz: .89% 2004 MHz: 5.5% 2256 MHz:  13% 2424 MHz:  43%)
CPU 0 idle residency:  37.18%
CPU 0 down residency:   0.00%
CPU 1 frequency: 2346 MHz
CPU 1 active residency:  56.89% (912 MHz: .30% 1284 MHz: .01% 1752 MHz: .68% 2004 MHz: 4.4% 2256 MHz:  10% 2424 MHz:  41%)
CPU 1 idle residency:  43.11%
CPU 1 down residency:   0.00%
CPU 2 frequency: 2345 MHz
CPU 2 active residency:  55.38% (912 MHz: .17% 1284 MHz: .01% 1752 MHz: .56% 2004 MHz: 4.9% 2256 MHz: 9.8% 2424 MHz:  40%)
CPU 2 idle residency:  44.62%
CPU 2 down residency:   0.00%
CPU 3 frequency: 2340 MHz
CPU 3 active residency:  49.14% (912 MHz: .28% 1284 MHz:   0% 1752 MHz: .99% 2004 MHz: 3.9% 2256 MHz: 8.3% 2424 MHz:  36%)
CPU 3 idle residency:  50.86%
CPU 3 down residency:   0.00%

P0-Cluster Online: 100%
P0-Cluster HW active frequency: 3255 MHz
P0-Cluster HW active residency:  67.29% (702 MHz: .03% 948 MHz:   0% 1188 MHz: .62% 1452 MHz:   0% 1704 MHz: .61% 1968 MHz: .62% 2208 MHz: 1.9% 2400 MHz: 1.2% 2568 MHz: 1.4% 2724 MHz: .47% 2868 MHz: .58% 3000 MHz:   0% 3132 MHz:   0% 3264 MHz:  18% 3360 MHz:  12% 3408 MHz:  12% 3504 MHz:  17%)
P0-Cluster idle residency:  32.71%
P0-Cluster down residency:   0.00%
CPU 4 frequency: 3501 MHz
CPU 4 active residency:  48.13% (702 MHz: .04% 948 MHz:   0% 1188 MHz:   0% 1452 MHz:   0% 1704 MHz:   0% 1968 MHz:   0% 2208 MHz: .01% 2400 MHz: .01% 2568 MHz: .01% 2724 MHz: .00% 2868 MHz:   0% 3000 MHz:   0% 3132 MHz:   0% 3264 MHz:   0% 3360 MHz:   0% 3408 MHz:   0% 3504 MHz:  48%)
CPU 4 idle residency:  51.87%
CPU 4 down residency:   0.00%
CPU 5 frequency: 3503 MHz
CPU 5 active residency:  41.64% (702 MHz: .01% 948 MHz:   0% 1188 MHz:   0% 1452 MHz:   0% 1704 MHz:   0% 1968 MHz:   0% 2208 MHz: .01% 2400 MHz:   0% 2568 MHz: .01% 2724 MHz: .00% 2868 MHz:   0% 3000 MHz:   0% 3132 MHz:   0% 3264 MHz:   0% 3360 MHz:   0% 3408 MHz:   0% 3504 MHz:  42%)
CPU 5 idle residency:  58.36%
CPU 5 down residency:   0.00%
CPU 6 frequency: 3504 MHz
CPU 6 active residency:  30.41% (702 MHz:   0% 948 MHz:   0% 1188 MHz:   0% 1452 MHz:   0% 1704 MHz:   0% 1968 MHz:   0% 2208 MHz:   0% 2400 MHz:   0% 2568 MHz:   0% 2724 MHz:   0% 2868 MHz:   0% 3000 MHz:   0% 3132 MHz:   0% 3264 MHz:   0% 3360 MHz:   0% 3408 MHz:   0% 3504 MHz:  30%)
CPU 6 idle residency:  69.59%
CPU 6 down residency:   0.00%

P1-Cluster Online: 100%
P1-Cluster HW active frequency: 3313 MHz
P1-Cluster HW active residency:  95.90% (702 MHz:   0% 948 MHz:   0% 1188 MHz: 1.2% 1452 MHz:   0% 1704 MHz:   0% 1968 MHz:   0% 2208 MHz:   0% 2400 MHz:   0% 2568 MHz:   0% 2724 MHz:   0% 2868 MHz:   0% 3000 MHz:   0% 3132 MHz:   0% 3264 MHz:  34% 3360 MHz:  42% 3408 MHz:  15% 3504 MHz: 4.6%)
P1-Cluster idle residency:   4.10%
P1-Cluster down residency:   0.00%
CPU 7 frequency: 3490 MHz
CPU 7 active residency:  80.66% (702 MHz:   0% 948 MHz:   0% 1188 MHz: .48% 1452 MHz:   0% 1704 MHz:   0% 1968 MHz:   0% 2208 MHz:   0% 2400 MHz:   0% 2568 MHz:   0% 2724 MHz:   0% 2868 MHz:   0% 3000 MHz:   0% 3132 MHz:   0% 3264 MHz:   0% 3360 MHz:   0% 3408 MHz:   0% 3504 MHz:  80%)
CPU 7 idle residency:  19.34%
CPU 7 down residency:   0.00%
CPU 8 frequency: 3500 MHz
CPU 8 active residency:  68.05% (702 MHz:   0% 948 MHz:   0% 1188 MHz: .12% 1452 MHz:   0% 1704 MHz:   0% 1968 MHz:   0% 2208 MHz:   0% 2400 MHz:   0% 2568 MHz:   0% 2724 MHz:   0% 2868 MHz:   0% 3000 MHz:   0% 3132 MHz:   0% 3264 MHz:   0% 3360 MHz:   0% 3408 MHz:   0% 3504 MHz:  68%)
CPU 8 idle residency:  31.95%
CPU 8 down residency:   0.00%
CPU 9 frequency: 3502 MHz
CPU 9 active residency:  60.39% (702 MHz:   0% 948 MHz:   0% 1188 MHz: .04% 1452 MHz:   0% 1704 MHz:   0% 1968 MHz:   0% 2208 MHz:   0% 2400 MHz:   0% 2568 MHz:   0% 2724 MHz:   0% 2868 MHz:   0% 3000 MHz:   0% 3132 MHz:   0% 3264 MHz:   0% 3360 MHz:   0% 3408 MHz:   0% 3504 MHz:  60%)
CPU 9 idle residency:  39.61%
CPU 9 down residency:   0.00%

CPU Power: 11946 mW
GPU Power: 215 mW
ANE Power: 0 mW
Combined Power (CPU + GPU + ANE): 12161 mW

**** GPU usage ****

GPU HW active frequency: 472 MHz
GPU HW active residency:  23.03% (444 MHz:  22% 612 MHz:   0% 808 MHz: .53% 968 MHz: .87% 1110 MHz:   0% 1236 MHz:   0% 1338 MHz:   0% 1398 MHz:   0%)
GPU SW requested state: (P1 :  94% P2 :   0% P3 : 6.2% P4 : .31% P5 :   0% P6 :   0% P7 :   0% P8 :   0%)
GPU idle residency:  76.97%
GPU Power: 215 mW



*** Sampled system activity (Fri Sep 18 19:08:42 2026 -0700) (512.10ms elapsed) ***


**** Processor usage ****

E-Cluster Online: 100%
E-Cluster HW active frequency: 1774 MHz
E-Cluster HW active residency:  70.13% (912 MHz:  24% 1284 MHz: 1.1% 1752 MHz: 5.3% 2004 MHz: 6.0% 2256 MHz: 8.7% 2424 MHz:  25%)
E-Cluster idle residency:  29.87%
E-Cluster down residency:   0.00%
CPU 0 frequency: 1818 MHz
CPU 0 active residency:  34.14% (912 MHz:  12% 1284 MHz: .19% 1752 MHz: 2.3% 2004 MHz: 1.3% 2256 MHz: 5.4% 2424 MHz:  13%)
CPU 0 idle residency:  65.86%
CPU 0 down residency:   0.00%
CPU 1 frequency: 1805 MHz
CPU 1 active residency:  30.51% (912 MHz:  11% 1284 MHz: .10% 1752 MHz: 2.1% 2004 MHz: 1.5% 2256 MHz: 4.4% 2424 MHz:  12%)
CPU 1 idle residency:  69.49%
CPU 1 down residency:   0.00%
CPU 2 frequency: 1781 MHz
CPU 2 active residency:  26.60% (912 MHz: 9.5% 1284 MHz: .15% 1752 MHz: 1.9% 2004 MHz: 1.3% 2256 MHz: 4.0% 2424 MHz: 9.7%)
CPU 2 idle residency:  73.40%
CPU 2 down residency:   0.00%
CPU 3 frequency: 1824 MHz
CPU 3 active residency:  24.45% (912 MHz: 7.5% 1284 MHz: .09% 1752 MHz: 2.9% 2004 MHz: 1.5% 2256 MHz: 3.6% 2424 MHz: 8.8%)
CPU 3 idle residency:  75.55%
CPU 3 down residency:   0.00%

P0-Cluster Online: 100%
P0-Cluster HW active frequency: 3388 MHz
P0-Cluster HW active residency:  90.91% (702 MHz:   0% 948 MHz:   0% 1188 MHz:   0% 1452 MHz:   0% 1704 MHz:   0% 1968 MHz:   0% 2208 MHz:   0% 2400 MHz:   0% 2568 MHz:   0% 2724 MHz:   0% 2868 MHz:   0% 3000 MHz:   0% 3132 MHz:   0% 3264 MHz:  22% 3360 MHz:  21% 3408 MHz:  24% 3504 MHz:  24%)
P0-Cluster idle residency:   9.09%
P0-Cluster down residency:   0.00%
CPU 4 frequency: 3504 MHz
CPU 4 active residency:  69.95% (702 MHz:   0% 948 MHz:   0% 1188 MHz:   0% 1452 MHz:   0% 1704 MHz:   0% 1968 MHz:   0% 2208 MHz:   0% 2400 MHz:   0% 2568 MHz:   0% 2724 MHz:   0% 2868 MHz:   0% 3000 MHz:   0% 3132 MHz:   0% 3264 MHz:   0% 3360 MHz:   0% 3408 MHz:   0% 3504 MHz:  70%)
CPU 4 idle residency:  30.05%
CPU 4 down residency:   0.00%
CPU 5 frequency: 3504 MHz
CPU 5 active residency:  46.38% (702 MHz:   0% 948 MHz:   0% 1188 MHz:   0% 1452 MHz:   0% 1704 MHz:   0% 1968 MHz:   0% 2208 MHz:   0% 2400 MHz:   0% 2568 MHz:   0% 2724 MHz:   0% 2868 MHz:   0% 3000 MHz:   0% 3132 MHz:   0% 3264 MHz:   0% 3360 MHz:   0% 3408 MHz:   0% 3504 MHz:  46%)
CPU 5 idle residency:  53.62%
CPU 5 down residency:   0.00%
CPU 6 frequency: 3504 MHz
CPU 6 active residency:  43.46% (702 MHz:   0% 948 MHz:   0% 1188 MHz:   0% 1452 MHz:   0% 1704 MHz:   0% 1968 MHz:   0% 2208 MHz:   0% 2400 MHz:   0% 2568 MHz:   0% 2724 MHz:   0% 2868 MHz:   0% 3000 MHz:   0% 3132 MHz:   0% 3264 MHz:   0% 3360 MHz:   0% 3408 MHz:   0% 3504 MHz:  43%)
CPU 6 idle residency:  56.54%
CPU 6 down residency:   0.00%

P1-Cluster Online: 100%
P1-Cluster HW active frequency: 3366 MHz
P1-Cluster HW active residency:  99.28% (702 MHz:   0% 948 MHz:   0% 1188 MHz:   0% 1452 MHz:   0% 1704 MHz:   0% 1968 MHz:   0% 2208 MHz:   0% 2400 MHz:   0% 2568 MHz:   0% 2724 MHz:   0% 2868 MHz:   0% 3000 MHz:   0% 3132 MHz:   0% 3264 MHz:  15% 3360 MHz:  43% 3408 MHz:  42% 3504 MHz: .10%)
P1-Cluster idle residency:   0.72%
P1-Cluster down residency:   0.00%
CPU 7 frequency: 3504 MHz
CPU 7 active residency:  60.43% (702 MHz:   0% 948 MHz:   0% 1188 MHz:   0% 1452 MHz:   0% 1704 MHz:   0% 1968 MHz:   0% 2208 MHz:   0% 2400 MHz:   0% 2568 MHz:   0% 2724 MHz:   0% 2868 MHz:   0% 3000 MHz:   0% 3132 MHz:   0% 3264 MHz:   0% 3360 MHz:   0% 3408 MHz:   0% 3504 MHz:  60%)
CPU 7 idle residency:  39.57%
CPU 7 down residency:   0.00%
CPU 8 frequency: 3504 MHz
CPU 8 active residency:  60.51% (702 MHz:   0% 948 MHz:   0% 1188 MHz:   0% 1452 MHz:   0% 1704 MHz:   0% 1968 MHz:   0% 2208 MHz:   0% 2400 MHz:   0% 2568 MHz:   0% 2724 MHz:   0% 2868 MHz:   0% 3000 MHz:   0% 3132 MHz:   0% 3264 MHz:   0% 3360 MHz:   0% 3408 MHz:   0% 3504 MHz:  61%)
CPU 8 idle residency:  39.49%
CPU 8 down residency:   0.00%
CPU 9 frequency: 3504 MHz
CPU 9 active residency:  50.45% (702 MHz:   0% 948 MHz:   0% 1188 MHz:   0% 1452 MHz:   0% 1704 MHz:   0% 1968 MHz:   0% 2208 MHz:   0% 2400 MHz:   0% 2568 MHz:   0% 2724 MHz:   0% 2868 MHz:   0% 3000 MHz:   0% 3132 MHz:   0% 3264 MHz:   0% 3360 MHz:   0% 3408 MHz:   0% 3504 MHz:  50%)
CPU 9 idle residency:  49.55%
CPU 9 down residency:   0.00%

CPU Power: 12377 mW
GPU Power: 451 mW
ANE Power: 0 mW
Combined Power (CPU + GPU + ANE): 12828 mW

**** GPU usage ****

GPU HW active frequency: 654 MHz
GPU HW active residency:  18.11% (444 MHz: 6.0% 612 MHz: 5.0% 808 MHz: 4.7% 968 MHz: 2.4% 1110 MHz:   0% 1236 MHz:   0% 1338 MHz:   0% 1398 MHz:   0%)
GPU SW requested state: (P1 :  37% P2 :  31% P3 :  29% P4 : 2.2% P5 :   0% P6 :   0% P7 :   0% P8 :   0%)
GPU idle residency:  81.89%
GPU Power: 451 mW



*** Sampled system activity (Fri Sep 18 19:08:42 2026 -0700) (515.18ms elapsed) ***


**** Processor usage ****

E-Cluster Online: 100%
E-Cluster HW active frequency: 1689 MHz
E-Cluster HW active residency:  67.63% (912 MHz:  30% 1284 MHz: 3.8% 1752 MHz: .51% 2004 MHz: .77% 2256 MHz:   0% 2424 MHz:  33%)
E-Cluster idle residency:  32.37%
E-Cluster down residency:   0.00%
CPU 0 frequency: 1575 MHz
CPU 0 active residency:  32.20% (912 MHz:  16% 1284 MHz: 2.8% 1752 MHz: .53% 2004 MHz: .45% 2256 MHz:   0% 2424 MHz:  13%)
CPU 0 idle residency:  67.80%
CPU 0 down residency:   0.00%
CPU 1 frequency: 1577 MHz
CPU 1 active residency:  28.27% (912 MHz:  14% 1284 MHz: 2.4% 1752 MHz: .42% 2004 MHz: .53% 2256 MHz:   0% 2424 MHz:  11%)
CPU 1 idle residency:  71.73%
CPU 1 down residency:   0.00%
CPU 2 frequency: 1543 MHz
CPU 2 active residency:  25.06% (912 MHz:  13% 1284 MHz: 2.2% 1752 MHz: .55% 2004 MHz: .50% 2256 MHz:   0% 2424 MHz: 9.2%)
CPU 2 idle residency:  74.94%
CPU 2 down residency:   0.00%
CPU 3 frequency: 1570 MHz
CPU 3 active residency:  20.44% (912 MHz: 9.7% 1284 MHz: 2.0% 1752 MHz: .48% 2004 MHz: .46% 2256 MHz:   0% 2424 MHz: 7.8%)
CPU 3 idle residency:  79.56%
CPU 3 down residency:   0.00%

P0-Cluster Online: 100%
P0-Cluster HW active frequency: 3386 MHz
P0-Cluster HW active residency:  89.10% (702 MHz:   0% 948 MHz:   0% 1188 MHz:   0% 1452 MHz:   0% 1704 MHz:   0% 1968 MHz:   0% 2208 MHz:   0% 2400 MHz:   0% 2568 MHz:   0% 2724 MHz:   0% 2868 MHz:   0% 3000 MHz:   0% 3132 MHz:   0% 3264 MHz:  21% 3360 MHz:  27% 3408 MHz:  16% 3504 MHz:  24%)
P0-Cluster idle residency:  10.90%
P0-Cluster down residency:   0.00%
CPU 4 frequency: 3504 MHz
CPU 4 active residency:  67.70% (702 MHz:   0% 948 MHz:   0% 1188 MHz:   0% 1452 MHz:   0% 1704 MHz:   0% 1968 MHz:   0% 2208 MHz:   0% 2400 MHz:   0% 2568 MHz:   0% 2724 MHz:   0% 2868 MHz:   0% 3000 MHz:   0% 3132 MHz:   0% 3264 MHz:   0% 3360 MHz:   0% 3408 MHz:   0% 3504 MHz:  68%)
CPU 4 idle residency:  32.30%
CPU 4 down residency:   0.00%
CPU 5 frequency: 3504 MHz
CPU 5 active residency:  53.38% (702 MHz:   0% 948 MHz:   0% 1188 MHz:   0% 1452 MHz:   0% 1704 MHz:   0% 1968 MHz:   0% 2208 MHz:   0% 2400 MHz:   0% 2568 MHz:   0% 2724 MHz:   0% 2868 MHz:   0% 3000 MHz:   0% 3132 MHz:   0% 3264 MHz:   0% 3360 MHz:   0% 3408 MHz:   0% 3504 MHz:  53%)
CPU 5 idle residency:  46.62%
CPU 5 down residency:   0.00%
CPU 6 frequency: 3504 MHz
CPU 6 active residency:  41.33% (702 MHz:   0% 948 MHz:   0% 1188 MHz:   0% 1452 MHz:   0% 1704 MHz:   0% 1968 MHz:   0% 2208 MHz:   0% 2400 MHz:   0% 2568 MHz:   0% 2724 MHz:   0% 2868 MHz:   0% 3000 MHz:   0% 3132 MHz:   0% 3264 MHz:   0% 3360 MHz:   0% 3408 MHz:   0% 3504 MHz:  41%)
CPU 6 idle residency:  58.67%
CPU 6 down residency:   0.00%

P1-Cluster Online: 100%
P1-Cluster HW active frequency: 3360 MHz
P1-Cluster HW active residency:  97.37% (702 MHz:   0% 948 MHz:   0% 1188 MHz:   0% 1452 MHz:   0% 1704 MHz:   0% 1968 MHz:   0% 2208 MHz:   0% 2400 MHz:   0% 2568 MHz:   0% 2724 MHz:   0% 2868 MHz:   0% 3000 MHz:   0% 3132 MHz:   0% 3264 MHz:  15% 3360 MHz:  51% 3408 MHz:  30% 3504 MHz:   0%)
P1-Cluster idle residency:   2.63%
P1-Cluster down residency:   0.00%
CPU 7 frequency: 3504 MHz
CPU 7 active residency:  66.87% (702 MHz:   0% 948 MHz:   0% 1188 MHz:   0% 1452 MHz:   0% 1704 MHz:   0% 1968 MHz:   0% 2208 MHz:   0% 2400 MHz:   0% 2568 MHz:   0% 2724 MHz:   0% 2868 MHz:   0% 3000 MHz:   0% 3132 MHz:   0% 3264 MHz:   0% 3360 MHz:   0% 3408 MHz:   0% 3504 MHz:  67%)
CPU 7 idle residency:  33.13%
CPU 7 down residency:   0.00%
CPU 8 frequency: 3504 MHz
CPU 8 active residency:  60.68% (702 MHz:   0% 948 MHz:   0% 1188 MHz:   0% 1452 MHz:   0% 1704 MHz:   0% 1968 MHz:   0% 2208 MHz:   0% 2400 MHz:   0% 2568 MHz:   0% 2724 MHz:   0% 2868 MHz:   0% 3000 MHz:   0% 3132 MHz:   0% 3264 MHz:   0% 3360 MHz:   0% 3408 MHz:   0% 3504 MHz:  61%)
CPU 8 idle residency:  39.32%
CPU 8 down residency:   0.00%
CPU 9 frequency: 3504 MHz
CPU 9 active residency:  52.69% (702 MHz:   0% 948 MHz:   0% 1188 MHz:   0% 1452 MHz:   0% 1704 MHz:   0% 1968 MHz:   0% 2208 MHz:   0% 2400 MHz:   0% 2568 MHz:   0% 2724 MHz:   0% 2868 MHz:   0% 3000 MHz:   0% 3132 MHz:   0% 3264 MHz:   0% 3360 MHz:   0% 3408 MHz:   0% 3504 MHz:  53%)
CPU 9 idle residency:  47.31%
CPU 9 down residency:   0.00%

CPU Power: 12962 mW
GPU Power: 516 mW
ANE Power: 0 mW
Combined Power (CPU + GPU + ANE): 13479 mW

**** GPU usage ****

GPU HW active frequency: 494 MHz
GPU HW active residency:  42.15% (444 MHz:  36% 612 MHz: 1.7% 808 MHz: 2.4% 968 MHz: 1.8% 1110 MHz:   0% 1236 MHz:   0% 1338 MHz:   0% 1398 MHz:   0%)
GPU SW requested state: (P1 :  85% P2 : 6.6% P3 : 6.8% P4 : 1.3% P5 :   0% P6 :   0% P7 :   0% P8 :   0%)
GPU idle residency:  57.85%
GPU Power: 524 mW



*** Sampled system activity (Fri Sep 18 19:08:43 2026 -0700) (517.04ms elapsed) ***


**** Processor usage ****

E-Cluster Online: 100%
E-Cluster HW active frequency: 2160 MHz
E-Cluster HW active residency:  84.31% (912 MHz:  11% 1284 MHz: 3.1% 1752 MHz: 1.6% 2004 MHz: 1.7% 2256 MHz: .78% 2424 MHz:  66%)
E-Cluster idle residency:  15.69%
E-Cluster down residency:   0.00%
CPU 0 frequency: 2227 MHz
CPU 0 active residency:  60.14% (912 MHz: 6.1% 1284 MHz: 1.6% 1752 MHz: .70% 2004 MHz: .60% 2256 MHz: .68% 2424 MHz:  50%)
CPU 0 idle residency:  39.86%
CPU 0 down residency:   0.00%
CPU 1 frequency: 2231 MHz
CPU 1 active residency:  58.59% (912 MHz: 5.5% 1284 MHz: 1.8% 1752 MHz: 1.0% 2004 MHz: .47% 2256 MHz: .70% 2424 MHz:  49%)
CPU 1 idle residency:  41.41%
CPU 1 down residency:   0.00%
CPU 2 frequency: 2259 MHz
CPU 2 active residency:  54.82% (912 MHz: 4.1% 1284 MHz: 1.7% 1752 MHz: .90% 2004 MHz: .42% 2256 MHz: .77% 2424 MHz:  47%)
CPU 2 idle residency:  45.18%
CPU 2 down residency:   0.00%
CPU 3 frequency: 2266 MHz
CPU 3 active residency:  50.01% (912 MHz: 3.4% 1284 MHz: 1.8% 1752 MHz: .58% 2004 MHz: .38% 2256 MHz: .76% 2424 MHz:  43%)
CPU 3 idle residency:  49.99%
CPU 3 down residency:   0.00%

P0-Cluster Online: 100%
P0-Cluster HW active frequency: 3332 MHz
P0-Cluster HW active residency:  96.46% (702 MHz:   0% 948 MHz:   0% 1188 MHz:   0% 1452 MHz:   0% 1704 MHz:   0% 1968 MHz:   0% 2208 MHz:   0% 2400 MHz:   0% 2568 MHz: .06% 2724 MHz:   0% 2868 MHz:   0% 3000 MHz:   0% 3132 MHz:   0% 3264 MHz:  50% 3360 MHz:  22% 3408 MHz:  14% 3504 MHz:  10%)
P0-Cluster idle residency:   3.54%
P0-Cluster down residency:   0.00%
CPU 4 frequency: 3504 MHz
CPU 4 active residency:  79.85% (702 MHz:   0% 948 MHz:   0% 1188 MHz:   0% 1452 MHz:   0% 1704 MHz:   0% 1968 MHz:   0% 2208 MHz:   0% 2400 MHz:   0% 2568 MHz: .00% 2724 MHz:   0% 2868 MHz:   0% 3000 MHz:   0% 3132 MHz:   0% 3264 MHz:   0% 3360 MHz:   0% 3408 MHz:   0% 3504 MHz:  80%)
CPU 4 idle residency:  20.15%
CPU 4 down residency:   0.00%
CPU 5 frequency: 3504 MHz
CPU 5 active residency:  73.86% (702 MHz:   0% 948 MHz:   0% 1188 MHz:   0% 1452 MHz:   0% 1704 MHz:   0% 1968 MHz:   0% 2208 MHz:   0% 2400 MHz:   0% 2568 MHz:   0% 2724 MHz:   0% 2868 MHz:   0% 3000 MHz:   0% 3132 MHz:   0% 3264 MHz:   0% 3360 MHz:   0% 3408 MHz:   0% 3504 MHz:  74%)
CPU 5 idle residency:  26.14%
CPU 5 down residency:   0.00%
CPU 6 frequency: 3504 MHz
CPU 6 active residency:  66.94% (702 MHz:   0% 948 MHz:   0% 1188 MHz:   0% 1452 MHz:   0% 1704 MHz:   0% 1968 MHz:   0% 2208 MHz:   0% 2400 MHz:   0% 2568 MHz:   0% 2724 MHz:   0% 2868 MHz:   0% 3000 MHz:   0% 3132 MHz:   0% 3264 MHz:   0% 3360 MHz:   0% 3408 MHz:   0% 3504 MHz:  67%)
CPU 6 idle residency:  33.06%
CPU 6 down residency:   0.00%

P1-Cluster Online: 100%
P1-Cluster HW active frequency: 3328 MHz
P1-Cluster HW active residency:  97.62% (702 MHz:   0% 948 MHz:   0% 1188 MHz:   0% 1452 MHz:   0% 1704 MHz:   0% 1968 MHz:   0% 2208 MHz:   0% 2400 MHz:   0% 2568 MHz:   0% 2724 MHz:   0% 2868 MHz:   0% 3000 MHz:   0% 3132 MHz:   0% 3264 MHz:  44% 3360 MHz:  33% 3408 MHz:  20% 3504 MHz: .52%)
P1-Cluster idle residency:   2.38%
P1-Cluster down residency:   0.00%
CPU 7 frequency: 3504 MHz
CPU 7 active residency:  81.27% (702 MHz:   0% 948 MHz:   0% 1188 MHz:   0% 1452 MHz:   0% 1704 MHz:   0% 1968 MHz:   0% 2208 MHz:   0% 2400 MHz:   0% 2568 MHz:   0% 2724 MHz:   0% 2868 MHz:   0% 3000 MHz:   0% 3132 MHz:   0% 3264 MHz:   0% 3360 MHz:   0% 3408 MHz:   0% 3504 MHz:  81%)
CPU 7 idle residency:  18.73%
CPU 7 down residency:   0.00%
CPU 8 frequency: 3504 MHz
CPU 8 active residency:  79.07% (702 MHz:   0% 948 MHz:   0% 1188 MHz:   0% 1452 MHz:   0% 1704 MHz:   0% 1968 MHz:   0% 2208 MHz:   0% 2400 MHz:   0% 2568 MHz:   0% 2724 MHz:   0% 2868 MHz:   0% 3000 MHz:   0% 3132 MHz:   0% 3264 MHz:   0% 3360 MHz:   0% 3408 MHz:   0% 3504 MHz:  79%)
CPU 8 idle residency:  20.93%
CPU 8 down residency:   0.00%
CPU 9 frequency: 3504 MHz
CPU 9 active residency:  59.94% (702 MHz:   0% 948 MHz:   0% 1188 MHz:   0% 1452 MHz:   0% 1704 MHz:   0% 1968 MHz:   0% 2208 MHz:   0% 2400 MHz:   0% 2568 MHz:   0% 2724 MHz:   0% 2868 MHz:   0% 3000 MHz:   0% 3132 MHz:   0% 3264 MHz:   0% 3360 MHz:   0% 3408 MHz:   0% 3504 MHz:  60%)
CPU 9 idle residency:  40.06%
CPU 9 down residency:   0.00%

CPU Power: 14844 mW
GPU Power: 356 mW
ANE Power: 0 mW
Combined Power (CPU + GPU + ANE): 15200 mW

**** GPU usage ****

GPU HW active frequency: 790 MHz
GPU HW active residency:  27.70% (444 MHz:  16% 612 MHz: .32% 808 MHz: .51% 968 MHz: 1.8% 1110 MHz: .49% 1236 MHz: .49% 1338 MHz: .54% 1398 MHz: 7.6%)
GPU SW requested state: (P1 :  54% P2 : 1.3% P3 : 7.1% P4 : 1.5% P5 : 2.3% P6 : 2.6% P7 : 3.2% P8 :  28%)
GPU idle residency:  72.30%
GPU Power: 352 mW



*** Sampled system activity (Fri Sep 18 19:08:44 2026 -0700) (514.36ms elapsed) ***


**** Processor usage ****

E-Cluster Online: 100%
E-Cluster HW active frequency: 2282 MHz
E-Cluster HW active residency:  81.92% (912 MHz: 4.1% 1284 MHz: .79% 1752 MHz: 1.8% 2004 MHz: 7.0% 2256 MHz: 2.8% 2424 MHz:  66%)
E-Cluster idle residency:  18.08%
E-Cluster down residency:   0.00%
CPU 0 frequency: 2336 MHz
CPU 0 active residency:  60.45% (912 MHz: 1.2% 1284 MHz: .78% 1752 MHz: 1.6% 2004 MHz: 3.3% 2256 MHz: 1.1% 2424 MHz:  52%)
CPU 0 idle residency:  39.55%
CPU 0 down residency:   0.00%
CPU 1 frequency: 2331 MHz
CPU 1 active residency:  53.32% (912 MHz: 1.2% 1284 MHz: .65% 1752 MHz: 1.2% 2004 MHz: 3.4% 2256 MHz: 1.4% 2424 MHz:  46%)
CPU 1 idle residency:  46.68%
CPU 1 down residency:   0.00%
CPU 2 frequency: 2347 MHz
CPU 2 active residency:  46.00% (912 MHz: .74% 1284 MHz: .57% 1752 MHz: .67% 2004 MHz: 2.8% 2256 MHz: .93% 2424 MHz:  40%)
CPU 2 idle residency:  54.00%
CPU 2 down residency:   0.00%
CPU 3 frequency: 2337 MHz
CPU 3 active residency:  40.25% (912 MHz: .75% 1284 MHz: .56% 1752 MHz: .75% 2004 MHz: 2.5% 2256 MHz: .91% 2424 MHz:  35%)
CPU 3 idle residency:  59.75%
CPU 3 down residency:   0.00%

P0-Cluster Online: 100%
P0-Cluster HW active frequency: 3334 MHz
P0-Cluster HW active residency:  94.34% (702 MHz:   0% 948 MHz:   0% 1188 MHz:   0% 1452 MHz:   0% 1704 MHz:   0% 1968 MHz:   0% 2208 MHz:   0% 2400 MHz:   0% 2568 MHz:   0% 2724 MHz:   0% 2868 MHz:   0% 3000 MHz:   0% 3132 MHz:   0% 3264 MHz:  46% 3360 MHz:  25% 3408 MHz:  14% 3504 MHz: 9.1%)
P0-Cluster idle residency:   5.66%
P0-Cluster down residency:   0.00%
CPU 4 frequency: 3504 MHz
CPU 4 active residency:  80.76% (702 MHz:   0% 948 MHz:   0% 1188 MHz:   0% 1452 MHz:   0% 1704 MHz:   0% 1968 MHz:   0% 2208 MHz:   0% 2400 MHz:   0% 2568 MHz:   0% 2724 MHz:   0% 2868 MHz:   0% 3000 MHz:   0% 3132 MHz:   0% 3264 MHz:   0% 3360 MHz:   0% 3408 MHz:   0% 3504 MHz:  81%)
CPU 4 idle residency:  19.24%
CPU 4 down residency:   0.00%
CPU 5 frequency: 3504 MHz
CPU 5 active residency:  70.16% (702 MHz:   0% 948 MHz:   0% 1188 MHz:   0% 1452 MHz:   0% 1704 MHz:   0% 1968 MHz:   0% 2208 MHz:   0% 2400 MHz:   0% 2568 MHz:   0% 2724 MHz:   0% 2868 MHz:   0% 3000 MHz:   0% 3132 MHz:   0% 3264 MHz:   0% 3360 MHz:   0% 3408 MHz:   0% 3504 MHz:  70%)
CPU 5 idle residency:  29.84%
CPU 5 down residency:   0.00%
CPU 6 frequency: 3504 MHz
CPU 6 active residency:  65.20% (702 MHz:   0% 948 MHz:   0% 1188 MHz:   0% 1452 MHz:   0% 1704 MHz:   0% 1968 MHz:   0% 2208 MHz:   0% 2400 MHz:   0% 2568 MHz:   0% 2724 MHz:   0% 2868 MHz:   0% 3000 MHz:   0% 3132 MHz:   0% 3264 MHz:   0% 3360 MHz:   0% 3408 MHz:   0% 3504 MHz:  65%)
CPU 6 idle residency:  34.80%
CPU 6 down residency:   0.00%

P1-Cluster Online: 100%
P1-Cluster HW active frequency: 3326 MHz
P1-Cluster HW active residency:  99.22% (702 MHz:   0% 948 MHz:   0% 1188 MHz:   0% 1452 MHz:   0% 1704 MHz:   0% 1968 MHz:   0% 2208 MHz:   0% 2400 MHz:   0% 2568 MHz:   0% 2724 MHz:   0% 2868 MHz:   0% 3000 MHz:   0% 3132 MHz:   0% 3264 MHz:  47% 3360 MHz:  30% 3408 MHz:  22% 3504 MHz: .33%)
P1-Cluster idle residency:   0.78%
P1-Cluster down residency:   0.00%
CPU 7 frequency: 3504 MHz
CPU 7 active residency:  82.73% (702 MHz:   0% 948 MHz:   0% 1188 MHz:   0% 1452 MHz:   0% 1704 MHz:   0% 1968 MHz:   0% 2208 MHz:   0% 2400 MHz:   0% 2568 MHz:   0% 2724 MHz:   0% 2868 MHz:   0% 3000 MHz:   0% 3132 MHz:   0% 3264 MHz:   0% 3360 MHz:   0% 3408 MHz:   0% 3504 MHz:  83%)
CPU 7 idle residency:  17.27%
CPU 7 down residency:   0.00%
CPU 8 frequency: 3504 MHz
CPU 8 active residency:  70.26% (702 MHz:   0% 948 MHz:   0% 1188 MHz:   0% 1452 MHz:   0% 1704 MHz:   0% 1968 MHz:   0% 2208 MHz:   0% 2400 MHz:   0% 2568 MHz:   0% 2724 MHz:   0% 2868 MHz:   0% 3000 MHz:   0% 3132 MHz:   0% 3264 MHz:   0% 3360 MHz:   0% 3408 MHz:   0% 3504 MHz:  70%)
CPU 8 idle residency:  29.74%
CPU 8 down residency:   0.00%
CPU 9 frequency: 3504 MHz
CPU 9 active residency:  70.09% (702 MHz:   0% 948 MHz:   0% 1188 MHz:   0% 1452 MHz:   0% 1704 MHz:   0% 1968 MHz:   0% 2208 MHz:   0% 2400 MHz:   0% 2568 MHz:   0% 2724 MHz:   0% 2868 MHz:   0% 3000 MHz:   0% 3132 MHz:   0% 3264 MHz:   0% 3360 MHz:   0% 3408 MHz:   0% 3504 MHz:  70%)
CPU 9 idle residency:  29.91%
CPU 9 down residency:   0.00%

CPU Power: 15034 mW
GPU Power: 210 mW
ANE Power: 0 mW
Combined Power (CPU + GPU + ANE): 15244 mW

**** GPU usage ****

GPU HW active frequency: 444 MHz
GPU HW active residency:  26.48% (444 MHz:  26% 612 MHz:   0% 808 MHz:   0% 968 MHz:   0% 1110 MHz:   0% 1236 MHz:   0% 1338 MHz:   0% 1398 MHz:   0%)
GPU SW requested state: (P1 : 100% P2 :   0% P3 :   0% P4 :   0% P5 :   0% P6 :   0% P7 :   0% P8 :   0%)
GPU idle residency:  73.52%
GPU Power: 208 mW



*** Sampled system activity (Fri Sep 18 19:08:44 2026 -0700) (513.55ms elapsed) ***


**** Processor usage ****

E-Cluster Online: 100%
E-Cluster HW active frequency: 2283 MHz
E-Cluster HW active residency:  85.78% (912 MHz: 6.9% 1284 MHz: 1.2% 1752 MHz: .51% 2004 MHz:   0% 2256 MHz:   0% 2424 MHz:  77%)
E-Cluster idle residency:  14.22%
E-Cluster down residency:   0.00%
CPU 0 frequency: 2382 MHz
CPU 0 active residency:  74.02% (912 MHz: 1.7% 1284 MHz: .50% 1752 MHz: .07% 2004 MHz:   0% 2256 MHz:   0% 2424 MHz:  72%)
CPU 0 idle residency:  25.98%
CPU 0 down residency:   0.00%
CPU 1 frequency: 2357 MHz
CPU 1 active residency:  64.72% (912 MHz: 2.0% 1284 MHz: 1.1% 1752 MHz: .07% 2004 MHz:   0% 2256 MHz:   0% 2424 MHz:  62%)
CPU 1 idle residency:  35.28%
CPU 1 down residency:   0.00%
CPU 2 frequency: 2365 MHz
CPU 2 active residency:  62.43% (912 MHz: 1.7% 1284 MHz: .60% 1752 MHz: .53% 2004 MHz:   0% 2256 MHz:   0% 2424 MHz:  60%)
CPU 2 idle residency:  37.57%
CPU 2 down residency:   0.00%
CPU 3 frequency: 2394 MHz
CPU 3 active residency:  58.54% (912 MHz: .87% 1284 MHz: .32% 1752 MHz: .07% 2004 MHz:   0% 2256 MHz:   0% 2424 MHz:  57%)
CPU 3 idle residency:  41.46%
CPU 3 down residency:   0.00%

P0-Cluster Online: 100%
P0-Cluster HW active frequency: 3299 MHz
P0-Cluster HW active residency:  97.96% (702 MHz:   0% 948 MHz:   0% 1188 MHz:   0% 1452 MHz:   0% 1704 MHz:   0% 1968 MHz:   0% 2208 MHz:   0% 2400 MHz:   0% 2568 MHz:   0% 2724 MHz:   0% 2868 MHz:   0% 3000 MHz:   0% 3132 MHz:   0% 3264 MHz:  69% 3360 MHz:  16% 3408 MHz:  12% 3504 MHz: .82%)
P0-Cluster idle residency:   2.04%
P0-Cluster down residency:   0.00%
CPU 4 frequency: 3504 MHz
CPU 4 active residency:  89.68% (702 MHz:   0% 948 MHz:   0% 1188 MHz:   0% 1452 MHz:   0% 1704 MHz:   0% 1968 MHz:   0% 2208 MHz:   0% 2400 MHz:   0% 2568 MHz:   0% 2724 MHz:   0% 2868 MHz:   0% 3000 MHz:   0% 3132 MHz:   0% 3264 MHz:   0% 3360 MHz:   0% 3408 MHz:   0% 3504 MHz:  90%)
CPU 4 idle residency:  10.32%
CPU 4 down residency:   0.00%
CPU 5 frequency: 3504 MHz
CPU 5 active residency:  84.67% (702 MHz:   0% 948 MHz:   0% 1188 MHz:   0% 1452 MHz:   0% 1704 MHz:   0% 1968 MHz:   0% 2208 MHz:   0% 2400 MHz:   0% 2568 MHz:   0% 2724 MHz:   0% 2868 MHz:   0% 3000 MHz:   0% 3132 MHz:   0% 3264 MHz:   0% 3360 MHz:   0% 3408 MHz:   0% 3504 MHz:  85%)
CPU 5 idle residency:  15.33%
CPU 5 down residency:   0.00%
CPU 6 frequency: 3504 MHz
CPU 6 active residency:  80.17% (702 MHz:   0% 948 MHz:   0% 1188 MHz:   0% 1452 MHz:   0% 1704 MHz:   0% 1968 MHz:   0% 2208 MHz:   0% 2400 MHz:   0% 2568 MHz:   0% 2724 MHz:   0% 2868 MHz:   0% 3000 MHz:   0% 3132 MHz:   0% 3264 MHz:   0% 3360 MHz:   0% 3408 MHz:   0% 3504 MHz:  80%)
CPU 6 idle residency:  19.83%
CPU 6 down residency:   0.00%

P1-Cluster Online: 100%
P1-Cluster HW active frequency: 3294 MHz
P1-Cluster HW active residency:  97.29% (702 MHz:   0% 948 MHz:   0% 1188 MHz:   0% 1452 MHz:   0% 1704 MHz:   0% 1968 MHz:   0% 2208 MHz:   0% 2400 MHz:   0% 2568 MHz:   0% 2724 MHz:   0% 2868 MHz:   0% 3000 MHz:   0% 3132 MHz:   0% 3264 MHz:  73% 3360 MHz:  14% 3408 MHz: 9.5% 3504 MHz: .59%)
P1-Cluster idle residency:   2.71%
P1-Cluster down residency:   0.00%
CPU 7 frequency: 3504 MHz
CPU 7 active residency:  87.24% (702 MHz:   0% 948 MHz:   0% 1188 MHz:   0% 1452 MHz:   0% 1704 MHz:   0% 1968 MHz:   0% 2208 MHz:   0% 2400 MHz:   0% 2568 MHz:   0% 2724 MHz:   0% 2868 MHz:   0% 3000 MHz:   0% 3132 MHz:   0% 3264 MHz:   0% 3360 MHz:   0% 3408 MHz:   0% 3504 MHz:  87%)
CPU 7 idle residency:  12.76%
CPU 7 down residency:   0.00%
CPU 8 frequency: 3504 MHz
CPU 8 active residency:  87.59% (702 MHz:   0% 948 MHz:   0% 1188 MHz:   0% 1452 MHz:   0% 1704 MHz:   0% 1968 MHz:   0% 2208 MHz:   0% 2400 MHz:   0% 2568 MHz:   0% 2724 MHz:   0% 2868 MHz:   0% 3000 MHz:   0% 3132 MHz:   0% 3264 MHz:   0% 3360 MHz:   0% 3408 MHz:   0% 3504 MHz:  88%)
CPU 8 idle residency:  12.41%
CPU 8 down residency:   0.00%
CPU 9 frequency: 3504 MHz
CPU 9 active residency:  86.40% (702 MHz:   0% 948 MHz:   0% 1188 MHz:   0% 1452 MHz:   0% 1704 MHz:   0% 1968 MHz:   0% 2208 MHz:   0% 2400 MHz:   0% 2568 MHz:   0% 2724 MHz:   0% 2868 MHz:   0% 3000 MHz:   0% 3132 MHz:   0% 3264 MHz:   0% 3360 MHz:   0% 3408 MHz:   0% 3504 MHz:  86%)
CPU 9 idle residency:  13.60%
CPU 9 down residency:   0.00%

CPU Power: 17128 mW
GPU Power: 152 mW
ANE Power: 0 mW
Combined Power (CPU + GPU + ANE): 17280 mW

**** GPU usage ****

GPU HW active frequency: 612 MHz
GPU HW active residency:  17.09% (444 MHz:  10% 612 MHz: .67% 808 MHz: 2.8% 968 MHz: 3.3% 1110 MHz:   0% 1236 MHz:   0% 1338 MHz:   0% 1398 MHz:   0%)
GPU SW requested state: (P1 :  60% P2 : 9.4% P3 :  29% P4 : 1.4% P5 :   0% P6 :   0% P7 :   0% P8 :   0%)
GPU idle residency:  82.91%
GPU Power: 152 mW



*** Sampled system activity (Fri Sep 18 19:08:45 2026 -0700) (512.47ms elapsed) ***


**** Processor usage ****

E-Cluster Online: 100%
E-Cluster HW active frequency: 2157 MHz
E-Cluster HW active residency:  86.72% (912 MHz:  11% 1284 MHz: 2.8% 1752 MHz: 1.9% 2004 MHz: 2.9% 2256 MHz: 3.5% 2424 MHz:  64%)
E-Cluster idle residency:  13.28%
E-Cluster down residency:   0.00%
CPU 0 frequency: 2235 MHz
CPU 0 active residency:  64.46% (912 MHz: 4.6% 1284 MHz: 2.5% 1752 MHz: 1.4% 2004 MHz: 2.1% 2256 MHz: 3.2% 2424 MHz:  51%)
CPU 0 idle residency:  35.54%
CPU 0 down residency:   0.00%
CPU 1 frequency: 2259 MHz
CPU 1 active residency:  54.69% (912 MHz: 4.1% 1284 MHz: .86% 1752 MHz: 1.1% 2004 MHz: 1.7% 2256 MHz: 2.1% 2424 MHz:  45%)
CPU 1 idle residency:  45.31%
CPU 1 down residency:   0.00%
CPU 2 frequency: 2278 MHz
CPU 2 active residency:  50.20% (912 MHz: 3.2% 1284 MHz: .77% 1752 MHz: .94% 2004 MHz: 1.5% 2256 MHz: 2.6% 2424 MHz:  41%)
CPU 2 idle residency:  49.80%
CPU 2 down residency:   0.00%
CPU 3 frequency: 2249 MHz
CPU 3 active residency:  46.72% (912 MHz: 3.9% 1284 MHz: .88% 1752 MHz: .62% 2004 MHz: 1.2% 2256 MHz: 2.1% 2424 MHz:  38%)
CPU 3 idle residency:  53.28%
CPU 3 down residency:   0.00%

P0-Cluster Online: 100%
P0-Cluster HW active frequency: 3324 MHz
P0-Cluster HW active residency:  97.91% (702 MHz:   0% 948 MHz:   0% 1188 MHz:   0% 1452 MHz:   0% 1704 MHz:   0% 1968 MHz:   0% 2208 MHz:   0% 2400 MHz:   0% 2568 MHz:   0% 2724 MHz:   0% 2868 MHz:   0% 3000 MHz:   0% 3132 MHz:   0% 3264 MHz:  46% 3360 MHz:  33% 3408 MHz:  18% 3504 MHz: .58%)
P0-Cluster idle residency:   2.09%
P0-Cluster down residency:   0.00%
CPU 4 frequency: 3504 MHz
CPU 4 active residency:  85.60% (702 MHz:   0% 948 MHz:   0% 1188 MHz:   0% 1452 MHz:   0% 1704 MHz:   0% 1968 MHz:   0% 2208 MHz:   0% 2400 MHz:   0% 2568 MHz:   0% 2724 MHz:   0% 2868 MHz:   0% 3000 MHz:   0% 3132 MHz:   0% 3264 MHz:   0% 3360 MHz:   0% 3408 MHz:   0% 3504 MHz:  86%)
CPU 4 idle residency:  14.40%
CPU 4 down residency:   0.00%
CPU 5 frequency: 3504 MHz
CPU 5 active residency:  75.25% (702 MHz:   0% 948 MHz:   0% 1188 MHz:   0% 1452 MHz:   0% 1704 MHz:   0% 1968 MHz:   0% 2208 MHz:   0% 2400 MHz:   0% 2568 MHz:   0% 2724 MHz:   0% 2868 MHz:   0% 3000 MHz:   0% 3132 MHz:   0% 3264 MHz:   0% 3360 MHz:   0% 3408 MHz:   0% 3504 MHz:  75%)
CPU 5 idle residency:  24.75%
CPU 5 down residency:   0.00%
CPU 6 frequency: 3504 MHz
CPU 6 active residency:  65.18% (702 MHz:   0% 948 MHz:   0% 1188 MHz:   0% 1452 MHz:   0% 1704 MHz:   0% 1968 MHz:   0% 2208 MHz:   0% 2400 MHz:   0% 2568 MHz:   0% 2724 MHz:   0% 2868 MHz:   0% 3000 MHz:   0% 3132 MHz:   0% 3264 MHz:   0% 3360 MHz:   0% 3408 MHz:   0% 3504 MHz:  65%)
CPU 6 idle residency:  34.82%
CPU 6 down residency:   0.00%

P1-Cluster Online: 100%
P1-Cluster HW active frequency: 3283 MHz
P1-Cluster HW active residency:  99.11% (702 MHz:   0% 948 MHz:   0% 1188 MHz:   0% 1452 MHz:   0% 1704 MHz:   0% 1968 MHz:   0% 2208 MHz:   0% 2400 MHz:   0% 2568 MHz:   0% 2724 MHz:   0% 2868 MHz:   0% 3000 MHz:   0% 3132 MHz:   0% 3264 MHz:  83% 3360 MHz:  11% 3408 MHz: 5.1% 3504 MHz:   0%)
P1-Cluster idle residency:   0.89%
P1-Cluster down residency:   0.00%
CPU 7 frequency: 3504 MHz
CPU 7 active residency:  94.83% (702 MHz:   0% 948 MHz:   0% 1188 MHz:   0% 1452 MHz:   0% 1704 MHz:   0% 1968 MHz:   0% 2208 MHz:   0% 2400 MHz:   0% 2568 MHz:   0% 2724 MHz:   0% 2868 MHz:   0% 3000 MHz:   0% 3132 MHz:   0% 3264 MHz:   0% 3360 MHz:   0% 3408 MHz:   0% 3504 MHz:  95%)
CPU 7 idle residency:   5.17%
CPU 7 down residency:   0.00%
CPU 8 frequency: 3504 MHz
CPU 8 active residency:  93.87% (702 MHz:   0% 948 MHz:   0% 1188 MHz:   0% 1452 MHz:   0% 1704 MHz:   0% 1968 MHz:   0% 2208 MHz:   0% 2400 MHz:   0% 2568 MHz:   0% 2724 MHz:   0% 2868 MHz:   0% 3000 MHz:   0% 3132 MHz:   0% 3264 MHz:   0% 3360 MHz:   0% 3408 MHz:   0% 3504 MHz:  94%)
CPU 8 idle residency:   6.13%
CPU 8 down residency:   0.00%
CPU 9 frequency: 3504 MHz
CPU 9 active residency:  88.10% (702 MHz:   0% 948 MHz:   0% 1188 MHz:   0% 1452 MHz:   0% 1704 MHz:   0% 1968 MHz:   0% 2208 MHz:   0% 2400 MHz:   0% 2568 MHz:   0% 2724 MHz:   0% 2868 MHz:   0% 3000 MHz:   0% 3132 MHz:   0% 3264 MHz:   0% 3360 MHz:   0% 3408 MHz:   0% 3504 MHz:  88%)
CPU 9 idle residency:  11.90%
CPU 9 down residency:   0.00%

CPU Power: 14801 mW
GPU Power: 164 mW
ANE Power: 0 mW
Combined Power (CPU + GPU + ANE): 14965 mW

**** GPU usage ****

GPU HW active frequency: 479 MHz
GPU HW active residency:  14.16% (444 MHz:  13% 612 MHz:   0% 808 MHz: .60% 968 MHz: .52% 1110 MHz:   0% 1236 MHz:   0% 1338 MHz:   0% 1398 MHz:   0%)
GPU SW requested state: (P1 :  91% P2 :   0% P3 : 7.1% P4 : 2.2% P5 :   0% P6 :   0% P7 :   0% P8 :   0%)
GPU idle residency:  85.84%
GPU Power: 164 mW



*** Sampled system activity (Fri Sep 18 19:08:45 2026 -0700) (512.64ms elapsed) ***


**** Processor usage ****

E-Cluster Online: 100%
E-Cluster HW active frequency: 2045 MHz
E-Cluster HW active residency:  70.91% (912 MHz:  11% 1284 MHz: 1.7% 1752 MHz: 5.0% 2004 MHz:  10% 2256 MHz: 6.0% 2424 MHz:  37%)
E-Cluster idle residency:  29.09%
E-Cluster down residency:   0.00%
CPU 0 frequency: 1997 MHz
CPU 0 active residency:  33.43% (912 MHz: 5.4% 1284 MHz: 1.7% 1752 MHz: 2.7% 2004 MHz: 4.1% 2256 MHz: 3.6% 2424 MHz:  16%)
CPU 0 idle residency:  66.57%
CPU 0 down residency:   0.00%
CPU 1 frequency: 2048 MHz
CPU 1 active residency:  32.07% (912 MHz: 3.6% 1284 MHz: 1.7% 1752 MHz: 2.6% 2004 MHz: 5.8% 2256 MHz: 2.8% 2424 MHz:  16%)
CPU 1 idle residency:  67.93%
CPU 1 down residency:   0.00%
CPU 2 frequency: 2023 MHz
CPU 2 active residency:  27.26% (912 MHz: 4.2% 1284 MHz: 1.7% 1752 MHz: 1.9% 2004 MHz: 2.2% 2256 MHz: 2.9% 2424 MHz:  14%)
CPU 2 idle residency:  72.74%
CPU 2 down residency:   0.00%
CPU 3 frequency: 2004 MHz
CPU 3 active residency:  22.59% (912 MHz: 3.2% 1284 MHz: 1.8% 1752 MHz: 1.4% 2004 MHz: 3.2% 2256 MHz: 1.7% 2424 MHz:  11%)
CPU 3 idle residency:  77.41%
CPU 3 down residency:   0.00%

P0-Cluster Online: 100%
P0-Cluster HW active frequency: 3394 MHz
P0-Cluster HW active residency:  88.91% (702 MHz:   0% 948 MHz:   0% 1188 MHz:   0% 1452 MHz:   0% 1704 MHz:   0% 1968 MHz:   0% 2208 MHz:   0% 2400 MHz:   0% 2568 MHz:   0% 2724 MHz:   0% 2868 MHz:   0% 3000 MHz:   0% 3132 MHz:   0% 3264 MHz:  10% 3360 MHz:  25% 3408 MHz:  38% 3504 MHz:  15%)
P0-Cluster idle residency:  11.09%
P0-Cluster down residency:   0.00%
CPU 4 frequency: 3504 MHz
CPU 4 active residency:  59.94% (702 MHz:   0% 948 MHz:   0% 1188 MHz:   0% 1452 MHz:   0% 1704 MHz:   0% 1968 MHz:   0% 2208 MHz:   0% 2400 MHz:   0% 2568 MHz:   0% 2724 MHz:   0% 2868 MHz:   0% 3000 MHz:   0% 3132 MHz:   0% 3264 MHz:   0% 3360 MHz:   0% 3408 MHz:   0% 3504 MHz:  60%)
CPU 4 idle residency:  40.06%
CPU 4 down residency:   0.00%
CPU 5 frequency: 3504 MHz
CPU 5 active residency:  42.88% (702 MHz:   0% 948 MHz:   0% 1188 MHz:   0% 1452 MHz:   0% 1704 MHz:   0% 1968 MHz:   0% 2208 MHz:   0% 2400 MHz:   0% 2568 MHz:   0% 2724 MHz:   0% 2868 MHz:   0% 3000 MHz:   0% 3132 MHz:   0% 3264 MHz:   0% 3360 MHz:   0% 3408 MHz:   0% 3504 MHz:  43%)
CPU 5 idle residency:  57.12%
CPU 5 down residency:   0.00%
CPU 6 frequency: 3504 MHz
CPU 6 active residency:  35.24% (702 MHz:   0% 948 MHz:   0% 1188 MHz:   0% 1452 MHz:   0% 1704 MHz:   0% 1968 MHz:   0% 2208 MHz:   0% 2400 MHz:   0% 2568 MHz:   0% 2724 MHz:   0% 2868 MHz:   0% 3000 MHz:   0% 3132 MHz:   0% 3264 MHz:   0% 3360 MHz:   0% 3408 MHz:   0% 3504 MHz:  35%)
CPU 6 idle residency:  64.76%
CPU 6 down residency:   0.00%

P1-Cluster Online: 100%
P1-Cluster HW active frequency: 3364 MHz
P1-Cluster HW active residency:  95.50% (702 MHz:   0% 948 MHz:   0% 1188 MHz:   0% 1452 MHz:   0% 1704 MHz:   0% 1968 MHz:   0% 2208 MHz:   0% 2400 MHz:   0% 2568 MHz:   0% 2724 MHz:   0% 2868 MHz:   0% 3000 MHz:   0% 3132 MHz:   0% 3264 MHz:  21% 3360 MHz:  29% 3408 MHz:  42% 3504 MHz: 3.0%)
P1-Cluster idle residency:   4.50%
P1-Cluster down residency:   0.00%
CPU 7 frequency: 3504 MHz
CPU 7 active residency:  57.06% (702 MHz:   0% 948 MHz:   0% 1188 MHz:   0% 1452 MHz:   0% 1704 MHz:   0% 1968 MHz:   0% 2208 MHz:   0% 2400 MHz:   0% 2568 MHz:   0% 2724 MHz:   0% 2868 MHz:   0% 3000 MHz:   0% 3132 MHz:   0% 3264 MHz:   0% 3360 MHz:   0% 3408 MHz:   0% 3504 MHz:  57%)
CPU 7 idle residency:  42.94%
CPU 7 down residency:   0.00%
CPU 8 frequency: 3504 MHz
CPU 8 active residency:  60.87% (702 MHz:   0% 948 MHz:   0% 1188 MHz:   0% 1452 MHz:   0% 1704 MHz:   0% 1968 MHz:   0% 2208 MHz:   0% 2400 MHz:   0% 2568 MHz:   0% 2724 MHz:   0% 2868 MHz:   0% 3000 MHz:   0% 3132 MHz:   0% 3264 MHz:   0% 3360 MHz:   0% 3408 MHz:   0% 3504 MHz:  61%)
CPU 8 idle residency:  39.13%
CPU 8 down residency:   0.00%
CPU 9 frequency: 3504 MHz
CPU 9 active residency:  50.69% (702 MHz:   0% 948 MHz:   0% 1188 MHz:   0% 1452 MHz:   0% 1704 MHz:   0% 1968 MHz:   0% 2208 MHz:   0% 2400 MHz:   0% 2568 MHz:   0% 2724 MHz:   0% 2868 MHz:   0% 3000 MHz:   0% 3132 MHz:   0% 3264 MHz:   0% 3360 MHz:   0% 3408 MHz:   0% 3504 MHz:  51%)
CPU 9 idle residency:  49.31%
CPU 9 down residency:   0.00%

CPU Power: 12040 mW
GPU Power: 103 mW
ANE Power: 0 mW
Combined Power (CPU + GPU + ANE): 12143 mW

**** GPU usage ****

GPU HW active frequency: 495 MHz
GPU HW active residency:  12.33% (444 MHz:  11% 612 MHz: .26% 808 MHz: 1.2% 968 MHz: .29% 1110 MHz:   0% 1236 MHz:   0% 1338 MHz:   0% 1398 MHz:   0%)
GPU SW requested state: (P1 :  85% P2 : 6.1% P3 : 7.6% P4 : 1.8% P5 :   0% P6 :   0% P7 :   0% P8 :   0%)
GPU idle residency:  87.67%
GPU Power: 103 mW



*** Sampled system activity (Fri Sep 18 19:08:46 2026 -0700) (512.73ms elapsed) ***


**** Processor usage ****

E-Cluster Online: 100%
E-Cluster HW active frequency: 1631 MHz
E-Cluster HW active residency:  63.92% (912 MHz:  30% 1284 MHz: 2.3% 1752 MHz: 1.6% 2004 MHz: 3.8% 2256 MHz: 3.9% 2424 MHz:  23%)
E-Cluster idle residency:  36.08%
E-Cluster down residency:   0.00%
CPU 0 frequency: 1711 MHz
CPU 0 active residency:  24.08% (912 MHz: 9.3% 1284 MHz: 1.3% 1752 MHz: .37% 2004 MHz: 2.5% 2256 MHz: 1.7% 2424 MHz: 8.9%)
CPU 0 idle residency:  75.92%
CPU 0 down residency:   0.00%
CPU 1 frequency: 1672 MHz
CPU 1 active residency:  22.17% (912 MHz: 8.9% 1284 MHz: .98% 1752 MHz: .75% 2004 MHz: 3.0% 2256 MHz: 1.6% 2424 MHz: 6.9%)
CPU 1 idle residency:  77.83%
CPU 1 down residency:   0.00%
CPU 2 frequency: 1676 MHz
CPU 2 active residency:  18.30% (912 MHz: 7.7% 1284 MHz: .53% 1752 MHz: .22% 2004 MHz: 2.2% 2256 MHz: 2.1% 2424 MHz: 5.5%)
CPU 2 idle residency:  81.70%
CPU 2 down residency:   0.00%
CPU 3 frequency: 1733 MHz
CPU 3 active residency:  15.33% (912 MHz: 5.8% 1284 MHz: .46% 1752 MHz: .51% 2004 MHz: 1.8% 2256 MHz: 1.4% 2424 MHz: 5.4%)
CPU 3 idle residency:  84.67%
CPU 3 down residency:   0.00%

P0-Cluster Online: 100%
P0-Cluster HW active frequency: 3343 MHz
P0-Cluster HW active residency:  85.41% (702 MHz: .01% 948 MHz:   0% 1188 MHz: .67% 1452 MHz:   0% 1704 MHz: .67% 1968 MHz:   0% 2208 MHz: .63% 2400 MHz:   0% 2568 MHz:   0% 2724 MHz:   0% 2868 MHz: .68% 3000 MHz:   0% 3132 MHz:   0% 3264 MHz: 9.8% 3360 MHz:  33% 3408 MHz:  28% 3504 MHz:  12%)
P0-Cluster idle residency:  14.59%
P0-Cluster down residency:   0.00%
CPU 4 frequency: 3504 MHz
CPU 4 active residency:  48.56% (702 MHz: .01% 948 MHz:   0% 1188 MHz:   0% 1452 MHz:   0% 1704 MHz:   0% 1968 MHz:   0% 2208 MHz:   0% 2400 MHz:   0% 2568 MHz:   0% 2724 MHz:   0% 2868 MHz:   0% 3000 MHz:   0% 3132 MHz:   0% 3264 MHz:   0% 3360 MHz:   0% 3408 MHz:   0% 3504 MHz:  49%)
CPU 4 idle residency:  51.44%
CPU 4 down residency:   0.00%
CPU 5 frequency: 3504 MHz
CPU 5 active residency:  50.13% (702 MHz: .01% 948 MHz:   0% 1188 MHz:   0% 1452 MHz:   0% 1704 MHz:   0% 1968 MHz:   0% 2208 MHz:   0% 2400 MHz:   0% 2568 MHz:   0% 2724 MHz:   0% 2868 MHz:   0% 3000 MHz:   0% 3132 MHz:   0% 3264 MHz:   0% 3360 MHz:   0% 3408 MHz:   0% 3504 MHz:  50%)
CPU 5 idle residency:  49.87%
CPU 5 down residency:   0.00%
CPU 6 frequency: 3504 MHz
CPU 6 active residency:  44.09% (702 MHz:   0% 948 MHz:   0% 1188 MHz:   0% 1452 MHz:   0% 1704 MHz:   0% 1968 MHz:   0% 2208 MHz:   0% 2400 MHz:   0% 2568 MHz:   0% 2724 MHz:   0% 2868 MHz:   0% 3000 MHz:   0% 3132 MHz:   0% 3264 MHz:   0% 3360 MHz:   0% 3408 MHz:   0% 3504 MHz:  44%)
CPU 6 idle residency:  55.91%
CPU 6 down residency:   0.00%

P1-Cluster Online: 100%
P1-Cluster HW active frequency: 3379 MHz
P1-Cluster HW active residency:  91.37% (702 MHz:   0% 948 MHz:   0% 1188 MHz:   0% 1452 MHz:   0% 1704 MHz:   0% 1968 MHz:   0% 2208 MHz:   0% 2400 MHz:   0% 2568 MHz:   0% 2724 MHz:   0% 2868 MHz: .04% 3000 MHz:   0% 3132 MHz:   0% 3264 MHz:  15% 3360 MHz:  34% 3408 MHz:  30% 3504 MHz:  12%)
P1-Cluster idle residency:   8.63%
P1-Cluster down residency:   0.00%
CPU 7 frequency: 3504 MHz
CPU 7 active residency:  57.66% (702 MHz:   0% 948 MHz:   0% 1188 MHz:   0% 1452 MHz:   0% 1704 MHz:   0% 1968 MHz:   0% 2208 MHz:   0% 2400 MHz:   0% 2568 MHz:   0% 2724 MHz:   0% 2868 MHz: .02% 3000 MHz:   0% 3132 MHz:   0% 3264 MHz:   0% 3360 MHz:   0% 3408 MHz:   0% 3504 MHz:  58%)
CPU 7 idle residency:  42.34%
CPU 7 down residency:   0.00%
CPU 8 frequency: 3504 MHz
CPU 8 active residency:  62.92% (702 MHz:   0% 948 MHz:   0% 1188 MHz:   0% 1452 MHz:   0% 1704 MHz:   0% 1968 MHz:   0% 2208 MHz:   0% 2400 MHz:   0% 2568 MHz:   0% 2724 MHz:   0% 2868 MHz: .00% 3000 MHz:   0% 3132 MHz:   0% 3264 MHz:   0% 3360 MHz:   0% 3408 MHz:   0% 3504 MHz:  63%)
CPU 8 idle residency:  37.08%
CPU 8 down residency:   0.00%
CPU 9 frequency: 3504 MHz
CPU 9 active residency:  38.03% (702 MHz:   0% 948 MHz:   0% 1188 MHz:   0% 1452 MHz:   0% 1704 MHz:   0% 1968 MHz:   0% 2208 MHz:   0% 2400 MHz:   0% 2568 MHz:   0% 2724 MHz:   0% 2868 MHz: .00% 3000 MHz:   0% 3132 MHz:   0% 3264 MHz:   0% 3360 MHz:   0% 3408 MHz:   0% 3504 MHz:  38%)
CPU 9 idle residency:  61.97%
CPU 9 down residency:   0.00%

CPU Power: 11872 mW
GPU Power: 53 mW
ANE Power: 0 mW
Combined Power (CPU + GPU + ANE): 11924 mW

**** GPU usage ****

GPU HW active frequency: 444 MHz
GPU HW active residency:   3.52% (444 MHz: 3.5% 612 MHz:   0% 808 MHz:   0% 968 MHz:   0% 1110 MHz:   0% 1236 MHz:   0% 1338 MHz:   0% 1398 MHz:   0%)
GPU SW requested state: (P1 :  99% P2 : .67% P3 :   0% P4 :   0% P5 :   0% P6 :   0% P7 :   0% P8 :   0%)
GPU idle residency:  96.48%
GPU Power: 53 mW



*** Sampled system activity (Fri Sep 18 19:08:46 2026 -0700) (513.87ms elapsed) ***


**** Processor usage ****

E-Cluster Online: 100%
E-Cluster HW active frequency: 1926 MHz
E-Cluster HW active residency:  82.26% (912 MHz:  18% 1284 MHz: 6.0% 1752 MHz: 4.9% 2004 MHz: 6.5% 2256 MHz: 1.5% 2424 MHz:  45%)
E-Cluster idle residency:  17.74%
E-Cluster down residency:   0.00%
CPU 0 frequency: 1975 MHz
CPU 0 active residency:  53.13% (912 MHz:  11% 1284 MHz: 3.5% 1752 MHz: 3.2% 2004 MHz: 2.1% 2256 MHz: 1.3% 2424 MHz:  32%)
CPU 0 idle residency:  46.87%
CPU 0 down residency:   0.00%
CPU 1 frequency: 1961 MHz
CPU 1 active residency:  54.22% (912 MHz:  11% 1284 MHz: 4.6% 1752 MHz: 2.7% 2004 MHz: 1.4% 2256 MHz: 1.6% 2424 MHz:  33%)
CPU 1 idle residency:  45.78%
CPU 1 down residency:   0.00%
CPU 2 frequency: 1996 MHz
CPU 2 active residency:  46.05% (912 MHz: 9.4% 1284 MHz: 2.8% 1752 MHz: 2.2% 2004 MHz: 1.5% 2256 MHz: .66% 2424 MHz:  29%)
CPU 2 idle residency:  53.95%
CPU 2 down residency:   0.00%
CPU 3 frequency: 1976 MHz
CPU 3 active residency:  44.22% (912 MHz: 9.6% 1284 MHz: 2.9% 1752 MHz: 2.2% 2004 MHz: 1.2% 2256 MHz: .41% 2424 MHz:  28%)
CPU 3 idle residency:  55.78%
CPU 3 down residency:   0.00%

P0-Cluster Online: 100%
P0-Cluster HW active frequency: 3374 MHz
P0-Cluster HW active residency:  94.17% (702 MHz:   0% 948 MHz:   0% 1188 MHz:   0% 1452 MHz:   0% 1704 MHz:   0% 1968 MHz:   0% 2208 MHz:   0% 2400 MHz:   0% 2568 MHz:   0% 2724 MHz:   0% 2868 MHz:   0% 3000 MHz:   0% 3132 MHz:   0% 3264 MHz:  19% 3360 MHz:  32% 3408 MHz:  32% 3504 MHz:  11%)
P0-Cluster idle residency:   5.83%
P0-Cluster down residency:   0.00%
CPU 4 frequency: 3504 MHz
CPU 4 active residency:  63.99% (702 MHz:   0% 948 MHz:   0% 1188 MHz:   0% 1452 MHz:   0% 1704 MHz:   0% 1968 MHz:   0% 2208 MHz:   0% 2400 MHz:   0% 2568 MHz:   0% 2724 MHz:   0% 2868 MHz:   0% 3000 MHz:   0% 3132 MHz:   0% 3264 MHz:   0% 3360 MHz:   0% 3408 MHz:   0% 3504 MHz:  64%)
CPU 4 idle residency:  36.01%
CPU 4 down residency:   0.00%
CPU 5 frequency: 3504 MHz
CPU 5 active residency:  59.70% (702 MHz:   0% 948 MHz:   0% 1188 MHz:   0% 1452 MHz:   0% 1704 MHz:   0% 1968 MHz:   0% 2208 MHz:   0% 2400 MHz:   0% 2568 MHz:   0% 2724 MHz:   0% 2868 MHz:   0% 3000 MHz:   0% 3132 MHz:   0% 3264 MHz:   0% 3360 MHz:   0% 3408 MHz:   0% 3504 MHz:  60%)
CPU 5 idle residency:  40.30%
CPU 5 down residency:   0.00%
CPU 6 frequency: 3504 MHz
CPU 6 active residency:  43.72% (702 MHz:   0% 948 MHz:   0% 1188 MHz:   0% 1452 MHz:   0% 1704 MHz:   0% 1968 MHz:   0% 2208 MHz:   0% 2400 MHz:   0% 2568 MHz:   0% 2724 MHz:   0% 2868 MHz:   0% 3000 MHz:   0% 3132 MHz:   0% 3264 MHz:   0% 3360 MHz:   0% 3408 MHz:   0% 3504 MHz:  44%)
CPU 6 idle residency:  56.28%
CPU 6 down residency:   0.00%

P1-Cluster Online: 100%
P1-Cluster HW active frequency: 3361 MHz
P1-Cluster HW active residency:  87.78% (702 MHz:   0% 948 MHz:   0% 1188 MHz:   0% 1452 MHz:   0% 1704 MHz:   0% 1968 MHz:   0% 2208 MHz: .66% 2400 MHz: .39% 2568 MHz:   0% 2724 MHz: .67% 2868 MHz: .24% 3000 MHz:   0% 3132 MHz: .08% 3264 MHz:  22% 3360 MHz:  22% 3408 MHz:  22% 3504 MHz:  20%)
P1-Cluster idle residency:  12.22%
P1-Cluster down residency:   0.00%
CPU 7 frequency: 3465 MHz
CPU 7 active residency:  56.79% (702 MHz:   0% 948 MHz:   0% 1188 MHz:   0% 1452 MHz:   0% 1704 MHz:   0% 1968 MHz:   0% 2208 MHz: .76% 2400 MHz: .43% 2568 MHz:   0% 2724 MHz: .77% 2868 MHz: .10% 3000 MHz:   0% 3132 MHz:   0% 3264 MHz:   0% 3360 MHz:   0% 3408 MHz: .76% 3504 MHz:  54%)
CPU 7 idle residency:  43.21%
CPU 7 down residency:   0.00%
CPU 8 frequency: 3468 MHz
CPU 8 active residency:  60.17% (702 MHz:   0% 948 MHz:   0% 1188 MHz:   0% 1452 MHz:   0% 1704 MHz:   0% 1968 MHz:   0% 2208 MHz: .76% 2400 MHz: .41% 2568 MHz:   0% 2724 MHz: .77% 2868 MHz: .09% 3000 MHz:   0% 3132 MHz:   0% 3264 MHz:   0% 3360 MHz:   0% 3408 MHz: .76% 3504 MHz:  57%)
CPU 8 idle residency:  39.83%
CPU 8 down residency:   0.00%
CPU 9 frequency: 3457 MHz
CPU 9 active residency:  46.78% (702 MHz:   0% 948 MHz:   0% 1188 MHz:   0% 1452 MHz:   0% 1704 MHz:   0% 1968 MHz:   0% 2208 MHz: .76% 2400 MHz: .43% 2568 MHz:   0% 2724 MHz: .77% 2868 MHz: .08% 3000 MHz:   0% 3132 MHz:   0% 3264 MHz:   0% 3360 MHz:   0% 3408 MHz: .76% 3504 MHz:  44%)
CPU 9 idle residency:  53.22%
CPU 9 down residency:   0.00%

CPU Power: 12392 mW
GPU Power: 191 mW
ANE Power: 0 mW
Combined Power (CPU + GPU + ANE): 12583 mW

**** GPU usage ****

GPU HW active frequency: 444 MHz
GPU HW active residency:  14.34% (444 MHz:  14% 612 MHz:   0% 808 MHz:   0% 968 MHz:   0% 1110 MHz:   0% 1236 MHz:   0% 1338 MHz:   0% 1398 MHz:   0%)
GPU SW requested state: (P1 : 100% P2 :   0% P3 :   0% P4 :   0% P5 :   0% P6 :   0% P7 :   0% P8 :   0%)
GPU idle residency:  85.66%
GPU Power: 191 mW



*** Sampled system activity (Fri Sep 18 19:08:47 2026 -0700) (522.15ms elapsed) ***


**** Processor usage ****

E-Cluster Online: 100%
E-Cluster HW active frequency: 2210 MHz
E-Cluster HW active residency:  87.85% (912 MHz: 1.6% 1284 MHz: 2.4% 1752 MHz: 8.9% 2004 MHz:  15% 2256 MHz: 8.9% 2424 MHz:  51%)
E-Cluster idle residency:  12.15%
E-Cluster down residency:   0.00%
CPU 0 frequency: 2190 MHz
CPU 0 active residency:  60.80% (912 MHz: 1.0% 1284 MHz: 2.3% 1752 MHz: 6.6% 2004 MHz:  11% 2256 MHz: 6.3% 2424 MHz:  34%)
CPU 0 idle residency:  39.20%
CPU 0 down residency:   0.00%
CPU 1 frequency: 2186 MHz
CPU 1 active residency:  57.65% (912 MHz: 1.1% 1284 MHz: 2.3% 1752 MHz: 5.8% 2004 MHz:  11% 2256 MHz: 6.0% 2424 MHz:  32%)
CPU 1 idle residency:  42.35%
CPU 1 down residency:   0.00%
CPU 2 frequency: 2181 MHz
CPU 2 active residency:  52.97% (912 MHz: .94% 1284 MHz: 2.3% 1752 MHz: 5.5% 2004 MHz: 9.9% 2256 MHz: 6.0% 2424 MHz:  28%)
CPU 2 idle residency:  47.03%
CPU 2 down residency:   0.00%
CPU 3 frequency: 2156 MHz
CPU 3 active residency:  51.33% (912 MHz: 1.6% 1284 MHz: 2.5% 1752 MHz: 5.3% 2004 MHz: 9.5% 2256 MHz: 5.3% 2424 MHz:  27%)
CPU 3 idle residency:  48.67%
CPU 3 down residency:   0.00%

P0-Cluster Online: 100%
P0-Cluster HW active frequency: 3384 MHz
P0-Cluster HW active residency:  78.47% (702 MHz: .00% 948 MHz: .59% 1188 MHz: .02% 1452 MHz:   0% 1704 MHz: .61% 1968 MHz:   0% 2208 MHz: .60% 2400 MHz:   0% 2568 MHz:   0% 2724 MHz:   0% 2868 MHz: .58% 3000 MHz:   0% 3132 MHz:   0% 3264 MHz: 3.8% 3360 MHz:  15% 3408 MHz:  27% 3504 MHz:  31%)
P0-Cluster idle residency:  21.53%
P0-Cluster down residency:   0.00%
CPU 4 frequency: 3503 MHz
CPU 4 active residency:  45.59% (702 MHz: .01% 948 MHz:   0% 1188 MHz: .02% 1452 MHz:   0% 1704 MHz:   0% 1968 MHz:   0% 2208 MHz:   0% 2400 MHz:   0% 2568 MHz:   0% 2724 MHz:   0% 2868 MHz:   0% 3000 MHz:   0% 3132 MHz:   0% 3264 MHz: .01% 3360 MHz:   0% 3408 MHz:   0% 3504 MHz:  46%)
CPU 4 idle residency:  54.41%
CPU 4 down residency:   0.00%
CPU 5 frequency: 3504 MHz
CPU 5 active residency:  28.43% (702 MHz:   0% 948 MHz:   0% 1188 MHz: .00% 1452 MHz:   0% 1704 MHz:   0% 1968 MHz:   0% 2208 MHz:   0% 2400 MHz:   0% 2568 MHz:   0% 2724 MHz:   0% 2868 MHz:   0% 3000 MHz:   0% 3132 MHz:   0% 3264 MHz:   0% 3360 MHz:   0% 3408 MHz:   0% 3504 MHz:  28%)
CPU 5 idle residency:  71.57%
CPU 5 down residency:   0.00%
CPU 6 frequency: 3504 MHz
CPU 6 active residency:  25.79% (702 MHz:   0% 948 MHz:   0% 1188 MHz:   0% 1452 MHz:   0% 1704 MHz:   0% 1968 MHz:   0% 2208 MHz:   0% 2400 MHz:   0% 2568 MHz:   0% 2724 MHz:   0% 2868 MHz:   0% 3000 MHz:   0% 3132 MHz:   0% 3264 MHz:   0% 3360 MHz:   0% 3408 MHz:   0% 3504 MHz:  26%)
CPU 6 idle residency:  74.21%
CPU 6 down residency:   0.00%

P1-Cluster Online: 100%
P1-Cluster HW active frequency: 3378 MHz
P1-Cluster HW active residency:  92.85% (702 MHz:   0% 948 MHz:   0% 1188 MHz:   0% 1452 MHz: .23% 1704 MHz: .53% 1968 MHz:   0% 2208 MHz:   0% 2400 MHz:   0% 2568 MHz:   0% 2724 MHz:   0% 2868 MHz:   0% 3000 MHz:   0% 3132 MHz: .17% 3264 MHz: 9.3% 3360 MHz:  34% 3408 MHz:  33% 3504 MHz:  16%)
P1-Cluster idle residency:   7.15%
P1-Cluster down residency:   0.00%
CPU 7 frequency: 3489 MHz
CPU 7 active residency:  36.97% (702 MHz:   0% 948 MHz:   0% 1188 MHz:   0% 1452 MHz: .18% 1704 MHz: .10% 1968 MHz:   0% 2208 MHz:   0% 2400 MHz:   0% 2568 MHz:   0% 2724 MHz:   0% 2868 MHz:   0% 3000 MHz:   0% 3132 MHz:   0% 3264 MHz:   0% 3360 MHz:   0% 3408 MHz:   0% 3504 MHz:  37%)
CPU 7 idle residency:  63.03%
CPU 7 down residency:   0.00%
CPU 8 frequency: 3492 MHz
CPU 8 active residency:  38.23% (702 MHz:   0% 948 MHz:   0% 1188 MHz:   0% 1452 MHz: .22% 1704 MHz: .01% 1968 MHz:   0% 2208 MHz:   0% 2400 MHz:   0% 2568 MHz:   0% 2724 MHz:   0% 2868 MHz:   0% 3000 MHz:   0% 3132 MHz:   0% 3264 MHz:   0% 3360 MHz:   0% 3408 MHz:   0% 3504 MHz:  38%)
CPU 8 idle residency:  61.77%
CPU 8 down residency:   0.00%
CPU 9 frequency: 3484 MHz
CPU 9 active residency:  72.26% (702 MHz:   0% 948 MHz:   0% 1188 MHz:   0% 1452 MHz: .22% 1704 MHz: .56% 1968 MHz:   0% 2208 MHz:   0% 2400 MHz:   0% 2568 MHz:   0% 2724 MHz:   0% 2868 MHz:   0% 3000 MHz:   0% 3132 MHz:   0% 3264 MHz:   0% 3360 MHz:   0% 3408 MHz:   0% 3504 MHz:  71%)
CPU 9 idle residency:  27.74%
CPU 9 down residency:   0.00%

CPU Power: 10930 mW
GPU Power: 149 mW
ANE Power: 0 mW
Combined Power (CPU + GPU + ANE): 11079 mW

**** GPU usage ****

GPU HW active frequency: 508 MHz
GPU HW active residency:  19.66% (444 MHz:  16% 612 MHz: 1.0% 808 MHz: 2.4% 968 MHz: .36% 1110 MHz:   0% 1236 MHz:   0% 1338 MHz:   0% 1398 MHz:   0%)
GPU SW requested state: (P1 :  79% P2 :  11% P3 : 9.7% P4 : .62% P5 :   0% P6 :   0% P7 :   0% P8 :   0%)
GPU idle residency:  80.34%
GPU Power: 151 mW



*** Sampled system activity (Fri Sep 18 19:08:47 2026 -0700) (517.23ms elapsed) ***


**** Processor usage ****

E-Cluster Online: 100%
E-Cluster HW active frequency: 1965 MHz
E-Cluster HW active residency:  84.06% (912 MHz: .31% 1284 MHz: 8.6% 1752 MHz:  28% 2004 MHz:  19% 2256 MHz: 8.9% 2424 MHz:  19%)
E-Cluster idle residency:  15.94%
E-Cluster down residency:   0.00%
CPU 0 frequency: 1957 MHz
CPU 0 active residency:  59.54% (912 MHz: .12% 1284 MHz: 6.2% 1752 MHz:  21% 2004 MHz:  13% 2256 MHz: 5.7% 2424 MHz:  13%)
CPU 0 idle residency:  40.46%
CPU 0 down residency:   0.00%
CPU 1 frequency: 1950 MHz
CPU 1 active residency:  55.54% (912 MHz: .07% 1284 MHz: 5.6% 1752 MHz:  20% 2004 MHz:  12% 2256 MHz: 5.3% 2424 MHz:  12%)
CPU 1 idle residency:  44.46%
CPU 1 down residency:   0.00%
CPU 2 frequency: 1947 MHz
CPU 2 active residency:  53.08% (912 MHz: .08% 1284 MHz: 5.4% 1752 MHz:  20% 2004 MHz:  12% 2256 MHz: 4.8% 2424 MHz:  11%)
CPU 2 idle residency:  46.92%
CPU 2 down residency:   0.00%
CPU 3 frequency: 1952 MHz
CPU 3 active residency:  49.55% (912 MHz: .11% 1284 MHz: 4.9% 1752 MHz:  18% 2004 MHz:  11% 2256 MHz: 5.0% 2424 MHz:  11%)
CPU 3 idle residency:  50.45%
CPU 3 down residency:   0.00%

P0-Cluster Online: 100%
P0-Cluster HW active frequency: 3156 MHz
P0-Cluster HW active residency:  32.01% (702 MHz: .07% 948 MHz: .64% 1188 MHz:   0% 1452 MHz: .61% 1704 MHz: .63% 1968 MHz: 1.9% 2208 MHz: .88% 2400 MHz:   0% 2568 MHz:   0% 2724 MHz:   0% 2868 MHz: 1.3% 3000 MHz:   0% 3132 MHz:   0% 3264 MHz: 2.0% 3360 MHz: 6.7% 3408 MHz: 5.8% 3504 MHz:  11%)
P0-Cluster idle residency:  67.99%
P0-Cluster down residency:   0.00%
CPU 4 frequency: 3496 MHz
CPU 4 active residency:  16.34% (702 MHz: .04% 948 MHz:   0% 1188 MHz:   0% 1452 MHz:   0% 1704 MHz: .01% 1968 MHz:   0% 2208 MHz: .01% 2400 MHz:   0% 2568 MHz:   0% 2724 MHz:   0% 2868 MHz:   0% 3000 MHz:   0% 3132 MHz:   0% 3264 MHz:   0% 3360 MHz:   0% 3408 MHz:   0% 3504 MHz:  16%)
CPU 4 idle residency:  83.66%
CPU 4 down residency:   0.00%
CPU 5 frequency: 3498 MHz
CPU 5 active residency:   9.69% (702 MHz: .02% 948 MHz:   0% 1188 MHz:   0% 1452 MHz:   0% 1704 MHz: .00% 1968 MHz:   0% 2208 MHz:   0% 2400 MHz:   0% 2568 MHz:   0% 2724 MHz:   0% 2868 MHz:   0% 3000 MHz:   0% 3132 MHz:   0% 3264 MHz:   0% 3360 MHz:   0% 3408 MHz:   0% 3504 MHz: 9.7%)
CPU 5 idle residency:  90.31%
CPU 5 down residency:   0.00%
CPU 6 frequency: 3495 MHz
CPU 6 active residency:   5.96% (702 MHz: .02% 948 MHz:   0% 1188 MHz:   0% 1452 MHz:   0% 1704 MHz:   0% 1968 MHz:   0% 2208 MHz:   0% 2400 MHz:   0% 2568 MHz:   0% 2724 MHz:   0% 2868 MHz:   0% 3000 MHz:   0% 3132 MHz:   0% 3264 MHz:   0% 3360 MHz:   0% 3408 MHz:   0% 3504 MHz: 5.9%)
CPU 6 idle residency:  94.04%
CPU 6 down residency:   0.00%

P1-Cluster Online: 100%
P1-Cluster HW active frequency: 3353 MHz
P1-Cluster HW active residency:  95.70% (702 MHz: .02% 948 MHz:   0% 1188 MHz:   0% 1452 MHz:   0% 1704 MHz: .52% 1968 MHz:   0% 2208 MHz:   0% 2400 MHz:   0% 2568 MHz:   0% 2724 MHz:   0% 2868 MHz:   0% 3000 MHz:   0% 3132 MHz: .51% 3264 MHz: 6.8% 3360 MHz:  76% 3408 MHz: 7.6% 3504 MHz: 4.2%)
P1-Cluster idle residency:   4.30%
P1-Cluster down residency:   0.00%
CPU 7 frequency: 3498 MHz
CPU 7 active residency:  22.18% (702 MHz: .02% 948 MHz:   0% 1188 MHz:   0% 1452 MHz:   0% 1704 MHz: .05% 1968 MHz:   0% 2208 MHz:   0% 2400 MHz:   0% 2568 MHz:   0% 2724 MHz:   0% 2868 MHz:   0% 3000 MHz:   0% 3132 MHz:   0% 3264 MHz:   0% 3360 MHz:   0% 3408 MHz:   0% 3504 MHz:  22%)
CPU 7 idle residency:  77.82%
CPU 7 down residency:   0.00%
CPU 8 frequency: 3504 MHz
CPU 8 active residency:  78.47% (702 MHz:   0% 948 MHz:   0% 1188 MHz:   0% 1452 MHz:   0% 1704 MHz:   0% 1968 MHz:   0% 2208 MHz:   0% 2400 MHz:   0% 2568 MHz:   0% 2724 MHz:   0% 2868 MHz:   0% 3000 MHz:   0% 3132 MHz:   0% 3264 MHz:   0% 3360 MHz:   0% 3408 MHz:   0% 3504 MHz:  78%)
CPU 8 idle residency:  21.53%
CPU 8 down residency:   0.00%
CPU 9 frequency: 3504 MHz
CPU 9 active residency:  88.90% (702 MHz:   0% 948 MHz:   0% 1188 MHz:   0% 1452 MHz:   0% 1704 MHz:   0% 1968 MHz:   0% 2208 MHz:   0% 2400 MHz:   0% 2568 MHz:   0% 2724 MHz:   0% 2868 MHz:   0% 3000 MHz:   0% 3132 MHz:   0% 3264 MHz:   0% 3360 MHz:   0% 3408 MHz:   0% 3504 MHz:  89%)
CPU 9 idle residency:  11.10%
CPU 9 down residency:   0.00%

CPU Power: 10411 mW
GPU Power: 50 mW
ANE Power: 0 mW
Combined Power (CPU + GPU + ANE): 10461 mW

**** GPU usage ****

GPU HW active frequency: 444 MHz
GPU HW active residency:   6.03% (444 MHz: 6.0% 612 MHz:   0% 808 MHz:   0% 968 MHz:   0% 1110 MHz:   0% 1236 MHz:   0% 1338 MHz:   0% 1398 MHz:   0%)
GPU SW requested state: (P1 : 100% P2 :   0% P3 :   0% P4 :   0% P5 :   0% P6 :   0% P7 :   0% P8 :   0%)
GPU idle residency:  93.97%
GPU Power: 48 mW



*** Sampled system activity (Fri Sep 18 19:08:48 2026 -0700) (520.86ms elapsed) ***


**** Processor usage ****

E-Cluster Online: 100%
E-Cluster HW active frequency: 2080 MHz
E-Cluster HW active residency:  87.58% (912 MHz:   0% 1284 MHz: 3.8% 1752 MHz:  25% 2004 MHz:  16% 2256 MHz:  13% 2424 MHz:  30%)
E-Cluster idle residency:  12.42%
E-Cluster down residency:   0.00%
CPU 0 frequency: 2134 MHz
CPU 0 active residency:  66.32% (912 MHz:   0% 1284 MHz: 1.8% 1752 MHz:  15% 2004 MHz:  12% 2256 MHz:  11% 2424 MHz:  26%)
CPU 0 idle residency:  33.68%
CPU 0 down residency:   0.00%
CPU 1 frequency: 2136 MHz
CPU 1 active residency:  66.20% (912 MHz:   0% 1284 MHz: 2.0% 1752 MHz:  15% 2004 MHz:  11% 2256 MHz:  10% 2424 MHz:  27%)
CPU 1 idle residency:  33.80%
CPU 1 down residency:   0.00%
CPU 2 frequency: 2129 MHz
CPU 2 active residency:  62.90% (912 MHz:   0% 1284 MHz: 1.8% 1752 MHz:  15% 2004 MHz:  11% 2256 MHz:  11% 2424 MHz:  24%)
CPU 2 idle residency:  37.10%
CPU 2 down residency:   0.00%
CPU 3 frequency: 2139 MHz
CPU 3 active residency:  59.76% (912 MHz:   0% 1284 MHz: 1.4% 1752 MHz:  14% 2004 MHz: 9.9% 2256 MHz: 9.9% 2424 MHz:  24%)
CPU 3 idle residency:  40.24%
CPU 3 down residency:   0.00%

P0-Cluster Online: 100%
P0-Cluster HW active frequency: 2954 MHz
P0-Cluster HW active residency:  38.39% (702 MHz: .15% 948 MHz: .86% 1188 MHz: 3.2% 1452 MHz: .88% 1704 MHz: 1.2% 1968 MHz:   0% 2208 MHz: 1.7% 2400 MHz: 1.2% 2568 MHz: .70% 2724 MHz:   0% 2868 MHz: 1.2% 3000 MHz: .60% 3132 MHz:   0% 3264 MHz: 1.7% 3360 MHz: 6.4% 3408 MHz: 6.7% 3504 MHz:  12%)
P0-Cluster idle residency:  61.61%
P0-Cluster down residency:   0.00%
CPU 4 frequency: 3336 MHz
CPU 4 active residency:  18.54% (702 MHz: .16% 948 MHz:   0% 1188 MHz: .76% 1452 MHz: .00% 1704 MHz: .02% 1968 MHz:   0% 2208 MHz: .02% 2400 MHz:   0% 2568 MHz: .90% 2724 MHz:   0% 2868 MHz:   0% 3000 MHz:   0% 3132 MHz:   0% 3264 MHz:   0% 3360 MHz:   0% 3408 MHz:   0% 3504 MHz:  17%)
CPU 4 idle residency:  81.46%
CPU 4 down residency:   0.00%
CPU 5 frequency: 3361 MHz
CPU 5 active residency:  11.90% (702 MHz: .03% 948 MHz:   0% 1188 MHz: .33% 1452 MHz:   0% 1704 MHz: .01% 1968 MHz:   0% 2208 MHz:   0% 2400 MHz:   0% 2568 MHz: .90% 2724 MHz:   0% 2868 MHz:   0% 3000 MHz:   0% 3132 MHz:   0% 3264 MHz:   0% 3360 MHz:   0% 3408 MHz:   0% 3504 MHz:  11%)
CPU 5 idle residency:  88.10%
CPU 5 down residency:   0.00%
CPU 6 frequency: 3088 MHz
CPU 6 active residency:   4.01% (702 MHz: .03% 948 MHz:   0% 1188 MHz: .32% 1452 MHz: .01% 1704 MHz:   0% 1968 MHz:   0% 2208 MHz:   0% 2400 MHz:   0% 2568 MHz: .88% 2724 MHz:   0% 2868 MHz:   0% 3000 MHz:   0% 3132 MHz:   0% 3264 MHz:   0% 3360 MHz:   0% 3408 MHz:   0% 3504 MHz: 2.8%)
CPU 6 idle residency:  95.99%
CPU 6 down residency:   0.00%

P1-Cluster Online: 100%
P1-Cluster HW active frequency: 3355 MHz
P1-Cluster HW active residency:  95.62% (702 MHz: .01% 948 MHz:   0% 1188 MHz: .06% 1452 MHz:   0% 1704 MHz: .14% 1968 MHz:   0% 2208 MHz:   0% 2400 MHz:   0% 2568 MHz:   0% 2724 MHz:   0% 2868 MHz:   0% 3000 MHz:   0% 3132 MHz: .51% 3264 MHz: 9.8% 3360 MHz:  74% 3408 MHz: 6.6% 3504 MHz: 4.4%)
P1-Cluster idle residency:   4.38%
P1-Cluster down residency:   0.00%
CPU 7 frequency: 3495 MHz
CPU 7 active residency:  18.24% (702 MHz: .01% 948 MHz:   0% 1188 MHz: .02% 1452 MHz:   0% 1704 MHz: .06% 1968 MHz:   0% 2208 MHz:   0% 2400 MHz:   0% 2568 MHz:   0% 2724 MHz:   0% 2868 MHz:   0% 3000 MHz:   0% 3132 MHz:   0% 3264 MHz:   0% 3360 MHz:   0% 3408 MHz:   0% 3504 MHz:  18%)
CPU 7 idle residency:  81.76%
CPU 7 down residency:   0.00%
CPU 8 frequency: 3504 MHz
CPU 8 active residency:  85.38% (702 MHz:   0% 948 MHz:   0% 1188 MHz:   0% 1452 MHz:   0% 1704 MHz: .01% 1968 MHz:   0% 2208 MHz:   0% 2400 MHz:   0% 2568 MHz:   0% 2724 MHz:   0% 2868 MHz:   0% 3000 MHz:   0% 3132 MHz:   0% 3264 MHz:   0% 3360 MHz:   0% 3408 MHz:   0% 3504 MHz:  85%)
CPU 8 idle residency:  14.62%
CPU 8 down residency:   0.00%
CPU 9 frequency: 3504 MHz
CPU 9 active residency:  90.09% (702 MHz:   0% 948 MHz:   0% 1188 MHz:   0% 1452 MHz:   0% 1704 MHz:   0% 1968 MHz:   0% 2208 MHz:   0% 2400 MHz:   0% 2568 MHz:   0% 2724 MHz:   0% 2868 MHz:   0% 3000 MHz:   0% 3132 MHz:   0% 3264 MHz:   0% 3360 MHz:   0% 3408 MHz:   0% 3504 MHz:  90%)
CPU 9 idle residency:   9.91%
CPU 9 down residency:   0.00%

CPU Power: 10538 mW
GPU Power: 48 mW
ANE Power: 0 mW
Combined Power (CPU + GPU + ANE): 10586 mW

**** GPU usage ****

GPU HW active frequency: 575 MHz
GPU HW active residency:   3.51% (444 MHz: 2.2% 612 MHz: .29% 808 MHz: .61% 968 MHz: .37% 1110 MHz:   0% 1236 MHz:   0% 1338 MHz:   0% 1398 MHz:   0%)
GPU SW requested state: (P1 :  52% P2 :  15% P3 :  24% P4 : 8.7% P5 :   0% P6 :   0% P7 :   0% P8 :   0%)
GPU idle residency:  96.49%
GPU Power: 48 mW



*** Sampled system activity (Fri Sep 18 19:08:48 2026 -0700) (515.51ms elapsed) ***


**** Processor usage ****

E-Cluster Online: 100%
E-Cluster HW active frequency: 2204 MHz
E-Cluster HW active residency:  98.29% (912 MHz: 5.0% 1284 MHz: 5.0% 1752 MHz:  10% 2004 MHz: 3.1% 2256 MHz: 1.8% 2424 MHz:  73%)
E-Cluster idle residency:   1.71%
E-Cluster down residency:   0.00%
CPU 0 frequency: 2211 MHz
CPU 0 active residency:  76.78% (912 MHz: 4.4% 1284 MHz: 4.3% 1752 MHz: 5.4% 2004 MHz: 2.3% 2256 MHz: 1.3% 2424 MHz:  59%)
CPU 0 idle residency:  23.22%
CPU 0 down residency:   0.00%
CPU 1 frequency: 2207 MHz
CPU 1 active residency:  76.32% (912 MHz: 4.5% 1284 MHz: 3.8% 1752 MHz: 6.6% 2004 MHz: 1.9% 2256 MHz: .97% 2424 MHz:  59%)
CPU 1 idle residency:  23.68%
CPU 1 down residency:   0.00%
CPU 2 frequency: 2201 MHz
CPU 2 active residency:  72.60% (912 MHz: 4.5% 1284 MHz: 4.2% 1752 MHz: 5.3% 2004 MHz: 1.9% 2256 MHz: .67% 2424 MHz:  56%)
CPU 2 idle residency:  27.40%
CPU 2 down residency:   0.00%
CPU 3 frequency: 2191 MHz
CPU 3 active residency:  69.61% (912 MHz: 4.4% 1284 MHz: 3.7% 1752 MHz: 6.5% 2004 MHz: 1.8% 2256 MHz: 1.1% 2424 MHz:  52%)
CPU 3 idle residency:  30.39%
CPU 3 down residency:   0.00%

P0-Cluster Online: 100%
P0-Cluster HW active frequency: 3193 MHz
P0-Cluster HW active residency:  62.97% (702 MHz: .05% 948 MHz:   0% 1188 MHz: .88% 1452 MHz: 1.4% 1704 MHz: 2.0% 1968 MHz: 1.7% 2208 MHz: .67% 2400 MHz:   0% 2568 MHz:   0% 2724 MHz:   0% 2868 MHz: .67% 3000 MHz:   0% 3132 MHz: .53% 3264 MHz: 7.6% 3360 MHz:  24% 3408 MHz:  15% 3504 MHz: 8.3%)
P0-Cluster idle residency:  37.03%
P0-Cluster down residency:   0.00%
CPU 4 frequency: 3358 MHz
CPU 4 active residency:  46.23% (702 MHz: .04% 948 MHz:   0% 1188 MHz: .24% 1452 MHz: .91% 1704 MHz: 1.5% 1968 MHz: .95% 2208 MHz:   0% 2400 MHz:   0% 2568 MHz:   0% 2724 MHz:   0% 2868 MHz:   0% 3000 MHz:   0% 3132 MHz: .03% 3264 MHz:   0% 3360 MHz:   0% 3408 MHz:   0% 3504 MHz:  43%)
CPU 4 idle residency:  53.77%
CPU 4 down residency:   0.00%
CPU 5 frequency: 3499 MHz
CPU 5 active residency:  33.93% (702 MHz: .01% 948 MHz:   0% 1188 MHz: .04% 1452 MHz: .00% 1704 MHz: .00% 1968 MHz:   0% 2208 MHz:   0% 2400 MHz:   0% 2568 MHz:   0% 2724 MHz:   0% 2868 MHz:   0% 3000 MHz:   0% 3132 MHz: .03% 3264 MHz:   0% 3360 MHz:   0% 3408 MHz:   0% 3504 MHz:  34%)
CPU 5 idle residency:  66.07%
CPU 5 down residency:   0.00%
CPU 6 frequency: 3500 MHz
CPU 6 active residency:  22.63% (702 MHz:   0% 948 MHz:   0% 1188 MHz: .04% 1452 MHz:   0% 1704 MHz: .00% 1968 MHz:   0% 2208 MHz:   0% 2400 MHz:   0% 2568 MHz:   0% 2724 MHz:   0% 2868 MHz:   0% 3000 MHz:   0% 3132 MHz: .03% 3264 MHz:   0% 3360 MHz:   0% 3408 MHz:   0% 3504 MHz:  23%)
CPU 6 idle residency:  77.37%
CPU 6 down residency:   0.00%

P1-Cluster Online: 100%
P1-Cluster HW active frequency: 3351 MHz
P1-Cluster HW active residency:  91.32% (702 MHz: .01% 948 MHz:   0% 1188 MHz: .44% 1452 MHz:   0% 1704 MHz: .26% 1968 MHz: .49% 2208 MHz:   0% 2400 MHz:   0% 2568 MHz:   0% 2724 MHz:   0% 2868 MHz:   0% 3000 MHz:   0% 3132 MHz: .35% 3264 MHz:  15% 3360 MHz:  48% 3408 MHz:  10% 3504 MHz:  16%)
P1-Cluster idle residency:   8.68%
P1-Cluster down residency:   0.00%
CPU 7 frequency: 3476 MHz
CPU 7 active residency:  35.15% (702 MHz: .01% 948 MHz:   0% 1188 MHz: .07% 1452 MHz:   0% 1704 MHz: .26% 1968 MHz: .20% 2208 MHz:   0% 2400 MHz:   0% 2568 MHz:   0% 2724 MHz:   0% 2868 MHz:   0% 3000 MHz:   0% 3132 MHz:   0% 3264 MHz:   0% 3360 MHz:   0% 3408 MHz:   0% 3504 MHz:  35%)
CPU 7 idle residency:  64.85%
CPU 7 down residency:   0.00%
CPU 8 frequency: 3499 MHz
CPU 8 active residency:  68.15% (702 MHz:   0% 948 MHz:   0% 1188 MHz: .01% 1452 MHz:   0% 1704 MHz: .12% 1968 MHz: .07% 2208 MHz:   0% 2400 MHz:   0% 2568 MHz:   0% 2724 MHz:   0% 2868 MHz:   0% 3000 MHz:   0% 3132 MHz:   0% 3264 MHz:   0% 3360 MHz:   0% 3408 MHz:   0% 3504 MHz:  68%)
CPU 8 idle residency:  31.85%
CPU 8 down residency:   0.00%
CPU 9 frequency: 3489 MHz
CPU 9 active residency:  72.35% (702 MHz:   0% 948 MHz:   0% 1188 MHz:   0% 1452 MHz:   0% 1704 MHz: .14% 1968 MHz: .53% 2208 MHz:   0% 2400 MHz:   0% 2568 MHz:   0% 2724 MHz:   0% 2868 MHz:   0% 3000 MHz:   0% 3132 MHz:   0% 3264 MHz:   0% 3360 MHz:   0% 3408 MHz:   0% 3504 MHz:  72%)
CPU 9 idle residency:  27.65%
CPU 9 down residency:   0.00%

CPU Power: 12039 mW
GPU Power: 48 mW
ANE Power: 0 mW
Combined Power (CPU + GPU + ANE): 12087 mW

**** GPU usage ****

GPU HW active frequency: 449 MHz
GPU HW active residency:   5.49% (444 MHz: 5.3% 612 MHz: .16% 808 MHz:   0% 968 MHz:   0% 1110 MHz:   0% 1236 MHz:   0% 1338 MHz:   0% 1398 MHz:   0%)
GPU SW requested state: (P1 :  98% P2 : 1.4% P3 : .60% P4 :   0% P5 :   0% P6 :   0% P7 :   0% P8 :   0%)
GPU idle residency:  94.51%
GPU Power: 52 mW



*** Sampled system activity (Fri Sep 18 19:08:49 2026 -0700) (516.82ms elapsed) ***


**** Processor usage ****

E-Cluster Online: 100%
E-Cluster HW active frequency: 2040 MHz
E-Cluster HW active residency:  80.40% (912 MHz: 6.1% 1284 MHz:  14% 1752 MHz: 7.1% 2004 MHz: 1.6% 2256 MHz: .52% 2424 MHz:  51%)
E-Cluster idle residency:  19.60%
E-Cluster down residency:   0.00%
CPU 0 frequency: 2019 MHz
CPU 0 active residency:  59.46% (912 MHz: 5.0% 1284 MHz:  12% 1752 MHz: 3.4% 2004 MHz: 1.3% 2256 MHz: .58% 2424 MHz:  37%)
CPU 0 idle residency:  40.54%
CPU 0 down residency:   0.00%
CPU 1 frequency: 2015 MHz
CPU 1 active residency:  56.43% (912 MHz: 4.5% 1284 MHz:  12% 1752 MHz: 3.8% 2004 MHz: 1.4% 2256 MHz: .59% 2424 MHz:  35%)
CPU 1 idle residency:  43.57%
CPU 1 down residency:   0.00%
CPU 2 frequency: 2014 MHz
CPU 2 active residency:  54.43% (912 MHz: 4.5% 1284 MHz:  11% 1752 MHz: 3.2% 2004 MHz: 1.5% 2256 MHz: .61% 2424 MHz:  34%)
CPU 2 idle residency:  45.57%
CPU 2 down residency:   0.00%
CPU 3 frequency: 2008 MHz
CPU 3 active residency:  52.20% (912 MHz: 4.9% 1284 MHz:  10% 1752 MHz: 2.9% 2004 MHz: 1.1% 2256 MHz: .60% 2424 MHz:  32%)
CPU 3 idle residency:  47.80%
CPU 3 down residency:   0.00%

P0-Cluster Online: 100%
P0-Cluster HW active frequency: 3367 MHz
P0-Cluster HW active residency:  94.51% (702 MHz:   0% 948 MHz:   0% 1188 MHz:   0% 1452 MHz:   0% 1704 MHz:   0% 1968 MHz:   0% 2208 MHz:   0% 2400 MHz:   0% 2568 MHz:   0% 2724 MHz:   0% 2868 MHz:   0% 3000 MHz:   0% 3132 MHz:   0% 3264 MHz:  15% 3360 MHz:  47% 3408 MHz:  28% 3504 MHz: 5.4%)
P0-Cluster idle residency:   5.49%
P0-Cluster down residency:   0.00%
CPU 4 frequency: 3504 MHz
CPU 4 active residency:  67.14% (702 MHz:   0% 948 MHz:   0% 1188 MHz:   0% 1452 MHz:   0% 1704 MHz:   0% 1968 MHz:   0% 2208 MHz:   0% 2400 MHz:   0% 2568 MHz:   0% 2724 MHz:   0% 2868 MHz:   0% 3000 MHz:   0% 3132 MHz:   0% 3264 MHz:   0% 3360 MHz:   0% 3408 MHz:   0% 3504 MHz:  67%)
CPU 4 idle residency:  32.86%
CPU 4 down residency:   0.00%
CPU 5 frequency: 3504 MHz
CPU 5 active residency:  56.40% (702 MHz:   0% 948 MHz:   0% 1188 MHz:   0% 1452 MHz:   0% 1704 MHz:   0% 1968 MHz:   0% 2208 MHz:   0% 2400 MHz:   0% 2568 MHz:   0% 2724 MHz:   0% 2868 MHz:   0% 3000 MHz:   0% 3132 MHz:   0% 3264 MHz:   0% 3360 MHz:   0% 3408 MHz:   0% 3504 MHz:  56%)
CPU 5 idle residency:  43.60%
CPU 5 down residency:   0.00%
CPU 6 frequency: 3504 MHz
CPU 6 active residency:  50.06% (702 MHz:   0% 948 MHz:   0% 1188 MHz:   0% 1452 MHz:   0% 1704 MHz:   0% 1968 MHz:   0% 2208 MHz:   0% 2400 MHz:   0% 2568 MHz:   0% 2724 MHz:   0% 2868 MHz:   0% 3000 MHz:   0% 3132 MHz:   0% 3264 MHz:   0% 3360 MHz:   0% 3408 MHz:   0% 3504 MHz:  50%)
CPU 6 idle residency:  49.94%
CPU 6 down residency:   0.00%

P1-Cluster Online: 100%
P1-Cluster HW active frequency: 3394 MHz
P1-Cluster HW active residency:  85.83% (702 MHz:   0% 948 MHz:   0% 1188 MHz:   0% 1452 MHz:   0% 1704 MHz:   0% 1968 MHz:   0% 2208 MHz:   0% 2400 MHz:   0% 2568 MHz:   0% 2724 MHz:   0% 2868 MHz:   0% 3000 MHz:   0% 3132 MHz: .17% 3264 MHz:  19% 3360 MHz:  23% 3408 MHz:  15% 3504 MHz:  29%)
P1-Cluster idle residency:  14.17%
P1-Cluster down residency:   0.00%
CPU 7 frequency: 3504 MHz
CPU 7 active residency:  57.77% (702 MHz:   0% 948 MHz:   0% 1188 MHz:   0% 1452 MHz:   0% 1704 MHz:   0% 1968 MHz:   0% 2208 MHz:   0% 2400 MHz:   0% 2568 MHz:   0% 2724 MHz:   0% 2868 MHz:   0% 3000 MHz:   0% 3132 MHz:   0% 3264 MHz:   0% 3360 MHz:   0% 3408 MHz:   0% 3504 MHz:  58%)
CPU 7 idle residency:  42.23%
CPU 7 down residency:   0.00%
CPU 8 frequency: 3504 MHz
CPU 8 active residency:  48.72% (702 MHz:   0% 948 MHz:   0% 1188 MHz:   0% 1452 MHz:   0% 1704 MHz:   0% 1968 MHz:   0% 2208 MHz:   0% 2400 MHz:   0% 2568 MHz:   0% 2724 MHz:   0% 2868 MHz:   0% 3000 MHz:   0% 3132 MHz:   0% 3264 MHz:   0% 3360 MHz:   0% 3408 MHz:   0% 3504 MHz:  49%)
CPU 8 idle residency:  51.28%
CPU 8 down residency:   0.00%
CPU 9 frequency: 3504 MHz
CPU 9 active residency:  45.78% (702 MHz:   0% 948 MHz:   0% 1188 MHz:   0% 1452 MHz:   0% 1704 MHz:   0% 1968 MHz:   0% 2208 MHz:   0% 2400 MHz:   0% 2568 MHz:   0% 2724 MHz:   0% 2868 MHz:   0% 3000 MHz:   0% 3132 MHz:   0% 3264 MHz:   0% 3360 MHz:   0% 3408 MHz:   0% 3504 MHz:  46%)
CPU 9 idle residency:  54.22%
CPU 9 down residency:   0.00%

CPU Power: 12944 mW
GPU Power: 79 mW
ANE Power: 0 mW
Combined Power (CPU + GPU + ANE): 13024 mW

**** GPU usage ****

GPU HW active frequency: 444 MHz
GPU HW active residency:  13.54% (444 MHz:  14% 612 MHz:   0% 808 MHz:   0% 968 MHz:   0% 1110 MHz:   0% 1236 MHz:   0% 1338 MHz:   0% 1398 MHz:   0%)
GPU SW requested state: (P1 : 100% P2 :   0% P3 :   0% P4 :   0% P5 :   0% P6 :   0% P7 :   0% P8 :   0%)
GPU idle residency:  86.46%
GPU Power: 77 mW



*** Sampled system activity (Fri Sep 18 19:08:49 2026 -0700) (514.51ms elapsed) ***


**** Processor usage ****

E-Cluster Online: 100%
E-Cluster HW active frequency: 2050 MHz
E-Cluster HW active residency:  77.44% (912 MHz:  13% 1284 MHz: 3.1% 1752 MHz: 5.5% 2004 MHz: 2.3% 2256 MHz: 3.0% 2424 MHz:  50%)
E-Cluster idle residency:  22.56%
E-Cluster down residency:   0.00%
CPU 0 frequency: 2025 MHz
CPU 0 active residency:  47.84% (912 MHz: 9.3% 1284 MHz: 2.3% 1752 MHz: 2.8% 2004 MHz: .92% 2256 MHz: 1.1% 2424 MHz:  31%)
CPU 0 idle residency:  52.16%
CPU 0 down residency:   0.00%
CPU 1 frequency: 1986 MHz
CPU 1 active residency:  43.90% (912 MHz: 9.4% 1284 MHz: 2.4% 1752 MHz: 2.7% 2004 MHz: .71% 2256 MHz: .98% 2424 MHz:  28%)
CPU 1 idle residency:  56.10%
CPU 1 down residency:   0.00%
CPU 2 frequency: 1991 MHz
CPU 2 active residency:  39.23% (912 MHz: 8.1% 1284 MHz: 2.3% 1752 MHz: 2.5% 2004 MHz: .86% 2256 MHz: 1.1% 2424 MHz:  24%)
CPU 2 idle residency:  60.77%
CPU 2 down residency:   0.00%
CPU 3 frequency: 2002 MHz
CPU 3 active residency:  35.22% (912 MHz: 7.3% 1284 MHz: 1.9% 1752 MHz: 1.9% 2004 MHz: .65% 2256 MHz: .92% 2424 MHz:  23%)
CPU 3 idle residency:  64.78%
CPU 3 down residency:   0.00%

P0-Cluster Online: 100%
P0-Cluster HW active frequency: 3369 MHz
P0-Cluster HW active residency:  97.34% (702 MHz:   0% 948 MHz:   0% 1188 MHz:   0% 1452 MHz:   0% 1704 MHz:   0% 1968 MHz:   0% 2208 MHz:   0% 2400 MHz:   0% 2568 MHz:   0% 2724 MHz:   0% 2868 MHz:   0% 3000 MHz:   0% 3132 MHz:   0% 3264 MHz:  12% 3360 MHz:  51% 3408 MHz:  31% 3504 MHz: 3.3%)
P0-Cluster idle residency:   2.66%
P0-Cluster down residency:   0.00%
CPU 4 frequency: 3504 MHz
CPU 4 active residency:  66.23% (702 MHz:   0% 948 MHz:   0% 1188 MHz:   0% 1452 MHz:   0% 1704 MHz:   0% 1968 MHz:   0% 2208 MHz:   0% 2400 MHz:   0% 2568 MHz:   0% 2724 MHz:   0% 2868 MHz:   0% 3000 MHz:   0% 3132 MHz:   0% 3264 MHz:   0% 3360 MHz:   0% 3408 MHz:   0% 3504 MHz:  66%)
CPU 4 idle residency:  33.77%
CPU 4 down residency:   0.00%
CPU 5 frequency: 3504 MHz
CPU 5 active residency:  55.71% (702 MHz:   0% 948 MHz:   0% 1188 MHz:   0% 1452 MHz:   0% 1704 MHz:   0% 1968 MHz:   0% 2208 MHz:   0% 2400 MHz:   0% 2568 MHz:   0% 2724 MHz:   0% 2868 MHz:   0% 3000 MHz:   0% 3132 MHz:   0% 3264 MHz:   0% 3360 MHz:   0% 3408 MHz:   0% 3504 MHz:  56%)
CPU 5 idle residency:  44.29%
CPU 5 down residency:   0.00%
CPU 6 frequency: 3504 MHz
CPU 6 active residency:  50.71% (702 MHz:   0% 948 MHz:   0% 1188 MHz:   0% 1452 MHz:   0% 1704 MHz:   0% 1968 MHz:   0% 2208 MHz:   0% 2400 MHz:   0% 2568 MHz:   0% 2724 MHz:   0% 2868 MHz:   0% 3000 MHz:   0% 3132 MHz:   0% 3264 MHz:   0% 3360 MHz:   0% 3408 MHz:   0% 3504 MHz:  51%)
CPU 6 idle residency:  49.29%
CPU 6 down residency:   0.00%

P1-Cluster Online: 100%
P1-Cluster HW active frequency: 3410 MHz
P1-Cluster HW active residency:  85.56% (702 MHz:   0% 948 MHz:   0% 1188 MHz:   0% 1452 MHz:   0% 1704 MHz:   0% 1968 MHz:   0% 2208 MHz:   0% 2400 MHz:   0% 2568 MHz: .24% 2724 MHz:   0% 2868 MHz: .15% 3000 MHz:   0% 3132 MHz: .14% 3264 MHz:  14% 3360 MHz:  23% 3408 MHz:  12% 3504 MHz:  37%)
P1-Cluster idle residency:  14.44%
P1-Cluster down residency:   0.00%
CPU 7 frequency: 3501 MHz
CPU 7 active residency:  50.46% (702 MHz:   0% 948 MHz:   0% 1188 MHz:   0% 1452 MHz:   0% 1704 MHz:   0% 1968 MHz:   0% 2208 MHz:   0% 2400 MHz:   0% 2568 MHz: .07% 2724 MHz:   0% 2868 MHz: .11% 3000 MHz:   0% 3132 MHz:   0% 3264 MHz:   0% 3360 MHz:   0% 3408 MHz:   0% 3504 MHz:  50%)
CPU 7 idle residency:  49.54%
CPU 7 down residency:   0.00%
CPU 8 frequency: 3496 MHz
CPU 8 active residency:  39.48% (702 MHz:   0% 948 MHz:   0% 1188 MHz:   0% 1452 MHz:   0% 1704 MHz:   0% 1968 MHz:   0% 2208 MHz:   0% 2400 MHz:   0% 2568 MHz: .28% 2724 MHz:   0% 2868 MHz: .10% 3000 MHz:   0% 3132 MHz:   0% 3264 MHz:   0% 3360 MHz:   0% 3408 MHz:   0% 3504 MHz:  39%)
CPU 8 idle residency:  60.52%
CPU 8 down residency:   0.00%
CPU 9 frequency: 3503 MHz
CPU 9 active residency:  48.99% (702 MHz:   0% 948 MHz:   0% 1188 MHz:   0% 1452 MHz:   0% 1704 MHz:   0% 1968 MHz:   0% 2208 MHz:   0% 2400 MHz:   0% 2568 MHz: .02% 2724 MHz:   0% 2868 MHz: .05% 3000 MHz:   0% 3132 MHz:   0% 3264 MHz:   0% 3360 MHz:   0% 3408 MHz:   0% 3504 MHz:  49%)
CPU 9 idle residency:  51.01%
CPU 9 down residency:   0.00%

CPU Power: 12583 mW
GPU Power: 214 mW
ANE Power: 0 mW
Combined Power (CPU + GPU + ANE): 12797 mW

**** GPU usage ****

GPU HW active frequency: 444 MHz
GPU HW active residency:  14.37% (444 MHz:  14% 612 MHz:   0% 808 MHz:   0% 968 MHz:   0% 1110 MHz:   0% 1236 MHz:   0% 1338 MHz:   0% 1398 MHz:   0%)
GPU SW requested state: (P1 : 100% P2 :   0% P3 :   0% P4 :   0% P5 :   0% P6 :   0% P7 :   0% P8 :   0%)
GPU idle residency:  85.63%
GPU Power: 214 mW



*** Sampled system activity (Fri Sep 18 19:08:50 2026 -0700) (514.85ms elapsed) ***


**** Processor usage ****

E-Cluster Online: 100%
E-Cluster HW active frequency: 1908 MHz
E-Cluster HW active residency:  70.35% (912 MHz:  10% 1284 MHz: 7.8% 1752 MHz:  13% 2004 MHz: 6.5% 2256 MHz: 2.3% 2424 MHz:  31%)
E-Cluster idle residency:  29.65%
E-Cluster down residency:   0.00%
CPU 0 frequency: 1917 MHz
CPU 0 active residency:  39.58% (912 MHz: 4.3% 1284 MHz: 6.0% 1752 MHz: 7.8% 2004 MHz: 3.0% 2256 MHz: 1.1% 2424 MHz:  17%)
CPU 0 idle residency:  60.42%
CPU 0 down residency:   0.00%
CPU 1 frequency: 1935 MHz
CPU 1 active residency:  36.39% (912 MHz: 3.6% 1284 MHz: 5.5% 1752 MHz: 7.2% 2004 MHz: 2.4% 2256 MHz: 1.4% 2424 MHz:  16%)
CPU 1 idle residency:  63.61%
CPU 1 down residency:   0.00%
CPU 2 frequency: 1951 MHz
CPU 2 active residency:  31.41% (912 MHz: 2.8% 1284 MHz: 4.8% 1752 MHz: 5.9% 2004 MHz: 2.4% 2256 MHz: .96% 2424 MHz:  15%)
CPU 2 idle residency:  68.59%
CPU 2 down residency:   0.00%
CPU 3 frequency: 1987 MHz
CPU 3 active residency:  30.33% (912 MHz: 1.8% 1284 MHz: 4.8% 1752 MHz: 5.8% 2004 MHz: 2.4% 2256 MHz: .92% 2424 MHz:  15%)
CPU 3 idle residency:  69.67%
CPU 3 down residency:   0.00%

P0-Cluster Online: 100%
P0-Cluster HW active frequency: 3368 MHz
P0-Cluster HW active residency:  97.09% (702 MHz:   0% 948 MHz:   0% 1188 MHz:   0% 1452 MHz:   0% 1704 MHz:   0% 1968 MHz:   0% 2208 MHz:   0% 2400 MHz:   0% 2568 MHz:   0% 2724 MHz:   0% 2868 MHz:   0% 3000 MHz:   0% 3132 MHz:   0% 3264 MHz:  13% 3360 MHz:  47% 3408 MHz:  35% 3504 MHz: 2.4%)
P0-Cluster idle residency:   2.91%
P0-Cluster down residency:   0.00%
CPU 4 frequency: 3504 MHz
CPU 4 active residency:  70.61% (702 MHz:   0% 948 MHz:   0% 1188 MHz:   0% 1452 MHz:   0% 1704 MHz:   0% 1968 MHz:   0% 2208 MHz:   0% 2400 MHz:   0% 2568 MHz:   0% 2724 MHz:   0% 2868 MHz:   0% 3000 MHz:   0% 3132 MHz:   0% 3264 MHz:   0% 3360 MHz:   0% 3408 MHz:   0% 3504 MHz:  71%)
CPU 4 idle residency:  29.39%
CPU 4 down residency:   0.00%
CPU 5 frequency: 3504 MHz
CPU 5 active residency:  58.85% (702 MHz:   0% 948 MHz:   0% 1188 MHz:   0% 1452 MHz:   0% 1704 MHz:   0% 1968 MHz:   0% 2208 MHz:   0% 2400 MHz:   0% 2568 MHz:   0% 2724 MHz:   0% 2868 MHz:   0% 3000 MHz:   0% 3132 MHz:   0% 3264 MHz:   0% 3360 MHz:   0% 3408 MHz:   0% 3504 MHz:  59%)
CPU 5 idle residency:  41.15%
CPU 5 down residency:   0.00%
CPU 6 frequency: 3504 MHz
CPU 6 active residency:  41.72% (702 MHz:   0% 948 MHz:   0% 1188 MHz:   0% 1452 MHz:   0% 1704 MHz:   0% 1968 MHz:   0% 2208 MHz:   0% 2400 MHz:   0% 2568 MHz:   0% 2724 MHz:   0% 2868 MHz:   0% 3000 MHz:   0% 3132 MHz:   0% 3264 MHz:   0% 3360 MHz:   0% 3408 MHz:   0% 3504 MHz:  42%)
CPU 6 idle residency:  58.28%
CPU 6 down residency:   0.00%

P1-Cluster Online: 100%
P1-Cluster HW active frequency: 3404 MHz
P1-Cluster HW active residency:  84.82% (702 MHz:   0% 948 MHz:   0% 1188 MHz:   0% 1452 MHz:   0% 1704 MHz:   0% 1968 MHz:   0% 2208 MHz:   0% 2400 MHz:   0% 2568 MHz:   0% 2724 MHz:   0% 2868 MHz:   0% 3000 MHz:   0% 3132 MHz: .14% 3264 MHz:  16% 3360 MHz:  23% 3408 MHz:  14% 3504 MHz:  32%)
P1-Cluster idle residency:  15.18%
P1-Cluster down residency:   0.00%
CPU 7 frequency: 3504 MHz
CPU 7 active residency:  55.38% (702 MHz:   0% 948 MHz:   0% 1188 MHz:   0% 1452 MHz:   0% 1704 MHz:   0% 1968 MHz:   0% 2208 MHz:   0% 2400 MHz:   0% 2568 MHz:   0% 2724 MHz:   0% 2868 MHz:   0% 3000 MHz:   0% 3132 MHz:   0% 3264 MHz:   0% 3360 MHz:   0% 3408 MHz:   0% 3504 MHz:  55%)
CPU 7 idle residency:  44.62%
CPU 7 down residency:   0.00%
CPU 8 frequency: 3504 MHz
CPU 8 active residency:  45.39% (702 MHz:   0% 948 MHz:   0% 1188 MHz:   0% 1452 MHz:   0% 1704 MHz:   0% 1968 MHz:   0% 2208 MHz:   0% 2400 MHz:   0% 2568 MHz:   0% 2724 MHz:   0% 2868 MHz:   0% 3000 MHz:   0% 3132 MHz:   0% 3264 MHz:   0% 3360 MHz:   0% 3408 MHz:   0% 3504 MHz:  45%)
CPU 8 idle residency:  54.61%
CPU 8 down residency:   0.00%
CPU 9 frequency: 3504 MHz
CPU 9 active residency:  43.13% (702 MHz:   0% 948 MHz:   0% 1188 MHz:   0% 1452 MHz:   0% 1704 MHz:   0% 1968 MHz:   0% 2208 MHz:   0% 2400 MHz:   0% 2568 MHz:   0% 2724 MHz:   0% 2868 MHz:   0% 3000 MHz:   0% 3132 MHz:   0% 3264 MHz:   0% 3360 MHz:   0% 3408 MHz:   0% 3504 MHz:  43%)
CPU 9 idle residency:  56.87%
CPU 9 down residency:   0.00%

CPU Power: 12324 mW
GPU Power: 118 mW
ANE Power: 0 mW
Combined Power (CPU + GPU + ANE): 12442 mW

**** GPU usage ****

GPU HW active frequency: 508 MHz
GPU HW active residency:  13.16% (444 MHz:  11% 612 MHz: .54% 808 MHz: 1.3% 968 MHz: .56% 1110 MHz:   0% 1236 MHz:   0% 1338 MHz:   0% 1398 MHz:   0%)
GPU SW requested state: (P1 :  79% P2 : 6.6% P3 :  13% P4 : 1.0% P5 :   0% P6 :   0% P7 :   0% P8 :   0%)
GPU idle residency:  86.84%
GPU Power: 118 mW

